Date,open_adj,high_adj,low_adj,close_adj,volume
1990-01-02,4.729703,4.8119,4.65786,4.8119,1236907
1990-01-03,4.8119,4.837574,4.777564,4.777564,1705440
1990-01-04,4.777564,4.779148,4.705932,4.748298,1652822
1990-01-05,4.748298,4.749988,4.709735,4.715018,1533064
1990-01-08,4.715018,4.724315,4.683322,4.72347,1290307
1990-01-09,4.72347,4.740163,4.671489,4.673602,1487261
1990-01-10,4.673602,4.673602,4.573973,4.575875,1607466
1990-01-11,4.575875,4.611057,4.511427,4.511427,1485808
1990-01-12,4.511427,4.511427,4.403663,4.411903,1603109
1990-01-15,4.411903,4.423314,4.380102,4.38697,1207191
1990-01-16,4.38697,4.479626,4.326643,4.47783,1648800
1990-01-17,4.47783,4.519774,4.446874,4.450149,1554513
1990-01-18,4.450149,4.450572,4.401655,4.44941,1523009
1990-01-19,4.44941,4.540693,4.44941,4.519985,1699966
1990-01-22,4.519985,4.519985,4.392675,4.396373,1457768
1990-01-23,4.396373,4.437049,4.354429,4.384117,1580096
1990-01-24,4.384117,4.432083,4.347562,4.368586,1825757
1990-01-25,4.368586,4.433773,4.341645,4.34809,1457880
1990-01-26,4.34809,4.368692,4.252264,4.29463,1523121
1990-01-29,4.29463,4.327805,4.228598,4.269485,1324827
1990-01-30,4.269485,4.269485,4.156015,4.176512,1789226
1990-01-31,4.176512,4.267583,4.176512,4.267055,1653381
1990-02-01,4.267055,4.290404,4.237156,4.290404,1513402
1990-02-02,4.290404,4.368798,4.282903,4.344709,1508375
1990-02-05,4.344709,4.370488,4.333193,4.363198,1210431
1990-02-06,4.363198,4.367952,4.305829,4.333299,1337227
1990-02-07,4.333299,4.378201,4.287552,4.369854,1667904
1990-02-08,4.369854,4.428491,4.369854,4.379151,1564344
1990-02-09,4.379151,4.410847,4.372284,4.405564,1400123
1990-02-12,4.405564,4.406093,4.351682,4.371439,1262714
1990-02-13,4.371439,4.394999,4.339004,4.378201,1421349
1990-02-14,4.378201,4.40641,4.373658,4.396373,1558870
1990-02-15,4.396373,4.439584,4.371227,4.435886,1702312
1990-02-16,4.435886,4.446557,4.401655,4.402606,1343037
1990-02-20,4.402606,4.402606,4.296743,4.333087,1209649
1990-02-21,4.333087,4.341011,4.26452,4.326431,1341696
1990-02-22,4.326431,4.370911,4.310055,4.314598,1506699
1990-02-23,4.314598,4.314598,4.23462,4.263991,1309522
1990-02-26,4.263991,4.324847,4.255539,4.32379,1280253
1990-02-27,4.324318,4.367847,4.324318,4.348301,1461790
1990-02-28,4.348301,4.407572,4.344392,4.393309,1445591
1990-03-01,4.393309,4.437788,4.363938,4.418454,1499661
1990-03-02,4.418454,4.470012,4.414228,4.469906,1478770
1990-03-05,4.469906,4.481317,4.423525,4.445606,1240035
1990-03-06,4.445606,4.490297,4.388132,4.457651,1554513
1990-03-07,4.457651,4.476774,4.433351,4.440641,1871783
1990-03-08,4.440641,4.512801,4.429125,4.503081,1628021
1990-03-09,4.503081,4.524634,4.489663,4.518083,1509492
1990-03-12,4.518083,4.518295,4.477936,4.51185,1160048
1990-03-13,4.51185,4.522415,4.46885,4.469272,1381020
1990-03-14,4.469272,4.497481,4.452368,4.485331,1364933
1990-03-15,4.486071,4.524634,4.481633,4.510899,1437547
1990-03-16,4.523577,4.623312,4.523577,4.605563,1966629
1990-03-19,4.605563,4.651521,4.563302,4.645922,1445591
1990-03-20,4.645922,4.650887,4.56943,4.583693,1611152
1990-03-21,4.583693,4.60271,4.557808,4.560978,1464359
1990-03-22,4.560978,4.569536,4.46325,4.491036,1633495
1990-03-23,4.491036,4.551152,4.491036,4.532241,1460561
1990-03-26,4.532241,4.591088,4.532241,4.573339,1075591
1990-03-27,4.573339,4.605351,4.542383,4.595209,1194344
1990-03-28,4.595209,4.595209,4.505405,4.526747,1477541
1990-03-29,4.526747,4.534776,4.487444,4.503081,1387387
1990-03-30,4.503081,4.527486,4.473393,4.50382,1414646
1990-04-02,4.50382,4.50382,4.435147,4.493783,1244281
1990-04-03,4.493783,4.581263,4.493783,4.581263,1505358
1990-04-04,4.581263,4.600703,4.534142,4.553159,1545911
1990-04-05,4.553159,4.565309,4.51914,4.523154,1499661
1990-04-06,4.523154,4.536572,4.479943,4.489663,1525690
1990-04-09,4.489663,4.503926,4.464306,4.482056,1255340
1990-04-10,4.482056,4.522838,4.478464,4.505511,1446708
1990-04-11,4.505511,4.555695,4.505511,4.53298,1494969
1990-04-12,4.53298,4.589292,4.53298,4.565098,1579760
1990-04-16,4.565098,4.611691,4.565098,4.583693,1392526
1990-04-17,4.582742,4.582742,4.530339,4.574712,1524350
1990-04-18,4.574712,4.587285,4.496636,4.50382,1672931
1990-04-19,4.50382,4.50382,4.452262,4.455749,1627016
1990-04-20,4.455749,4.481,4.393731,4.408206,1679298
1990-04-23,4.40736,4.40736,4.305618,4.345026,1407496
1990-04-24,4.345026,4.39183,4.315443,4.326643,1416433
1990-04-25,4.326643,4.351471,4.320304,4.34397,1359682
1990-04-26,4.34397,4.375982,4.326326,4.348301,1295111
1990-04-27,4.348301,4.363832,4.28977,4.303611,1296005
1990-04-30,4.303611,4.353901,4.288819,4.348935,1181832
1990-05-01,4.348935,4.386441,4.348935,4.37482,1386717
1990-05-02,4.37482,4.409579,4.37482,4.40567,1600428
1990-05-03,4.40736,4.464095,4.40736,4.439267,1796934
1990-05-04,4.439267,4.495051,4.435252,4.494523,1528372
1990-05-07,4.494523,4.565309,4.494523,4.543651,1370630
1990-05-08,4.543651,4.556223,4.525796,4.546609,1495192
1990-05-09,4.546609,4.556857,4.524422,4.552103,1638076
1990-05-10,4.552103,4.586862,4.540165,4.581263,1591826
1990-05-11,4.581263,4.671806,4.577248,4.667475,1871895
1990-05-14,4.668108,4.768583,4.668108,4.730232,1979253
1990-05-15,4.730232,4.749777,4.696951,4.743544,1813468
1990-05-16,4.743544,4.758863,4.7016,4.756961,1703541
1990-05-17,4.757067,4.803025,4.757067,4.788974,1914905
1990-05-18,4.788974,4.838313,4.772175,4.828487,2138335
1990-05-21,4.828487,4.911001,4.828487,4.906775,1893232
1990-05-22,4.906775,4.959813,4.87994,4.920087,2124371
1990-05-23,4.920087,4.989289,4.904451,4.988021,2108507
1990-05-24,4.988021,5.025316,4.982739,5.008624,1947526
1990-05-25,5.007673,5.007673,4.902338,4.906458,1700189
1990-05-29,4.906458,4.986542,4.902655,4.983373,1496980
1990-05-30,4.983373,5.027429,4.970695,4.994255,1891892
1990-05-31,4.994255,5.017815,4.960975,4.989923,1756829
1990-06-01,4.989923,5.043171,4.989923,5.026584,1877481
1990-06-04,5.026584,5.076769,4.98538,5.073599,1588251
1990-06-05,5.073599,5.091771,5.007673,5.025739,1937807
1990-06-06,5.025739,5.045602,5.001017,5.030176,1748562
1990-06-07,5.030176,5.062506,4.98538,5.016019,1687342
1990-06-08,5.016019,5.016019,4.926638,4.959918,1540549
1990-06-11,4.959918,5.00725,4.918186,5.006827,1253665
1990-06-12,5.006827,5.075607,5.004292,5.073599,1824193
1990-06-13,5.073599,5.131391,5.072965,5.114697,1827097
1990-06-14,5.114697,5.115966,5.055744,5.082157,1733480
1990-06-15,5.082157,5.100118,5.060921,5.087862,1882396
1990-06-18,5.087862,5.087862,4.992881,5.001756,1761185
1990-06-19,5.001756,5.013589,4.964355,5.003129,1597300
1990-06-20,5.003129,5.037149,4.980731,5.01454,1654386
1990-06-21,5.01454,5.034508,4.98855,5.032078,1611934
1990-06-22,5.032078,5.062189,4.980203,4.98126,1871672
1990-06-25,4.98126,4.998058,4.916284,4.921566,1268634
1990-06-26,4.921566,4.978407,4.914594,4.922095,1470392
1990-06-27,4.922095,4.97566,4.897161,4.964567,1535521
1990-06-28,4.971117,5.023309,4.971117,5.016653,1662541
1990-06-29,5.018238,5.048665,5.018238,5.038734,1774144
1990-07-02,5.038734,5.048137,5.020034,5.037889,1275226
1990-07-03,5.037889,5.037889,5.004186,5.032923,1463689
1990-07-05,5.032923,5.032923,4.991191,5.014223,1092125
1990-07-06,5.014223,5.044439,4.983373,5.03884,1132789
1990-07-09,5.03884,5.075184,5.034297,5.062823,1323822
1990-07-10,5.062823,5.080678,5.029754,5.04296,1589368
1990-07-11,5.04296,5.088707,5.011899,5.087651,1776602
1990-07-12,5.087651,5.147027,5.069796,5.143646,1717058
1990-07-13,5.143646,5.207988,5.137413,5.171433,1794030
1990-07-16,5.171433,5.215278,5.161079,5.20186,1542448
1990-07-17,5.20186,5.206297,5.091032,5.103498,1874688
1990-07-18,5.103498,5.103498,5.014751,5.033663,1776155
1990-07-19,5.033663,5.033663,4.926321,4.995206,2039467
1990-07-20,4.995206,5.025211,4.905085,4.91153,1950319
1990-07-23,4.91153,4.91153,4.740903,4.80461,1886641
1990-07-24,4.80461,4.844547,4.691774,4.785699,1793024
1990-07-25,4.785699,4.852259,4.785699,4.833876,1581883
1990-07-26,4.833876,4.840426,4.777669,4.800807,1519993
1990-07-27,4.800807,4.800807,4.753792,4.767738,1360688
1990-07-30,4.767738,4.767738,4.677406,4.731499,1345494
1990-07-31,4.731499,4.751362,4.68945,4.720195,1509827
1990-08-01,4.720195,4.746396,4.683639,4.71449,1440899
1990-08-02,4.714067,4.714067,4.589081,4.626904,1637070
1990-08-03,4.626904,4.626904,4.323579,4.49241,2269712
1990-08-06,4.49241,4.49241,4.24434,4.256807,1952888
1990-08-07,4.256807,4.36436,4.256807,4.282163,1848547
1990-08-08,4.282163,4.353478,4.282163,4.34397,1618190
1990-08-09,4.34397,4.434724,4.34397,4.418876,1451512
1990-08-10,4.418876,4.425955,4.322311,4.357704,1251542
1990-08-13,4.357704,4.392569,4.293785,4.382849,979069
1990-08-14,4.382849,4.423419,4.370277,4.401338,1200824
1990-08-15,4.401338,4.455749,4.394682,4.40493,1175688
1990-08-16,4.40493,4.40493,4.272126,4.272338,1283604
1990-08-17,4.272338,4.272338,4.099914,4.159396,1641651
1990-08-20,4.159396,4.182322,4.071811,4.080263,1289972
1990-08-21,4.080263,4.080263,3.890302,3.977887,1859941
1990-08-22,3.977887,4.042968,3.909002,3.909425,1632155
1990-08-23,3.909425,3.909425,3.741227,3.767429,2265131
1990-08-24,3.767429,3.91027,3.767429,3.908368,1799504
1990-08-27,3.908368,4.117875,3.908368,4.098752,1445591
1990-08-28,4.098752,4.141224,4.07889,4.118403,1316002
1990-08-29,4.118403,4.118403,4.061774,4.076143,1319018
1990-08-30,4.076143,4.103401,4.026804,4.030079,1187529
1990-08-31,4.030079,4.092941,3.999968,4.091145,892044
1990-09-04,4.091145,4.117558,4.042651,4.115022,872940
1990-09-05,4.115022,4.1389,4.083644,4.095371,994821
1990-09-06,4.095371,4.095371,4.005568,4.028917,1102961
1990-09-07,4.028917,4.067796,3.977992,4.052794,1152451
1990-09-10,4.052794,4.138794,4.052794,4.070754,1075368
1990-09-11,4.070754,4.074769,4.004934,4.03515,1117931
1990-09-12,4.03515,4.073396,4.016027,4.064521,1100057
1990-09-13,4.064521,4.093575,3.997221,4.008843,1180268
1990-09-14,4.008843,4.010427,3.96225,4.004617,1156138
1990-09-17,4.004617,4.023528,3.971548,4.006413,1050344
1990-09-18,4.006413,4.006413,3.946086,4.002715,1285503
1990-09-19,4.002715,4.033882,3.982853,3.988874,1350298
1990-09-20,3.988874,3.988874,3.88111,3.887555,1205627
1990-09-21,3.887555,3.906255,3.833038,3.871073,1387946
1990-09-24,3.871073,3.871073,3.724746,3.752849,1282822
1990-09-25,3.752849,3.81867,3.748517,3.818459,1228082
1990-09-26,3.818459,3.823319,3.752427,3.79194,1326168
1990-09-27,3.79194,3.838004,3.656706,3.680689,1712366
1990-09-28,3.680689,3.741861,3.57789,3.741227,1759621
1990-10-01,3.741227,3.907946,3.741227,3.903508,1389510
1990-10-02,3.903719,3.994791,3.903719,3.907417,1517200
1990-10-03,3.907417,3.907417,3.804196,3.814127,1184513
1990-10-04,3.814127,3.816663,3.759188,3.792785,1172895
1990-10-05,3.792785,3.817719,3.690092,3.768908,1224842
1990-10-08,3.768908,3.820149,3.768908,3.794264,836856
1990-10-09,3.794264,3.794264,3.656601,3.66875,1224172
1990-10-10,3.66875,3.66875,3.575249,3.580848,1352197
1990-10-11,3.580848,3.598598,3.457025,3.490622,1573504
1990-10-12,3.490622,3.542285,3.434732,3.52274,1478323
1990-10-15,3.52274,3.582433,3.489248,3.578418,1164293
1990-10-16,3.578418,3.586659,3.485762,3.496855,1308517
1990-10-17,3.496855,3.559929,3.469914,3.534467,1360464
1990-10-18,3.534467,3.646669,3.533411,3.642443,1556077
1990-10-19,3.642443,3.723055,3.642443,3.689775,1777496
1990-10-22,3.689775,3.795215,3.671709,3.773134,1281035
1990-10-23,3.773134,3.806203,3.747461,3.769647,1341473
1990-10-24,3.769647,3.774085,3.721576,3.771127,1415763
1990-10-25,3.771127,3.794793,3.711222,3.747249,1166192
1990-10-26,3.747249,3.747249,3.675618,3.681112,1133906
1990-10-29,3.681112,3.701502,3.616981,3.629237,1030347
1990-10-30,3.629237,3.659136,3.58761,3.655438,1217804
1990-10-31,3.655438,3.688401,3.633357,3.646141,1326950
1990-11-01,3.646141,3.660298,3.610748,3.653114,1205962
1990-11-02,3.653114,3.743763,3.648888,3.737213,1258468
1990-11-05,3.737213,3.818142,3.737213,3.813176,1105978
1990-11-06,3.813176,3.857972,3.79923,3.80895,1237019
1990-11-07,3.80895,3.80895,3.731824,3.741756,1226630
1990-11-08,3.741756,3.785284,3.723055,3.754962,1194344
1990-11-09,3.754962,3.850788,3.754962,3.850788,1266288
1990-11-12,3.850788,3.990988,3.850788,3.986656,1332759
1990-11-13,3.986656,4.032614,3.968167,4.012118,1378227
1990-11-14,4.012118,4.071177,3.996481,4.066528,1461343
1990-11-15,4.066528,4.066528,3.985705,4.005251,1317901
1990-11-16,4.005251,4.005251,3.870228,3.908263,1474302
1990-11-19,3.908263,3.961828,3.908263,3.952213,1209426
1990-11-20,3.952213,3.962884,3.868326,3.873503,1415204
1990-11-21,3.873503,3.892203,3.853324,3.886604,1303378
1990-11-23,3.886604,3.914496,3.885125,3.893894,775525
1990-11-26,3.893894,3.913651,3.841491,3.911643,946560
1990-11-27,3.911643,4.001025,3.911643,3.997327,1280253
1990-11-28,3.997327,4.050153,3.997327,4.008315,1436542
1990-11-29,4.008315,4.039376,3.978838,4.038214,1275672
1990-11-30,4.038214,4.079312,3.993418,4.069275,1466593
1990-12-03,4.07086,4.130025,4.07086,4.110374,1383142
1990-12-04,4.110374,4.136892,4.077411,4.133195,1394761
1990-12-05,4.133195,4.211905,4.118192,4.20546,1654274
1990-12-06,4.20546,4.299701,4.192571,4.21518,2116327
1990-12-07,4.21518,4.22004,4.164256,4.212222,1391744
1990-12-10,4.212222,4.219829,4.178519,4.214229,1242828
1990-12-11,4.214229,4.214229,4.145556,4.153268,1437771
1990-12-12,4.153268,4.18433,4.1202,4.18433,1366273
1990-12-13,4.18433,4.196163,4.162988,4.184436,1363145
1990-12-14,4.184436,4.184753,4.114494,4.144394,1334993
1990-12-17,4.144394,4.144394,4.086074,4.121573,1249755
1990-12-18,4.121573,4.214758,4.121573,4.210003,1474413
1990-12-19,4.210532,4.24265,4.203453,4.234831,1633384
1990-12-20,4.234831,4.272444,4.178308,4.258075,1870108
1990-12-21,4.258075,4.28977,4.244763,4.284276,1649024
1990-12-24,4.284276,4.284276,4.240537,4.251841,493892
1990-12-26,4.251841,4.273817,4.228598,4.238107,808481
1990-12-27,4.238107,4.250785,4.196797,4.208313,1147536
1990-12-28,4.208313,4.217188,4.184541,4.213807,1478323
1990-12-31,4.213807,4.237261,4.191937,4.237261,1439670
1991-01-02,4.237261,4.242967,4.205777,4.221097,1028001
1991-01-03,4.221097,4.221836,4.144922,4.149888,1210878
1991-01-04,4.149888,4.185386,4.134568,4.158974,1159936
1991-01-07,4.158974,4.158974,4.061563,4.064416,1222831
1991-01-08,4.064416,4.081425,4.033671,4.058922,1248191
1991-01-09,4.058922,4.171863,4.039376,4.050364,1628580
1991-01-10,4.050364,4.148831,4.050364,4.143232,1230428
1991-01-11,4.143232,4.15031,4.111536,4.145662,1202611
1991-01-14,4.145662,4.145662,4.047511,4.094421,1137369
1991-01-15,4.094421,4.132561,4.072023,4.12749,1145860
1991-01-16,4.12749,4.290827,4.12749,4.288502,1364709
1991-01-17,4.288502,4.515864,4.288502,4.421729,2372266
1991-01-18,4.421729,4.471702,4.344603,4.468955,1549039
1991-01-21,4.468955,4.539214,4.415707,4.529599,1083188
1991-01-22,4.529599,4.540059,4.470223,4.479098,1465476
1991-01-23,4.479098,4.566472,4.453002,4.560555,1495192
1991-01-24,4.560555,4.662192,4.560555,4.644126,1972438
1991-01-25,4.644126,4.69262,4.627433,4.670116,1773921
1991-01-28,4.670116,4.722519,4.649408,4.696001,1435537
1991-01-29,4.696001,4.745129,4.670539,4.743121,1698737
1991-01-30,4.743121,4.844969,4.726323,4.844652,2264014
1991-01-31,4.844652,4.916495,4.833665,4.911213,1980258
1991-02-01,4.911213,4.987071,4.886913,4.954002,1879268
1991-02-04,4.954002,5.01623,4.92611,5.005137,2077227
1991-02-05,5.005137,5.10783,4.992881,5.104344,2329367
1991-02-06,5.104344,5.229646,5.077719,5.220349,2453148
1991-02-07,5.220349,5.267681,5.104767,5.143646,2743718
1991-02-08,5.143646,5.179356,5.103815,5.165833,1878933
1991-02-11,5.165833,5.272858,5.165833,5.267892,2064938
1991-02-12,5.267892,5.292192,5.229752,5.244543,2242565
1991-02-13,5.244543,5.290502,5.210207,5.289657,1972662
1991-02-14,5.289657,5.318816,5.165622,5.189393,2141240
1991-02-15,5.189393,5.266624,5.189288,5.247396,1731916
1991-02-19,5.247396,5.305082,5.230492,5.299799,1484579
1991-02-20,5.283529,5.283529,5.22542,5.235246,1589033
1991-02-21,5.235246,5.265251,5.211791,5.216123,1595401
1991-02-22,5.216123,5.342799,5.213165,5.253735,1977466
1991-02-25,5.253735,5.336143,5.248875,5.283423,1667457
1991-02-26,5.283423,5.283423,5.206086,5.236197,1457433
1991-02-27,5.236197,5.283846,5.21232,5.276556,1808888
1991-02-28,5.276556,5.310998,5.242853,5.285008,1915464
1991-03-01,5.285008,5.343222,5.235986,5.333079,1793359
1991-03-04,5.333079,5.36562,5.308251,5.353998,1673378
1991-03-05,5.353998,5.55685,5.353998,5.539945,2512245
1991-03-06,5.540051,5.649929,5.540051,5.560441,3162426
1991-03-07,5.560441,5.608936,5.525471,5.590341,2143697
1991-03-08,5.590341,5.651513,5.553151,5.554313,2099235
1991-03-11,5.554313,5.554313,5.382947,5.392033,1801403
1991-03-12,5.392033,5.392033,5.289234,5.296735,1815479
1991-03-13,5.296735,5.437674,5.296735,5.431969,1820394
1991-03-14,5.431969,5.497896,5.379883,5.405028,2227707
1991-03-15,5.405028,5.4232,5.336777,5.380411,1761967
1991-03-18,5.380411,5.429328,5.342588,5.401436,1544905
1991-03-19,5.401436,5.401436,5.276239,5.36393,1668350
1991-03-20,5.36393,5.416756,5.345546,5.411261,1803525
1991-03-21,5.411261,5.462608,5.325578,5.345335,2311605
1991-03-22,5.345335,5.357908,5.310259,5.330544,1877704
1991-03-25,5.330544,5.428377,5.329698,5.404605,1659748
1991-03-26,5.404605,5.596046,5.404605,5.59256,2144591
1991-03-27,5.59256,5.661444,5.592454,5.63239,2171514
1991-03-28,5.63239,5.653204,5.596363,5.597525,2058906
1991-04-01,5.597525,5.60154,5.551567,5.590975,1409730
1991-04-02,5.590975,5.787276,5.590975,5.786536,2230165
1991-04-03,5.786536,5.853308,5.786536,5.814005,2567320
1991-04-04,5.814005,5.908775,5.795622,5.859119,2414271
1991-04-05,5.859119,5.893772,5.787592,5.820133,2237203
1991-04-08,5.820133,5.832072,5.788966,5.824676,1663770
1991-04-09,5.824676,5.862816,5.75632,5.767202,1904404
1991-04-10,5.767202,5.803018,5.694725,5.727688,1929316
1991-04-11,5.727688,5.89187,5.727688,5.883736,2210950
1991-04-12,5.883736,5.921981,5.829007,5.899688,2076222
1991-04-15,5.899688,5.899688,5.803123,5.880355,1874576
1991-04-16,5.880355,5.963502,5.865035,5.959382,2496270
1991-04-17,5.959382,6.044325,5.959382,5.988014,2989044
1991-04-18,5.988014,5.988964,5.868627,5.869578,2854651
1991-04-19,5.869578,5.869578,5.776077,5.789811,2435497
1991-04-22,5.789811,5.789811,5.682046,5.733182,1714154
1991-04-23,5.733182,5.802806,5.716806,5.750508,1804754
1991-04-24,5.750508,5.814956,5.742268,5.80101,1767665
1991-04-25,5.80101,5.811892,5.742585,5.746705,1894461
1991-04-26,5.746705,5.746705,5.676236,5.732653,1666786
1991-04-29,5.732653,5.763081,5.621403,5.623727,1567360
1991-04-30,5.623727,5.624994,5.480146,5.571112,2250720
1991-05-01,5.571112,5.583579,5.487331,5.583051,2068848
1991-05-02,5.583051,5.667044,5.583051,5.631545,1952665
1991-05-03,5.631545,5.647182,5.599533,5.644117,1587581
1991-05-06,5.644117,5.650351,5.602914,5.648766,1335887
1991-05-07,5.648766,5.699584,5.620346,5.62584,1753142
1991-05-08,5.62584,5.663875,5.600061,5.64528,1770793
1991-05-09,5.64528,5.745015,5.64528,5.731386,2006623
1991-05-10,5.731386,5.781253,5.665142,5.677926,1769006
1991-05-13,5.677926,5.718602,5.644963,5.683842,1407608
1991-05-14,5.683842,5.683842,5.596469,5.622565,1731916
1991-05-15,5.622565,5.622565,5.420876,5.453944,2086164
1991-05-16,5.453944,5.535719,5.453944,5.508567,1723426
1991-05-17,5.508567,5.512792,5.454684,5.503707,1633272
1991-05-20,5.503707,5.520505,5.447923,5.464721,1400793
1991-05-21,5.464721,5.546073,5.464721,5.5204,1859606
1991-05-22,5.5204,5.632179,5.5204,5.614113,1806989
1991-05-23,5.614113,5.66155,5.614113,5.645491,1908649
1991-05-24,5.645491,5.705712,5.645491,5.694725,1429951
1991-05-28,5.694725,5.777767,5.694725,5.776499,1411294
1991-05-29,5.776499,5.825204,5.765511,5.797312,1649247
1991-05-30,5.797312,5.876762,5.781359,5.858167,1682538
1991-05-31,5.858167,5.895357,5.817492,5.895357,1758169
1991-06-03,5.895357,5.946493,5.853942,5.936244,1588139
1991-06-04,5.936244,5.944379,5.887433,5.940365,1755600
1991-06-05,5.940365,5.940365,5.850033,5.860809,1768559
1991-06-06,5.860809,5.871691,5.786958,5.794143,1804531
1991-06-07,5.794143,5.794143,5.679933,5.717229,1629027
1991-06-10,5.717229,5.739521,5.665459,5.670847,1271427
1991-06-11,5.670847,5.726526,5.666833,5.689442,1567584
1991-06-12,5.689442,5.689442,5.562343,5.605661,1752919
1991-06-13,5.605661,5.632496,5.575444,5.595095,1426599
1991-06-14,5.595095,5.672538,5.595095,5.658697,1508151
1991-06-17,5.658697,5.700853,5.645491,5.653838,1302596
1991-06-18,5.653838,5.672643,5.594567,5.609675,1624558
1991-06-19,5.609675,5.609675,5.494198,5.499586,1684996
1991-06-20,5.499586,5.519132,5.449613,5.505714,1607801
1991-06-21,5.505714,5.535508,5.482999,5.499798,1688347
1991-06-24,5.499798,5.499798,5.298214,5.301278,1386605
1991-06-25,5.301278,5.374917,5.292298,5.303602,1441457
1991-06-26,5.303602,5.349138,5.278035,5.334347,1524685
1991-06-27,5.334347,5.400379,5.334242,5.393618,1551832
1991-06-28,5.393618,5.409571,5.305927,5.37122,1791125
1991-07-01,5.37122,5.492296,5.37122,5.475286,1362140
1991-07-02,5.475286,5.475286,5.40693,5.411261,1525355
1991-07-03,5.411261,5.411261,5.308146,5.333819,1396660
1991-07-05,5.333819,5.358119,5.310998,5.32431,628508
1991-07-08,5.32431,5.474336,5.282472,5.471271,1360576
1991-07-09,5.471271,5.554631,5.471271,5.50825,1692257
1991-07-10,5.50825,5.609464,5.50825,5.56414,1917139
1991-07-11,5.56414,5.581466,5.537832,5.575021,1564344
1991-07-12,5.575021,5.657113,5.559385,5.651091,1736832
1991-07-15,5.651091,5.689759,5.638518,5.681941,1541107
1991-07-16,5.681941,5.700535,5.588439,5.588439,1753365
1991-07-17,5.588439,5.588439,5.530437,5.565302,1797940
1991-07-18,5.565302,5.64042,5.565302,5.625628,1918480
1991-07-19,5.625628,5.66398,5.616226,5.640208,1977354
1991-07-22,5.640208,5.640208,5.569211,5.585587,1428945
1991-07-23,5.585587,5.6064,5.478984,5.479513,1616515
1991-07-24,5.479513,5.504658,5.448451,5.448557,1645002
1991-07-25,5.448557,5.527478,5.448557,5.519238,1505247
1991-07-26,5.519238,5.594672,5.519238,5.583051,1391521
1991-07-29,5.583051,5.594778,5.537727,5.591609,1359235
1991-07-30,5.591609,5.691555,5.591609,5.69071,1700971
1991-07-31,5.69071,5.754735,5.685322,5.75072,1791013
1991-08-01,5.75072,5.805976,5.739309,5.794776,1788556
1991-08-02,5.794776,5.857745,5.794776,5.820767,1658855
1991-08-05,5.820767,5.820767,5.749875,5.750826,1308070
1991-08-06,5.750826,5.81073,5.737408,5.805342,1672596
1991-08-07,5.805342,5.850138,5.804074,5.843377,1980370
1991-08-08,5.843377,5.911627,5.843377,5.890286,1805201
1991-08-09,5.890286,5.919446,5.857851,5.877502,1572722
1991-08-12,5.877502,5.935504,5.85447,5.92177,1274332
1991-08-13,5.92177,5.995304,5.92177,5.968679,1863628
1991-08-14,5.968679,6.017702,5.968679,6.016328,1214676
1991-08-15,6.016328,6.026893,5.949345,5.954733,1781629
1991-08-16,5.954733,5.968891,5.867993,5.906134,1509268
1991-08-19,5.906134,5.906134,5.568893,5.746599,1805201
1991-08-20,5.746599,5.830698,5.746599,5.793932,1624670
1991-08-21,5.793932,6.044643,5.793932,6.044643,2153305
1991-08-22,6.044643,6.057638,5.989598,6.012736,1759063
1991-08-23,6.012736,6.079508,5.971532,6.059645,1922837
1991-08-26,6.059645,6.059645,6.015589,6.058061,1254335
1991-08-27,6.058061,6.072429,6.006713,6.059645,1560322
1991-08-28,6.059645,6.135292,6.050453,6.125149,1850669
1991-08-29,6.125149,6.147125,6.080036,6.097997,1774033
1991-08-30,6.097997,6.107188,6.044325,6.072957,1445591
1991-09-03,6.072957,6.0831,6.003438,6.007981,1500666
1991-09-04,6.007981,6.030802,5.931067,5.954839,1721192
1991-09-05,5.954839,5.979456,5.924094,5.932018,1870331
1991-09-06,5.932018,5.960227,5.910677,5.915748,1668239
1991-09-09,5.915748,5.949873,5.901696,5.944802,1182502
1991-09-10,5.944802,5.961389,5.839362,5.840101,1639751
1991-09-11,5.840101,5.923566,5.838834,5.909197,1695832
1991-09-12,5.909197,6.034078,5.909197,6.03376,1930434
1991-09-13,6.03376,6.041156,5.890603,5.905816,1861505
1991-09-16,5.905816,5.914268,5.846968,5.886377,1536862
1991-09-17,5.886377,5.897893,5.841792,5.876128,1865192
1991-09-18,5.876128,5.951141,5.840101,5.938357,1488601
1991-09-19,5.938357,6.032176,5.938357,5.990655,2311940
1991-09-20,5.990655,6.087431,5.990655,6.056687,2530454
1991-09-23,6.056687,6.056687,5.993613,6.019286,1774703
1991-09-24,6.019286,6.076232,5.997416,6.071689,2008075
1991-09-25,6.071689,6.120395,6.061652,6.106449,1989866
1991-09-26,6.106449,6.116803,6.046544,6.083734,1925295
1991-09-27,6.083734,6.136982,6.017807,6.042001,1880162
1991-09-30,6.042001,6.078451,6.003967,6.075704,1575515
1991-10-01,6.075704,6.109935,6.052989,6.093348,1817378
1991-10-02,6.093348,6.101695,6.021399,6.023407,2006511
1991-10-03,6.023407,6.023407,5.913634,5.925151,2003830
1991-10-04,5.925151,5.980829,5.911205,5.92737,1689465
1991-10-07,5.92737,5.92737,5.876551,5.893138,1495304
1991-10-08,5.893138,5.917544,5.860386,5.917015,1775820
1991-10-09,5.917015,5.92103,5.842743,5.842743,1847765
1991-10-10,5.842743,5.91691,5.842743,5.897787,1863405
1991-10-11,5.897787,5.95991,5.897787,5.948183,1619978
1991-10-14,5.948183,6.068626,5.948183,6.067886,1307958
1991-10-15,6.067886,6.197732,6.067886,6.197732,1987743
1991-10-16,6.197732,6.291868,6.192661,6.289543,2494929
1991-10-17,6.289543,6.289543,6.158324,6.179877,2534141
1991-10-18,6.179877,6.22573,6.179877,6.193505,2369808
1991-10-21,6.193505,6.197943,6.132017,6.145962,1766660
1991-10-22,6.145962,6.205973,6.143321,6.144378,2012321
1991-10-23,6.144378,6.167092,6.089439,6.11395,2231617
1991-10-24,6.11395,6.114901,6.00291,6.035873,2227148
1991-10-25,6.035873,6.035873,5.970687,5.97861,1943281
1991-10-28,5.97861,6.052355,5.97861,6.051193,1630032
1991-10-29,6.051193,6.129586,6.042847,6.129586,2037121
1991-10-30,6.129586,6.244747,6.129586,6.227526,2263232
1991-10-31,6.227526,6.234393,6.156527,6.180722,2552909
1991-11-01,6.180722,6.191499,6.099264,6.127896,2294848
1991-11-04,6.127896,6.127896,6.051721,6.063026,1729347
1991-11-05,6.063026,6.136348,6.052038,6.107716,1977130
1991-11-06,6.107716,6.144272,6.081832,6.115746,2135766
1991-11-07,6.115746,6.196358,6.115746,6.18854,2413936
1991-11-08,6.18854,6.264504,6.187589,6.245063,2361988
1991-11-11,6.245063,6.308138,6.245063,6.293558,1716276
1991-11-12,6.293558,6.390652,6.293558,6.380615,2397625
1991-11-13,6.380615,6.404808,6.30782,6.398892,2329144
1991-11-14,6.398892,6.435236,6.334551,6.361175,2463649
1991-11-15,6.361175,6.361175,6.010834,6.011996,2854092
1991-11-18,6.011996,6.110992,5.965932,6.097997,2537604
1991-11-19,6.097997,6.097997,5.872114,6.00925,2453594
1991-11-20,6.00925,6.0775,5.998685,6.02647,1931662
1991-11-21,6.02647,6.101695,6.021822,6.098419,2110406
1991-11-22,6.098419,6.114478,5.992767,6.050031,1866533
1991-11-25,6.050031,6.062181,5.979667,5.980195,1589927
1991-11-26,5.980195,6.029112,5.900006,6.003756,1930322
1991-11-27,6.003756,6.031542,5.990866,6.026893,1501560
1991-11-29,6.026893,6.04105,5.991077,6.017702,740782
1991-12-02,6.017702,6.211044,5.939625,6.210832,1630032
1991-12-03,6.210832,6.229216,6.177869,6.21115,1858713
1991-12-04,6.21115,6.252882,6.188752,6.235766,1868879
1991-12-05,6.235766,6.278027,6.192555,6.21939,1906191
1991-12-06,6.21939,6.295459,6.176285,6.257531,1919597
1991-12-09,6.257531,6.324408,6.238302,6.249712,1735938
1991-12-10,6.249712,6.275491,6.198999,6.26144,1760850
1991-12-11,6.26144,6.326732,6.179243,6.230061,1948755
1991-12-12,6.230061,6.301587,6.230061,6.296305,1877592
1991-12-13,6.296305,6.384207,6.296305,6.367197,1996345
1991-12-16,6.367197,6.41231,6.342157,6.402907,1657849
1991-12-17,6.402907,6.404386,6.313843,6.315533,2135095
1991-12-18,6.315533,6.341418,6.277816,6.330852,1974896
1991-12-19,6.330852,6.330852,6.215164,6.223511,1950319
1991-12-20,6.223511,6.326627,6.223511,6.250769,2114316
1991-12-23,6.250769,6.411782,6.242,6.408718,2059129
1991-12-24,6.408718,6.53793,6.408718,6.488802,1490835
1991-12-26,6.488802,6.647068,6.488802,6.628156,1488936
1991-12-27,6.628156,6.728737,6.628156,6.693554,1825086
1991-12-30,6.693554,6.904012,6.693554,6.904012,2503308
1991-12-31,6.904012,7.027519,6.873796,6.99107,2876212
1992-01-02,6.99107,7.044106,6.815793,7.044106,2026285
1992-01-03,7.044106,7.085839,7.002374,7.074957,2392933
1992-01-06,7.074957,7.139298,7.062173,7.118696,2655687
1992-01-07,7.118696,7.185046,7.044635,7.176805,2929723
1992-01-08,7.176805,7.310771,7.112357,7.274955,3520472
1992-01-09,7.274955,7.442096,7.274955,7.402371,3662238
1992-01-10,7.402371,7.402371,7.239456,7.334542,2898220
1992-01-13,7.334542,7.367189,7.269145,7.358948,2367239
1992-01-14,7.358948,7.451604,7.337183,7.450337,2994630
1992-01-15,7.450337,7.528519,7.410401,7.513833,3276375
1992-01-16,7.513833,7.558313,7.436074,7.436074,3376695
1992-01-17,7.436074,7.487526,7.38684,7.389904,3155834
1992-01-20,7.389904,7.392968,7.217269,7.222552,2342550
1992-01-21,6.995401,6.995401,6.931588,6.931588,2965360
1992-01-22,7.013468,7.317955,7.013468,7.31785,2805943
1992-01-23,7.31785,7.409555,7.262911,7.312673,3065122
1992-01-24,7.312673,7.349334,7.257206,7.299572,2691659
1992-01-27,7.299572,7.30496,7.194449,7.194449,2194639
1992-01-28,7.194449,7.244104,7.140883,7.202161,3585602
1992-01-29,7.202161,7.321759,7.12588,7.127043,2773211
1992-01-30,7.127043,7.211564,7.101053,7.150181,2415276
1992-01-31,7.209557,7.214945,7.138453,7.148701,2526544
1992-02-03,7.148701,7.229419,7.119225,7.213466,2174084
1992-02-04,7.213466,7.340987,7.213466,7.330422,2526433
1992-02-05,7.330422,7.435757,7.330422,7.413781,3017531
1992-02-06,7.413781,7.457521,7.348488,7.375958,2728190
1992-02-07,7.375958,7.419486,7.270517,7.328098,2659373
1992-02-10,7.328098,7.328098,7.253613,7.294923,2140458
1992-02-11,7.294923,7.316265,7.239773,7.277385,2394386
1992-02-12,7.277385,7.521863,7.25784,7.521863,2831414
1992-02-13,7.521863,7.528307,7.381452,7.391594,2424213
1992-02-14,7.391594,7.391594,7.315208,7.325774,2304567
1992-02-18,7.325774,7.336021,7.153562,7.153562,2443205
1992-02-19,7.153562,7.154618,7.052664,7.143313,2775445
1992-02-20,7.143313,7.311616,7.143313,7.297036,2760364
1992-02-21,7.297036,7.325034,7.203323,7.234808,2757682
1992-02-24,7.234808,7.257945,7.136657,7.162436,1931774
1992-02-25,7.162436,7.170677,7.035866,7.149018,2172855
1992-02-26,7.149018,7.353982,7.149018,7.349334,2514591
1992-02-27,7.349334,7.414415,7.338135,7.340459,2296188
1992-02-28,7.340459,7.381029,7.263122,7.308552,2286134
1992-03-02,7.308552,7.342361,7.265764,7.324506,1976684
1992-03-03,7.324506,7.361695,7.299677,7.304854,2285128
1992-03-04,7.304854,7.318589,7.218325,7.218325,2379081
1992-03-05,7.218325,7.218325,7.097883,7.131903,2479177
1992-03-06,7.131903,7.147645,6.996246,7.036394,2156880
1992-03-09,7.036394,7.084043,7.036288,7.04305,1811122
1992-03-10,7.04305,7.200999,7.04305,7.191068,2240554
1992-03-11,7.191068,7.192758,7.06735,7.079606,2146602
1992-03-12,7.079606,7.091967,6.994767,7.075062,2117333
1992-03-13,7.075062,7.154196,7.075062,7.109716,1850111
1992-03-16,7.109716,7.154301,7.070836,7.147856,1573504
1992-03-17,7.147856,7.255515,7.147856,7.246007,1941270
1992-03-18,7.246007,7.289958,7.236604,7.239773,2002713
1992-03-19,7.239773,7.285415,7.234279,7.238188,2122248
1992-03-20,7.238188,7.24907,7.18568,7.202584,2139340
1992-03-23,7.202584,7.208923,7.162436,7.163915,1662988
1992-03-24,7.163915,7.210825,7.08362,7.119542,2088175
1992-03-25,7.119542,7.154406,7.077703,7.134755,2144368
1992-03-26,7.134755,7.179446,7.024455,7.042628,1960597
1992-03-27,7.042628,7.042628,6.7991,6.85087,2278537
1992-03-30,6.85087,6.90211,6.798678,6.811356,1722756
1992-03-31,6.811356,6.895032,6.764975,6.826147,2145485
1992-04-01,6.826147,6.85256,6.736027,6.844425,2012767
1992-04-02,6.844425,6.863442,6.704543,6.712361,2174419
1992-04-03,6.712361,6.741203,6.646117,6.685314,2166487
1992-04-06,6.685314,6.866929,6.685314,6.857842,1710579
1992-04-07,6.857842,6.893342,6.608611,6.612836,2346683
1992-04-08,6.612836,6.612836,6.438617,6.568358,2719923
1992-04-09,6.568358,6.757263,6.568358,6.751874,2220334
1992-04-10,6.751874,6.815159,6.606709,6.61347,1957357
1992-04-13,6.61347,6.701478,6.592869,6.701478,1430174
1992-04-14,6.701478,6.866189,6.701478,6.773321,2185144
1992-04-15,6.773321,6.905175,6.773321,6.889961,2441753
1992-04-16,6.889961,6.890595,6.738562,6.745535,2217317
1992-04-20,6.745535,6.745535,6.445696,6.505495,1989084
1992-04-21,6.505495,6.537296,6.42858,6.457952,2254183
1992-04-22,6.457952,6.563075,6.443266,6.540677,2221898
1992-04-23,6.540677,6.594031,6.403646,6.497993,2255301
1992-04-24,6.497993,6.505495,6.412627,6.419706,1854132
1992-04-27,6.419706,6.45119,6.325042,6.331698,1811345
1992-04-28,6.331698,6.333599,6.156422,6.225518,2094431
1992-04-29,6.225518,6.406605,6.225518,6.401956,2015113
1992-04-30,6.401956,6.505917,6.401851,6.505177,2012209
1992-05-01,6.505177,6.547227,6.433229,6.497043,1645449
1992-05-04,6.497043,6.598257,6.497043,6.565505,1611264
1992-05-05,6.565505,6.674643,6.5598,6.651188,1898483
1992-05-06,6.651188,6.703909,6.643159,6.658267,1915017
1992-05-07,6.658267,6.666508,6.587797,6.607977,1902281
1992-05-08,6.607977,6.63851,6.560116,6.577127,1728341
1992-05-11,6.577127,6.625515,6.575436,6.590544,1575962
1992-05-12,6.590544,6.621289,6.520603,6.551242,1813580
1992-05-13,6.551242,6.56709,6.517433,6.523984,1918703
1992-05-14,6.523984,6.530217,6.396885,6.435131,2068737
1992-05-15,6.435131,6.435131,6.350398,6.402802,1596294
1992-05-18,6.402802,6.483202,6.402802,6.435765,1445032
1992-05-19,6.435765,6.477074,6.409457,6.474539,1750237
1992-05-20,6.474539,6.546488,6.474222,6.540888,1790008
1992-05-21,6.540888,6.541205,6.475807,6.506868,1964618
1992-05-22,6.506868,6.547333,6.496725,6.516166,1394872
1992-05-26,6.516166,6.527153,6.444639,6.463656,1415875
1992-05-27,6.463656,6.530323,6.463446,6.509721,1545464
1992-05-28,6.509721,6.596778,6.479821,6.592235,1711472
1992-05-29,6.592235,6.70169,6.586635,6.662282,2107278
1992-06-01,6.662282,6.740675,6.60523,6.740147,1581548
1992-06-02,6.740147,6.745324,6.680982,6.703274,1842849
1992-06-03,6.703274,6.737294,6.667881,6.705493,1919932
1992-06-04,6.705493,6.714157,6.672424,6.675805,1878151
1992-06-05,6.675805,6.698731,6.609984,6.618964,1881167
1992-06-08,6.618964,6.621817,6.538775,6.555257,1441681
1992-06-09,6.555257,6.570787,6.407133,6.441681,2035669
1992-06-10,6.441681,6.467989,6.391919,6.394032,1754259
1992-06-11,6.394032,6.453197,6.373325,6.393504,1789114
1992-06-12,6.393504,6.473377,6.393504,6.425939,1670250
1992-06-15,6.425939,6.476229,6.391602,6.420762,1478658
1992-06-16,6.420762,6.432701,6.322295,6.322295,1822964
1992-06-17,6.322295,6.324725,6.188012,6.199633,2128951
1992-06-18,6.199633,6.274012,6.145751,6.168678,2098676
1992-06-19,6.168678,6.277288,6.168678,6.27285,1983722
1992-06-22,6.27285,6.27285,6.13751,6.238619,1689018
1992-06-23,6.238619,6.341207,6.238619,6.285106,1850781
1992-06-24,6.285106,6.298101,6.236401,6.23957,1701753
1992-06-25,6.23957,6.254995,6.095673,6.154309,1912783
1992-06-26,6.154309,6.154309,6.085741,6.128424,1676952
1992-06-29,6.128424,6.35885,6.128424,6.355892,1782076
1992-06-30,6.355892,6.38875,6.331381,6.365084,2180563
1992-07-01,6.365084,6.476863,6.355047,6.466509,2078791
1992-07-02,6.466509,6.502114,6.336346,6.357583,2174531
1992-07-06,6.357583,6.389912,6.285422,6.389806,1505582
1992-07-07,6.389806,6.418755,6.249924,6.260172,1948420
1992-07-08,6.260172,6.290071,6.186955,6.287536,1805871
1992-07-09,6.287536,6.410936,6.287536,6.385369,1964395
1992-07-10,6.385369,6.427312,6.352194,6.398998,1692593
1992-07-13,6.398998,6.467143,6.386003,6.444323,1485026
1992-07-14,6.444323,6.54036,6.444323,6.534443,1867873
1992-07-15,6.534443,6.584945,6.523878,6.537507,1892227
1992-07-16,6.537507,6.577443,6.489753,6.577443,1929205
1992-07-17,6.577443,6.577443,6.408823,6.456156,1639640
1992-07-20,6.456156,6.456156,6.288169,6.348497,1316337
1992-07-21,6.348602,6.466193,6.348602,6.446858,1735156
1992-07-22,6.446858,6.449922,6.36128,6.363816,1880720
1992-07-23,6.363816,6.405548,6.350926,6.391814,1838380
1992-07-24,6.391814,6.434708,6.337508,6.411465,1874464
1992-07-27,6.411465,6.411465,6.362548,6.377973,1431403
1992-07-28,6.377973,6.482357,6.377973,6.481829,1936131
1992-07-29,6.481829,6.567406,6.481829,6.552616,2356514
1992-07-30,6.552616,6.581881,6.524723,6.570153,1885189
1992-07-31,6.570153,6.58748,6.527047,6.569308,1885636
1992-08-03,6.569308,6.620972,6.541205,6.608505,1578532
1992-08-04,6.608505,6.624035,6.558638,6.573112,1882284
1992-08-05,6.573112,6.573112,6.461438,6.478236,1829667
1992-08-06,6.478236,6.478236,6.395406,6.435448,1752025
1992-08-07,6.435448,6.490703,6.387059,6.409141,1672149
1992-08-10,6.409141,6.450767,6.381248,6.428475,1345606
1992-08-11,6.428475,6.458374,6.36614,6.392131,1621430
1992-08-12,6.392131,6.415797,6.359273,6.359273,1610370
1992-08-13,6.359273,6.395089,6.356421,6.366035,1599534
1992-08-14,6.366035,6.396356,6.359378,6.386214,1627128
1992-08-17,6.386214,6.391814,6.336875,6.347229,1480893
1992-08-18,6.347229,6.366352,6.315216,6.348391,1567807
1992-08-19,6.348391,6.375966,6.300425,6.303489,1744317
1992-08-20,6.303489,6.333811,6.278344,6.326943,1737055
1992-08-21,6.326943,6.366246,6.211361,6.248022,1868990
1992-08-24,6.248022,6.248022,6.136032,6.142899,1546805
1992-08-25,6.142899,6.189491,6.077817,6.171847,1702647
1992-08-26,6.171847,6.271899,6.171847,6.258904,1629585
1992-08-27,6.258904,6.356949,6.258904,6.327683,1737055
1992-08-28,6.327683,6.33772,6.301904,6.320816,1420008
1992-08-31,6.320816,6.334128,6.276125,6.323457,1491729
1992-09-01,6.323457,6.382833,6.299052,6.38072,1752472
1992-09-02,6.38072,6.482991,6.375649,6.477814,1902840
1992-09-03,6.477814,6.549551,6.477814,6.511728,2083483
1992-09-04,6.511728,6.518384,6.460065,6.474222,1367167
1992-09-08,6.474222,6.474222,6.419072,6.461015,1383924
1992-09-09,6.461015,6.556313,6.458057,6.550185,1902393
1992-09-10,6.550185,6.656048,6.549235,6.652139,2244799
1992-09-11,6.652139,6.697886,6.641152,6.660063,2103927
1992-09-14,6.660063,6.860801,6.660063,6.859533,2535928
1992-09-15,6.859533,6.859533,6.721763,6.75927,2044494
1992-09-16,6.75927,6.791705,6.672847,6.728842,2027737
1992-09-17,6.728842,6.786633,6.724404,6.745535,2046170
1992-09-18,6.745535,6.763813,6.702006,6.759798,2227819
1992-09-21,6.759798,6.759798,6.697992,6.745958,1781406
1992-09-22,6.745958,6.750712,6.626888,6.640729,2289262
1992-09-23,6.640729,6.682039,6.601004,6.673269,2158779
1992-09-24,6.673269,6.726201,6.673269,6.709614,2018577
1992-09-25,6.709614,6.713734,6.501691,6.555151,2217429
1992-09-28,6.555151,6.555151,6.456895,6.505389,1389287
1992-09-29,6.505389,6.575224,6.486055,6.564131,1774703
1992-09-30,6.564131,6.623402,6.555151,6.617697,2090521
1992-10-01,6.617697,6.617697,6.524618,6.530006,2068178
1992-10-02,6.530006,6.530006,6.416642,6.431856,1898707
1992-10-05,6.431856,6.431856,6.169311,6.416959,2498951
1992-10-06,6.416959,6.530112,6.409246,6.507291,2184473
1992-10-07,6.507291,6.564871,6.444851,6.452775,1748562
1992-10-08,6.452775,6.550925,6.452775,6.515532,2210279
1992-10-09,6.515532,6.532119,6.442315,6.458057,1901835
1992-10-12,6.458057,6.530112,6.458057,6.510355,1428275
1992-10-13,6.510355,6.585262,6.504438,6.553144,1871895
1992-10-14,6.553144,6.583677,6.516166,6.541627,1962719
1992-10-15,6.541627,6.604384,6.50391,6.59551,1941382
1992-10-16,6.59551,6.697358,6.568991,6.685314,2053655
1992-10-19,6.685314,6.824034,6.669572,6.820548,2213407
1992-10-20,6.820548,6.903062,6.8047,6.83312,2595808
1992-10-21,6.83312,6.894187,6.828683,6.889961,2480629
1992-10-22,6.889961,6.919226,6.835022,6.890489,2566650
1992-10-23,6.890489,6.934546,6.8664,6.876649,2560952
1992-10-26,6.876649,6.919121,6.832063,6.913204,1885748
1992-10-27,6.913204,6.943631,6.798361,6.844636,2263009
1992-10-28,6.844636,6.910563,6.808081,6.902744,2330373
1992-10-29,6.902744,7.025089,6.902744,6.996035,2362435
1992-10-30,6.996035,7.003431,6.911408,6.955148,2156991
1992-11-02,6.955148,6.984942,6.913943,6.979976,2003607
1992-11-03,6.979976,6.994873,6.872528,6.887742,2093202
1992-11-04,6.887742,6.953563,6.866929,6.925671,2117333
1992-11-05,6.925671,7.121021,6.914683,7.110138,2663842
1992-11-06,7.110138,7.156414,7.067667,7.145109,2559947
1992-11-09,7.145109,7.222024,7.102638,7.196667,2741819
1992-11-10,7.196667,7.287528,7.174692,7.277068,2928718
1992-11-11,7.277068,7.39096,7.276857,7.350285,3052498
1992-11-12,7.350285,7.384727,7.302213,7.327992,2898667
1992-11-13,7.327992,7.365604,7.293233,7.363702,2250720
1992-11-16,7.363702,7.366238,7.274849,7.282139,2101134
1992-11-17,7.282139,7.282139,7.128205,7.146906,2505989
1992-11-18,7.146906,7.286154,7.135073,7.275378,2605862
1992-11-19,7.275378,7.367611,7.275378,7.327041,2885037
1992-11-20,7.327041,7.393285,7.315948,7.370358,2770977
1992-11-23,7.370358,7.370358,7.211775,7.256994,2325234
1992-11-24,7.256994,7.414521,7.256994,7.395081,2736121
1992-11-25,7.395081,7.413992,7.366027,7.388425,2483087
1992-11-27,7.388425,7.417796,7.363596,7.381135,1049338
1992-11-30,7.381135,7.422867,7.353771,7.415894,2433151
1992-12-01,7.415894,7.467346,7.365287,7.452027,2648984
1992-12-02,7.452027,7.469354,7.400574,7.428784,2716683
1992-12-03,7.428784,7.514784,7.398039,7.496823,2670321
1992-12-04,7.496823,7.586944,7.48911,7.573104,2916988
1992-12-07,7.573104,7.64706,7.553453,7.645686,2527773
1992-12-08,7.645686,7.674635,7.585254,7.619062,3068808
1992-12-09,7.619062,7.636706,7.52704,7.560743,3014850
1992-12-10,7.560743,7.560743,7.433643,7.491858,2696239
1992-12-11,7.491858,7.491858,7.391594,7.414521,2381427
1992-12-14,7.414521,7.443786,7.383037,7.383037,2172855
1992-12-15,7.383037,7.383037,7.285626,7.331056,2780919
1992-12-16,7.331056,7.42572,7.319012,7.373423,2885261
1992-12-17,7.373423,7.544049,7.373423,7.540246,2769859
1992-12-18,7.540246,7.602475,7.535703,7.562433,2726514
1992-12-21,7.562433,7.600573,7.522179,7.59286,2266807
1992-12-22,7.59286,7.624873,7.464917,7.514784,2767178
1992-12-23,7.514784,7.560531,7.499887,7.53285,2825158
1992-12-24,7.53285,7.565603,7.506755,7.555354,1187083
1992-12-28,7.555354,7.59117,7.533484,7.587155,1609477
1992-12-29,7.587155,7.665654,7.587155,7.602897,2231058
1992-12-30,7.602897,7.626775,7.571202,7.605539,2161460
1992-12-31,7.605539,7.653504,7.604059,7.610821,2269935
1993-01-04,7.610821,7.615681,7.518376,7.530209,2109959
1993-01-05,7.530209,7.612512,7.508867,7.611878,2562740
1993-01-06,7.611878,7.760213,7.611878,7.754191,3016526
1993-01-07,7.754191,7.83026,7.683192,7.691751,3317151
1993-01-08,7.691751,7.724819,7.637551,7.723974,2600946
1993-01-11,7.723974,7.842515,7.702633,7.835225,2186708
1993-01-12,7.835225,7.852024,7.715522,7.773947,2611559
1993-01-13,7.773947,7.9544,7.727144,7.941828,2733664
1993-01-14,7.941828,8.081393,7.941828,8.057833,3205771
1993-01-15,8.057833,8.088366,7.936968,8.013353,3300505
1993-01-18,8.013353,8.013459,7.93084,8.003211,2689425
1993-01-19,8.003211,8.03142,7.937707,7.94542,3104445
1993-01-20,7.94542,7.985462,7.91457,7.939292,3031049
1993-01-21,7.939292,8.02973,7.901363,8.015572,3142875
1993-01-22,8.015572,8.06544,7.974369,7.983455,3292462
1993-01-25,7.983455,8.10189,7.978066,8.051811,2955865
1993-01-26,8.051811,8.128302,7.996767,8.016312,3310559
1993-01-27,8.016312,8.016312,7.814834,7.873365,3147232
1993-01-28,7.873365,7.873365,7.777645,7.832267,2985134
1993-01-29,7.832267,7.87569,7.796029,7.830048,2647085
1993-02-01,7.830048,7.946265,7.825928,7.933904,2390029
1993-02-02,7.933904,7.978594,7.908019,7.975425,2838452
1993-02-03,7.975425,8.013882,7.938975,7.956302,3259059
1993-02-04,7.956302,7.996449,7.860054,7.907913,3180076
1993-02-05,7.907913,7.907913,7.691116,7.797085,3275593
1993-02-08,7.797085,7.826033,7.704112,7.727883,2480853
1993-02-09,7.727883,7.795712,7.658153,7.669247,3094279
1993-02-10,7.669247,7.789689,7.669247,7.761163,2897996
1993-02-11,7.761163,7.812721,7.728729,7.740562,2633902
1993-02-12,7.740562,7.746372,7.628571,7.632057,2397402
1993-02-16,7.632057,7.632057,7.266714,7.329894,3393005
1993-02-17,7.329894,7.362857,7.21579,7.309186,3077969
1993-02-18,7.309186,7.467664,7.243788,7.359265,3336030
1993-02-19,7.359265,7.420437,7.300628,7.351553,2718024
1993-02-22,7.351553,7.358948,7.186102,7.191702,3099418
1993-02-23,7.191702,7.240935,7.123979,7.210507,3026580
1993-02-24,7.210507,7.411563,7.155569,7.39825,3138295
1993-02-25,7.39825,7.435334,7.304643,7.430791,2897773
1993-02-26,7.430791,7.462487,7.379656,7.419698,2427900
1993-03-01,7.419698,7.458366,7.359265,7.376486,2078344
1993-03-02,7.376486,7.539084,7.355039,7.526828,2313392
1993-03-03,7.526828,7.615892,7.517954,7.606067,2651888
1993-03-04,7.606067,7.606067,7.455725,7.51246,2592344
1993-03-05,7.51246,7.566553,7.452766,7.513199,2393380
1993-03-08,7.513199,7.613991,7.50369,7.595079,2457058
1993-03-09,7.595079,7.636706,7.576907,7.594234,2594802
1993-03-10,7.594234,7.642305,7.57004,7.633537,2739249
1993-03-11,7.633537,7.70538,7.627937,7.643573,2760140
1993-03-12,7.643573,7.672205,7.531794,7.662907,3220741
1993-03-15,7.662907,7.713726,7.654561,7.69809,2095548
1993-03-16,7.69809,7.744999,7.672522,7.683192,2561288
1993-03-17,7.683192,7.683192,7.498514,7.515101,2738021
1993-03-18,7.515101,7.577858,7.508128,7.511826,2588546
1993-03-19,7.511826,7.562856,7.426459,7.428467,2632450
1993-03-22,7.428361,7.428361,7.315314,7.383248,2379863
1993-03-23,7.383248,7.459,7.349228,7.356201,2526433
1993-03-24,7.356201,7.396349,7.299043,7.364019,2718359
1993-03-25,7.364019,7.501789,7.364019,7.488054,2449908
1993-03-26,7.488054,7.530949,7.424875,7.451499,2284682
1993-03-29,7.451499,7.502951,7.417057,7.425297,2172631
1993-03-30,7.425297,7.558735,7.425297,7.558735,1358118
1993-03-31,7.558735,7.674106,7.558735,7.594657,2881351
1993-04-01,7.594657,7.622654,7.469037,7.487209,2755895
1993-04-02,7.487209,7.487209,7.2085,7.20924,3119750
1993-04-05,7.20924,7.293761,7.166873,7.283724,2131967
1993-04-06,7.283724,7.347644,7.185574,7.196033,2430134
1993-04-07,7.196033,7.299043,7.174163,7.293867,2374389
1993-04-08,7.293867,7.295029,7.193709,7.217269,2467559
1993-04-12,7.217269,7.389798,7.217269,7.374585,2392375
1993-04-13,7.374585,7.434172,7.305066,7.308341,2870514
1993-04-14,7.308341,7.333697,7.264179,7.321442,2715901
1993-04-15,7.321442,7.321442,7.249282,7.266608,2758800
1993-04-16,7.266608,7.294923,7.192441,7.198041,2533471
1993-04-19,7.198041,7.213572,7.029738,7.130529,2489567
1993-04-20,7.130529,7.175326,7.070519,7.164443,2807619
1993-04-21,7.164443,7.214206,7.117746,7.188427,2775445
1993-04-22,7.188427,7.263967,7.138664,7.152188,2946816
1993-04-23,7.152188,7.161802,7.032379,7.05034,2719029
1993-04-26,7.05034,7.067033,6.900315,6.915528,2371931
1993-04-27,6.915528,7.074957,6.915528,7.070202,2645297
1993-04-28,7.070202,7.182827,7.070202,7.177122,2463425
1993-04-29,7.177122,7.177122,7.077387,7.162753,2289709
1993-04-30,7.162753,7.276963,7.162753,7.183144,2535481
1993-05-03,7.183144,7.295768,7.183144,7.289324,2260328
1993-05-04,7.289324,7.47432,7.289324,7.464917,3002561
1993-05-05,7.464917,7.546374,7.413887,7.508551,3230683
1993-05-06,7.508551,7.53845,7.416951,7.431848,2907045
1993-05-07,7.431848,7.485519,7.415577,7.46386,2525986
1993-05-10,7.46386,7.533484,7.46386,7.497985,2306354
1993-05-11,7.497985,7.497985,7.427727,7.459106,2494259
1993-05-12,7.459106,7.461324,7.402793,7.415894,2752320
1993-05-13,7.415894,7.416,7.304538,7.347221,2932851
1993-05-14,7.347221,7.39656,7.328521,7.391383,2560170
1993-05-17,7.391383,7.461219,7.385572,7.452027,2344896
1993-05-18,7.452027,7.524927,7.452027,7.522391,3102435
1993-05-19,7.522391,7.717001,7.49788,7.705696,3555997
1993-05-20,7.705696,7.837022,7.705696,7.827829,3834391
1993-05-21,7.827829,7.827935,7.702316,7.747852,3107685
1993-05-24,7.747852,7.809974,7.676854,7.756726,2292613
1993-05-25,7.756726,7.756726,7.688792,7.738343,2821583
1993-05-26,7.738343,7.911189,7.719008,7.910027,3277604
1993-05-27,7.910027,7.956196,7.857307,7.875901,3103328
1993-05-28,7.875901,7.875901,7.697033,7.778279,2633679
1993-06-01,7.778279,7.917211,7.778279,7.871675,2645186
1993-06-02,7.871675,7.922071,7.826139,7.87495,3064563
1993-06-03,7.87495,7.890904,7.805115,7.861744,2905481
1993-06-04,7.861744,7.861744,7.775743,7.789161,2813875
1993-06-07,7.789161,7.855616,7.698195,7.698935,2768966
1993-06-08,7.698935,7.698935,7.585782,7.622548,2930394
1993-06-09,7.622548,7.675058,7.567504,7.612195,2938661
1993-06-10,7.612195,7.618745,7.531688,7.597403,2706629
1993-06-11,7.597403,7.693757,7.597403,7.671888,2627646
1993-06-14,7.671888,7.774475,7.671888,7.757888,2328474
1993-06-15,7.757888,7.809024,7.744471,7.754296,2645297
1993-06-16,7.754296,7.783879,7.652342,7.712881,2680041
1993-06-17,7.712881,7.73063,7.654561,7.691645,2741931
1993-06-18,7.691645,7.728834,7.563806,7.563806,2791979
1993-06-21,7.563806,7.578914,7.501366,7.561799,2328921
1993-06-22,7.561799,7.588846,7.509185,7.526617,2884144
1993-06-23,7.526617,7.554826,7.473897,7.499887,2904029
1993-06-24,7.499887,7.57733,7.453823,7.560954,2537604
1993-06-25,7.560954,7.683615,7.560848,7.653927,2450578
1993-06-28,7.653927,7.785464,7.653927,7.785464,2536040
1993-06-29,7.785464,7.814518,7.708127,7.732849,2804603
1993-06-30,7.732849,7.813567,7.720699,7.736335,2970499
1993-07-01,7.736335,7.744577,7.642939,7.685729,2522411
1993-07-02,7.685729,7.708232,7.635861,7.695976,2039244
1993-07-06,7.695976,7.717424,7.600468,7.623711,2227260
1993-07-07,7.623711,7.623711,7.517742,7.561799,2636583
1993-07-08,7.561799,7.634381,7.541936,7.621704,2845043
1993-07-09,7.621704,7.667768,7.571519,7.658893,2387683
1993-07-12,7.658893,7.715839,7.622866,7.667556,2262450
1993-07-13,7.667556,7.701893,7.630684,7.64875,2865822
1993-07-14,7.64875,7.740562,7.609131,7.685939,3245988
1993-07-15,7.685939,7.685939,7.606384,7.616738,3353905
1993-07-16,7.616738,7.616738,7.397933,7.418219,3160191
1993-07-19,7.418219,7.425086,7.32197,7.375747,2676913
1993-07-20,7.375747,7.529364,7.375747,7.51732,2923020
1993-07-21,7.51732,7.51732,7.416317,7.451288,2859120
1993-07-22,7.451288,7.48911,7.335177,7.360744,2869062
1993-07-23,7.360744,7.493125,7.360744,7.463331,2654123
1993-07-26,7.463331,7.564123,7.460479,7.530949,2526433
1993-07-27,7.530949,7.539824,7.413887,7.438187,3032948
1993-07-28,7.438187,7.551023,7.435017,7.539506,2964243
1993-07-29,7.539506,7.599411,7.532956,7.550494,3074394
1993-07-30,7.550494,7.550494,7.411563,7.456147,2867722
1993-08-02,7.456147,7.535492,7.456147,7.506543,2506324
1993-08-03,7.506543,7.552185,7.501049,7.527251,2765167
1993-08-04,7.527251,7.622443,7.503585,7.609342,2830632
1993-08-05,7.609342,7.661217,7.609342,7.657836,3014292
1993-08-06,7.657836,7.709077,7.640193,7.673367,2805273
1993-08-09,7.673367,7.720276,7.629205,7.655407,2638483
1993-08-10,7.655407,7.672416,7.572681,7.57828,2914195
1993-08-11,7.57828,7.621281,7.578175,7.601312,3259841
1993-08-12,7.601312,7.664387,7.542148,7.59434,3030714
1993-08-13,7.59434,7.628676,7.573843,7.616526,2609548
1993-08-16,7.616526,7.833641,7.616526,7.830894,2743718
1993-08-17,7.830894,7.911189,7.815786,7.906118,3055738
1993-08-18,7.906118,8.021912,7.906118,7.941088,2604968
1993-08-19,7.941088,7.941088,7.813884,7.823815,3230460
1993-08-20,7.823815,7.847903,7.787893,7.836599,2908833
1993-08-23,7.836599,7.864068,7.791591,7.828569,2535146
1993-08-24,7.828569,7.864068,7.79867,7.839346,3165777
1993-08-25,7.839346,7.864807,7.742252,7.775004,3655647
1993-08-26,7.774898,7.774898,7.621809,7.705591,3244759
1993-08-27,7.705591,7.755564,7.680446,7.744259,2763156
1993-08-30,7.744259,7.837022,7.744259,7.80353,2514367
1993-08-31,7.80353,7.879071,7.80353,7.874211,3015185
1993-09-01,7.874211,7.930206,7.849805,7.906118,3143211
1993-09-02,7.906118,7.965599,7.88953,7.914675,3293132
1993-09-03,7.914675,7.915943,7.858363,7.896503,2443205
1993-09-07,7.896503,7.89851,7.722073,7.748063,2728301
1993-09-08,7.748063,7.748063,7.56518,7.709289,3435457
1993-09-09,7.709289,7.814623,7.709289,7.782294,2966031
1993-09-10,7.782294,7.858257,7.778596,7.831633,2839793
1993-09-13,7.831633,7.855299,7.762854,7.767291,2573129
1993-09-14,7.767291,7.767291,7.609765,7.695554,2979995
1993-09-15,7.695554,7.763699,7.657625,7.761586,3189014
1993-09-16,7.761586,7.761586,7.710662,7.7282,2459404
1993-09-17,7.7282,7.777328,7.657942,7.737603,2940001
1993-09-20,7.737603,7.840931,7.737603,7.764438,2556596
1993-09-21,7.764438,7.812933,7.655723,7.726193,3181752
1993-09-22,7.726193,7.919218,7.726193,7.902737,3232582
1993-09-23,7.902737,7.990216,7.899673,7.967501,3731725
1993-09-24,7.967501,7.997083,7.922177,7.988103,3463050
1993-09-27,7.988103,8.084246,7.988103,8.08245,2977873
1993-09-28,8.08245,8.158202,8.047056,8.156723,3166000
1993-09-29,8.156723,8.205534,8.086465,8.175107,3813053
1993-09-30,8.175107,8.175107,8.074843,8.086887,3420822
1993-10-01,8.086887,8.126401,8.055509,8.088895,3239956
1993-10-04,8.088895,8.131472,8.057939,8.120273,2653229
1993-10-05,8.120273,8.167394,7.996449,8.056459,3423280
1993-10-06,8.056459,8.131683,8.031526,8.038393,3328434
1993-10-07,8.038393,8.049698,7.958204,7.987152,3286541
1993-10-08,7.987152,8.05815,7.937285,8.057305,3143657
1993-10-11,8.057305,8.110342,8.010818,8.043359,2805385
1993-10-12,8.043359,8.139501,8.043359,8.083718,3533654
1993-10-13,8.083718,8.169084,8.073153,8.162639,4640190
1993-10-14,8.162639,8.303473,8.162428,8.282765,4275888
1993-10-15,8.282765,8.371935,8.259944,8.292591,4120046
1993-10-18,8.292591,8.329992,8.222015,8.237652,3839865
1993-10-19,8.237652,8.248323,8.045683,8.087204,4230867
1993-10-20,8.087204,8.153553,8.072413,8.11256,3763787
1993-10-21,8.11256,8.188102,8.057411,8.184932,3782332
1993-10-22,8.184932,8.297345,8.167183,8.202576,4041175
1993-10-25,8.202576,8.244625,8.113194,8.185988,3177842
1993-10-26,8.185988,8.200357,8.079069,8.126718,3305644
1993-10-27,8.126718,8.258149,8.122492,8.246104,3375466
1993-10-28,8.246104,8.297979,8.199512,8.224868,3487069
1993-10-29,8.224868,8.284772,8.215571,8.261635,3403506
1993-11-01,8.261635,8.355559,8.260578,8.347107,3051269
1993-11-02,8.347107,8.369611,8.263959,8.353235,3626936
1993-11-03,8.353235,8.368026,8.161371,8.197082,3896728
1993-11-04,8.197082,8.197082,7.955562,7.975953,3662908
1993-11-05,7.975953,8.113722,7.856778,8.106327,3727703
1993-11-08,8.106327,8.194758,8.040823,8.132001,2833537
1993-11-09,8.132001,8.271989,8.132001,8.154504,3538793
1993-11-10,8.154504,8.308333,8.154504,8.303895,3394457
1993-11-11,8.303895,8.386092,8.303895,8.339289,3560801
1993-11-12,8.339289,8.378697,8.319109,8.350171,3438026
1993-11-15,8.350171,8.36623,8.257409,8.264487,3029038
1993-11-16,8.264487,8.322702,8.204161,8.312136,3493213
1993-11-17,8.312136,8.341824,8.13517,8.151969,4017827
1993-11-18,8.151969,8.168451,8.03945,8.066285,4156465
1993-11-19,8.066285,8.09872,7.987258,8.041457,4369282
1993-11-22,8.041457,8.041457,7.867344,7.889424,3375354
1993-11-23,7.889424,8.059735,7.889424,8.055297,3122990
1993-11-24,8.055297,8.164224,8.055297,8.13591,2685291
1993-11-26,8.13591,8.173099,8.13591,8.162956,896959
1993-11-29,8.162956,8.208809,8.094071,8.096818,2716124
1993-11-30,8.096818,8.196448,8.047902,8.17236,3193259
1993-12-01,8.17236,8.343092,8.17236,8.303051,3618222
1993-12-02,8.303051,8.37109,8.270298,8.37109,3341728
1993-12-03,8.37109,8.490371,8.37109,8.489631,3662797
1993-12-06,8.489631,8.489631,8.300937,8.4311,3269448
1993-12-07,8.4311,8.447688,8.349009,8.388416,3338488
1993-12-08,8.388416,8.388416,8.301783,8.342458,3278162
1993-12-09,8.342458,8.342458,8.15799,8.182713,3382616
1993-12-10,8.182713,8.187362,8.138339,8.176585,3443612
1993-12-13,8.176585,8.202259,8.137389,8.193912,3016414
1993-12-14,8.193912,8.206168,8.068398,8.089317,3405964
1993-12-15,8.089317,8.139185,8.071039,8.134008,3212921
1993-12-16,8.134008,8.190954,8.134008,8.160104,3205883
1993-12-17,8.160104,8.238603,8.160104,8.220431,3470200
1993-12-20,8.220431,8.262903,8.208809,8.234905,2973627
1993-12-21,8.234905,8.234905,8.169613,8.209338,3253138
1993-12-22,8.209338,8.225185,8.131472,8.207119,3369992
1993-12-23,8.207119,8.285195,8.207119,8.247583,2748745
1993-12-27,8.247583,8.284033,8.235327,8.279701,2039356
1993-12-28,8.279701,8.347001,8.271566,8.340979,2766173
1993-12-29,8.340979,8.381021,8.316468,8.354503,2975973
1993-12-30,8.354503,8.415147,8.348797,8.404053,2934639
1993-12-31,8.404053,8.463746,8.393805,8.415781,2835883
1994-01-03,8.415358,8.415358,8.284138,8.357672,1413305
1994-01-04,8.357672,8.431417,8.330837,8.413879,1667904
1994-01-05,8.413879,8.488046,8.382395,8.474734,1954341
1994-01-06,8.474734,8.548479,8.474734,8.541083,1950598
1994-01-07,8.541083,8.566651,8.451702,8.553128,1843631
1994-01-10,8.553128,8.661949,8.548267,8.640396,1750293
1994-01-11,8.640396,8.647369,8.570243,8.617998,1798219
1994-01-12,8.617998,8.675683,8.551437,8.631098,1801626
1994-01-13,8.631098,8.631098,8.545943,8.621167,1620481
1994-01-14,8.621167,8.713295,8.621167,8.700406,1673824
1994-01-17,8.700406,8.701674,8.649904,8.680121,1359850
1994-01-18,8.680121,8.705477,8.653497,8.683502,1784310
1994-01-19,8.683502,8.683502,8.529673,8.586936,1887256
1994-01-20,8.586936,8.697236,8.586936,8.695757,1900103
1994-01-21,8.695757,8.732947,8.662372,8.697025,1951827
1994-01-24,8.697025,8.705055,8.616518,8.647158,1697396
1994-01-25,8.647158,8.647158,8.524813,8.589049,1968137
1994-01-26,8.589049,8.62476,8.550381,8.604052,1767833
1994-01-27,8.604052,8.665752,8.591373,8.661949,1756661
1994-01-28,8.661949,8.719423,8.657723,8.716676,1940991
1994-01-31,8.716676,8.777954,8.711183,8.747738,1842849
1994-02-01,8.747738,8.747738,8.641452,8.668077,1897757
1994-02-02,8.668077,8.714986,8.635536,8.70104,1870945
1994-02-03,8.70104,8.70104,8.604052,8.664484,1852345
1994-02-04,8.664484,8.665118,8.391058,8.398877,2100408
1994-02-07,8.398877,8.45614,8.290055,8.444095,2066837
1994-02-08,8.444095,8.499456,8.386832,8.482975,1731246
1994-02-09,8.482975,8.549535,8.47727,8.534744,1844357
1994-02-10,8.534744,8.57785,8.46755,8.479805,1895188
1994-02-11,8.479805,8.510655,8.410076,8.490793,1162896
1994-02-14,8.490793,8.569609,8.490793,8.5601,1578029
1994-02-15,8.5601,8.64589,8.555875,8.627084,1656955
1994-02-16,8.627084,8.690686,8.60701,8.636803,1890775
1994-02-17,8.636803,8.714774,8.565172,8.608278,1981878
1994-02-18,8.608278,8.626027,8.51615,8.619899,1679243
1994-02-22,8.619899,8.680543,8.55841,8.673571,1470559
1994-02-23,8.673571,8.713507,8.625604,8.640396,1650420
1994-02-24,8.640396,8.640396,8.460788,8.511078,1949146
1994-02-25,8.511078,8.592219,8.495653,8.588415,1595568
1994-02-28,8.588415,8.731467,8.588415,8.709281,1606181
1994-03-01,8.709281,8.748583,8.586513,8.656877,1716555
1994-03-02,8.656877,8.656877,8.416203,8.62497,1824528
1994-03-03,8.62497,8.688573,8.608278,8.62476,1778278
1994-03-04,8.62476,8.726185,8.62476,8.705477,1777272
1994-03-07,8.705477,8.796338,8.705477,8.775418,1693821
1994-03-08,8.775418,8.775418,8.663639,8.705055,1701753
1994-03-09,8.705055,8.754922,8.647369,8.728509,1770123
1994-03-10,8.728509,8.763374,8.606799,8.658568,1825366
1994-03-11,8.658568,8.675895,8.598981,8.651383,1559819
1994-03-14,8.651383,8.739497,8.651383,8.725339,1483015
1994-03-15,8.725339,8.770559,8.712239,8.723226,1692928
1994-03-16,8.723226,8.783448,8.713295,8.77563,1888038
1994-03-17,8.77563,8.853389,8.77563,8.841979,1811290
1994-03-18,8.841979,8.851277,8.775841,8.822328,1739680
1994-03-21,8.822328,8.824229,8.721748,8.726607,1460952
1994-03-22,8.726607,8.72703,8.652651,8.677585,1704937
1994-03-23,8.677585,8.740765,8.673781,8.673993,1866477
1994-03-24,8.673993,8.673993,8.448532,8.534956,2086276
1994-03-25,8.534956,8.56327,8.444307,8.449166,1571214
1994-03-28,8.449166,8.482764,8.20807,8.323653,1680862
1994-03-29,8.323653,8.355137,8.088895,8.092909,1729123
1994-03-30,8.092909,8.15799,7.939503,8.034801,2224188
1994-03-31,8.034801,8.10918,7.867238,8.092064,2312219
1994-04-04,8.092064,8.092064,7.790957,7.932742,1752360
1994-04-05,7.932742,8.23406,7.932742,8.226242,1847820
1994-04-06,8.226242,8.250753,8.12545,8.21462,1641204
1994-04-07,8.21462,8.281814,8.184615,8.261318,1590206
1994-04-08,8.261318,8.268714,8.085303,8.133057,1501560
1994-04-11,8.133057,8.135382,8.066497,8.11087,1330357
1994-04-12,8.11087,8.11087,7.894707,7.933587,1624111
1994-04-13,7.933587,7.975847,7.685095,7.760107,1917921
1994-04-14,7.760107,7.823709,7.646003,7.726298,1748897
1994-04-15,7.726298,7.782083,7.699885,7.739822,1557976
1994-04-18,7.739822,7.785252,7.58705,7.616632,1377333
1994-04-19,7.616632,7.70221,7.456253,7.551128,1833186
1994-04-20,7.551128,7.649807,7.440405,7.50929,1873124
1994-04-21,7.50929,7.764544,7.50929,7.755247,1906024
1994-04-22,7.755247,7.858152,7.755247,7.798775,1784869
1994-04-25,7.798775,7.935066,7.790112,7.91943,1331027
1994-04-26,7.91943,7.973946,7.902525,7.933587,1594954
1994-04-28,7.933587,7.954083,7.863857,7.869985,1724264
1994-04-29,7.869985,7.906963,7.804481,7.886889,1473575
1994-05-02,7.886889,8.042619,7.85794,8.025715,1419226
1994-05-03,8.025715,8.057199,7.901046,7.967607,1687342
1994-05-04,7.967607,8.005007,7.926402,7.977327,1557417
1994-05-05,7.977327,8.033111,7.971199,7.992118,1538147
1994-05-06,7.992118,7.992118,7.839346,7.914781,1393699
1994-05-09,7.914781,7.914781,7.755458,7.775955,1250313
1994-05-10,7.775955,7.874634,7.775955,7.818638,1675947
1994-05-11,7.818638,7.824766,7.695448,7.716367,1744317
1994-05-12,7.716367,7.80279,7.716367,7.747218,1512117
1994-05-13,7.747218,7.747218,7.59191,7.70876,1780345
1994-05-16,7.70876,7.714254,7.596981,7.617266,1304607
1994-05-17,7.617266,7.627197,7.468086,7.617477,1777217
1994-05-18,7.617477,7.820539,7.617266,7.788422,1706389
1994-05-19,7.788422,7.921965,7.78652,7.854348,1875414
1994-05-20,7.854348,7.854348,7.800677,7.826033,1584229
1994-05-23,7.826033,7.863435,7.774687,7.815891,1288631
1994-05-24,7.815891,7.979651,7.815891,7.966128,1561607
1994-05-25,7.966128,8.018319,7.880761,7.992329,1531500
1994-05-26,7.992329,8.055931,7.909287,7.940771,1545687
1994-05-27,7.940771,7.98113,7.88541,7.962113,1147982
1994-05-31,7.962113,8.018531,7.91309,8.005219,1197751
1994-06-01,8.005219,8.031632,7.904427,8.013248,1677623
1994-06-02,8.013248,8.063327,7.998668,8.043465,1663547
1994-06-03,8.043465,8.138551,7.695026,8.088261,1558423
1994-06-06,8.088261,8.129676,8.053818,8.088683,1610761
1994-06-07,8.088683,8.088683,8.000992,8.029307,1427437
1994-06-08,8.029307,8.055509,7.798353,7.839346,1821344
1994-06-09,7.839346,7.861321,7.783773,7.824554,1581213
1994-06-10,7.824554,7.940349,7.824554,7.91626,1420511
1994-06-13,7.91626,7.924712,7.852235,7.85794,1190378
1994-06-14,7.85794,7.985145,7.85794,7.974157,1568980
1994-06-15,7.974157,8.025292,7.960211,7.982609,1481786
1994-06-16,7.982609,7.989371,7.937179,7.983032,1426432
1994-06-17,7.983032,7.983032,7.850122,7.859208,1555462
1994-06-20,7.859208,7.859208,7.746583,7.772362,1308014
1994-06-21,7.772362,7.772362,7.566131,7.62762,1656229
1994-06-22,7.62762,7.748063,7.62762,7.675163,1472961
1994-06-23,7.675163,7.703478,7.456676,7.469354,1733313
1994-06-24,7.469354,7.534858,7.396243,7.432799,1577750
1994-06-27,7.432799,7.639875,7.40068,7.631423,1347449
1994-06-28,7.631423,7.732426,7.568033,7.650229,1452796
1994-06-29,7.650229,7.759685,7.637128,7.664598,1498320
1994-06-30,7.664598,7.72334,7.589797,7.613251,1573951
1994-07-01,7.613251,7.643468,7.557256,7.607546,1127594
1994-07-05,7.607546,7.628465,7.532111,7.54162,1117708
1994-07-06,7.54162,7.54162,7.453506,7.472101,1469330
1994-07-07,7.472101,7.592966,7.458578,7.590642,1500219
1994-07-08,7.590642,7.664598,7.534012,7.592332,1436710
1994-07-11,7.592332,7.631001,7.505698,7.581345,1260479
1994-07-12,7.581345,7.6422,7.499359,7.634593,1394202
1994-07-13,7.634593,7.810186,7.634593,7.800044,1911219
1994-07-14,7.800044,7.890692,7.748696,7.765812,1962328
1994-07-15,7.768559,7.772574,7.73475,7.759895,1194344
1994-07-18,7.78335,7.79138,7.729045,7.779758,1392806
1994-07-19,7.779758,7.783561,7.701576,7.706647,1678293
1994-07-20,7.706647,7.706647,7.568033,7.596981,1662485
1994-07-21,7.596981,7.655935,7.563172,7.65361,1661592
1994-07-22,7.667134,7.719748,7.632057,7.713832,1640645
1994-07-25,7.713832,7.736018,7.683192,7.736018,1210096
1994-07-26,7.736018,7.737709,7.670515,7.691645,1500052
1994-07-27,7.691645,7.711508,7.640509,7.645158,1511950
1994-07-28,7.645158,7.695237,7.635227,7.652131,1492455
1994-07-29,7.652131,7.83195,7.652131,7.821596,1680248
1994-08-01,7.821596,7.89999,7.816102,7.893862,1506252
1994-08-02,7.893651,7.958521,7.855405,7.876958,1730240
1994-08-03,7.876958,7.893439,7.828358,7.828358,1594172
1994-08-04,7.828358,7.873577,7.758417,7.766446,1514463
1994-08-05,7.766446,7.769827,7.687419,7.757994,1289804
1994-08-08,7.757783,7.801945,7.723551,7.794761,1238974
1994-08-09,7.794338,7.838289,7.771306,7.832161,1492790
1994-08-10,7.832161,7.923655,7.827724,7.901257,1823355
1994-08-11,7.901257,7.998668,7.842093,7.91309,1797325
1994-08-12,7.91309,7.977115,7.909287,7.965282,1449277
1994-08-15,7.965282,8.011135,7.931897,7.967818,1360632
1994-08-16,7.967818,8.053607,7.932953,8.040718,1650923
1994-08-17,8.040718,8.181445,8.040718,8.175317,1872956
1994-08-18,8.175317,8.208915,8.105376,8.148482,1872789
1994-08-19,8.148482,8.193278,8.073892,8.116575,1580263
1994-08-22,8.116575,8.116575,8.063327,8.088895,1422969
1994-08-23,8.088895,8.224551,8.088895,8.171937,1861226
1994-08-24,8.171937,8.21462,8.156723,8.207858,1806877
1994-08-25,8.207858,8.314144,8.193067,8.272306,1722029
1994-08-26,8.272306,8.479594,8.272306,8.436488,1769620
1994-08-29,8.436488,8.495019,8.414301,8.419161,1586519
1994-08-30,8.419161,8.500513,8.372041,8.488891,1648577
1994-08-31,8.488891,8.512769,8.395918,8.407751,1809726
1994-09-01,8.407751,8.407751,8.254979,8.274841,1797716
1994-09-02,8.274841,8.329358,8.248851,8.270615,1320805
1994-09-06,8.270615,8.321117,8.257726,8.318792,1034201
1994-09-07,8.318792,8.424866,8.312876,8.38979,1585067
1994-09-08,8.38979,8.482341,8.38979,8.467972,1692816
1994-09-09,8.467972,8.467972,8.315412,8.343092,1549542
1994-09-12,8.343092,8.35408,8.251387,8.276109,1247855
1994-09-13,8.276109,8.399933,8.276109,8.382183,1580933
1994-09-14,8.382183,8.414513,8.335908,8.405427,1636959
1994-09-15,8.405427,8.60215,8.39782,8.60215,1665837
1994-09-16,8.60215,8.60215,8.489948,8.546577,1805871
1994-09-19,8.546577,8.5956,8.53411,8.53411,1460896
1994-09-20,8.535801,8.535801,8.385353,8.385564,1707171
1994-09-21,8.385564,8.402257,8.218635,8.319215,1800453
1994-09-22,8.319215,8.373098,8.273151,8.315834,1723705
1994-09-23,8.315834,8.351122,8.233849,8.245048,1793192
1994-09-26,8.244625,8.246527,8.158624,8.217578,1399006
1994-09-27,8.217578,8.239131,8.179966,8.226664,1528930
1994-09-28,8.226664,8.32175,8.226664,8.282448,1677064
1994-09-29,8.282448,8.287731,8.207647,8.266601,1587804
1994-09-30,8.266601,8.377746,8.266601,8.322173,1720968
1994-10-03,8.322173,8.345205,8.264487,8.298296,1367893
1994-10-04,8.298296,8.313721,8.082978,8.086781,1859215
1994-10-05,8.086781,8.18546,7.961901,8.177219,1942219
1994-10-06,8.177219,8.227509,8.075372,8.08974,1509324
1994-10-07,8.08974,8.193278,8.08974,8.185037,1536415
1994-10-10,8.185037,8.3152,8.185037,8.301043,1286174
1994-10-11,8.301043,8.490793,8.301043,8.458253,2053264
1994-10-12,8.458253,8.485299,8.425078,8.448955,1852066
1994-10-13,8.448955,8.596867,8.438179,8.449166,2083371
1994-10-14,8.449166,8.455928,8.37035,8.426768,1665222
1994-10-17,8.426768,8.454026,8.373308,8.385564,1621933
1994-10-18,8.385564,8.436699,8.379859,8.409864,1724878
1994-10-19,8.409864,8.54383,8.392115,8.530941,1920603
1994-10-20,8.530941,8.570455,8.451702,8.515304,1989531
1994-10-21,8.515304,8.515304,8.420218,8.463112,1978639
1994-10-24,8.463112,8.50157,8.402891,8.426557,1586240
1994-10-25,8.426557,8.426557,8.326611,8.420007,1634445
1994-10-26,8.420007,8.534956,8.420007,8.533054,1774033
1994-10-27,8.533054,8.574892,8.532209,8.570877,1759510
1994-10-28,8.570877,8.702308,8.545732,8.702308,2114205
1994-10-31,8.702308,8.792111,8.674627,8.727875,1749679
1994-11-01,8.727875,8.727875,8.625394,8.664696,1780512
1994-11-02,8.664696,8.77394,8.632578,8.640396,2010980
1994-11-03,8.640396,8.674838,8.604263,8.62476,1739345
1994-11-04,8.62476,8.658568,8.481285,8.482975,1568924
1994-11-07,8.482975,8.487623,8.425712,8.45614,1375043
1994-11-08,8.45614,8.612504,8.45614,8.609334,1668239
1994-11-09,8.609334,8.735271,8.555663,8.627929,1737781
1994-11-10,8.627929,8.666597,8.562003,8.581442,1495583
1994-11-11,8.581442,8.615673,8.527771,8.553128,1526417
1994-11-14,8.553128,8.71245,8.553128,8.709281,1473631
1994-11-15,8.709281,8.784927,8.665963,8.70104,1789393
1994-11-16,8.702096,8.742455,8.687305,8.720902,1730296
1994-11-17,8.720902,8.759782,8.644411,8.684136,1961714
1994-11-18,8.684136,8.758726,8.679487,8.714774,1696949
1994-11-21,8.714774,8.822961,8.64272,8.648214,1687733
1994-11-22,8.648214,8.648214,8.408174,8.408385,1975957
1994-11-23,8.408385,8.408385,8.259628,8.392326,1935796
1994-11-25,8.392326,8.480439,8.391481,8.476847,550699
1994-11-28,8.476847,8.556086,8.46755,8.532843,1336669
1994-11-29,8.532843,8.651806,8.532843,8.644411,1704267
1994-11-30,8.644411,8.705688,8.537491,8.553973,1819333
1994-12-01,8.553973,8.555241,8.398031,8.40268,1540158
1994-12-02,8.432262,8.498189,8.361265,8.495231,1452014
1994-12-05,8.495231,8.554395,8.475579,8.509388,1382584
1994-12-06,8.509388,8.560735,8.449589,8.451702,1599478
1994-12-07,8.451702,8.469452,8.356827,8.362321,1520719
1994-12-08,8.362321,8.415147,8.147214,8.162639,1853071
1994-12-09,8.162639,8.224762,8.028673,8.211873,1866588
1994-12-12,8.211873,8.261952,8.06058,8.217156,1457265
1994-12-13,8.217156,8.247372,8.182502,8.18863,1474581
1994-12-14,8.18863,8.308861,8.167077,8.275686,1834973
1994-12-15,8.275686,8.366547,8.275686,8.319004,1915743
1994-12-16,8.319004,8.344783,8.278222,8.283294,1795594
1994-12-19,8.283294,8.296183,8.235961,8.249697,1564456
1994-12-20,8.249697,8.324497,8.199617,8.253711,1818160
1994-12-21,8.253711,8.408596,8.253711,8.405638,1952777
1994-12-22,8.405638,8.459943,8.405638,8.447898,2003495
1994-12-23,8.447898,8.517417,8.437756,8.476424,1209481
1994-12-27,8.476424,8.556508,8.476424,8.53728,1279583
1994-12-28,8.53728,8.548056,8.426557,8.457619,1459332
1994-12-29,8.457619,8.590106,8.457619,8.585457,1625228
1994-12-30,8.585457,8.589472,8.500513,8.542351,1857260
1995-01-03,8.542351,8.542351,8.400567,8.409864,1389454
1995-01-04,8.409864,8.460788,8.33781,8.444729,1621821
1995-01-05,8.444729,8.495231,8.406483,8.410286,1661815
1995-01-06,8.410286,8.51615,8.410286,8.485722,1747891
1995-01-09,8.485722,8.536434,8.471353,8.526715,1491897
1995-01-10,8.526715,8.675261,8.526715,8.612081,1974617
1995-01-11,8.612081,8.672937,8.509388,8.60215,1840615
1995-01-12,8.60215,8.627929,8.575737,8.606799,1688180
1995-01-13,8.606799,8.687939,8.606799,8.673571,1751857
1995-01-16,8.673571,8.779645,8.660681,8.740553,1683376
1995-01-17,8.740553,8.846416,8.740553,8.809016,1884239
1995-01-18,8.809016,8.874309,8.790421,8.859095,1945683
1995-01-19,8.859095,8.859095,8.801831,8.828878,1853518
1995-01-20,8.828878,8.831414,8.636593,8.666175,1911274
1995-01-23,8.666175,8.707168,8.54869,8.703364,1544012
1995-01-24,8.703364,8.748794,8.680543,8.739497,1666395
1995-01-25,8.739497,8.748371,8.615462,8.681811,1748897
1995-01-26,8.681811,8.699983,8.582921,8.589472,1648130
1995-01-27,8.589472,8.645256,8.565806,8.604686,1728118
1995-01-30,8.604686,8.629408,8.480017,8.488257,1449333
1995-01-31,8.488257,8.580174,8.474945,8.564749,1683711
1995-02-01,8.564749,8.692588,8.564749,8.601305,1731190
1995-02-02,8.601305,8.690475,8.586091,8.687728,1643661
1995-02-03,8.687728,8.853812,8.687728,8.793168,2121745
1995-02-06,8.793168,8.901989,8.793168,8.894382,1667233
1995-02-07,8.894382,8.920795,8.842824,8.886775,1792857
1995-02-08,8.891424,9.005739,8.891424,8.994329,1951771
1995-02-09,8.994329,9.081597,8.994329,9.010599,2130515
1995-02-10,9.010599,9.113503,9.010599,9.102304,2007405
1995-02-13,9.102304,9.136113,9.054972,9.060044,1677734
1995-02-14,9.060044,9.108432,9.048844,9.082019,1928479
1995-02-15,9.083075,9.158722,9.043773,9.138648,2135375
1995-02-16,9.138648,9.152806,9.056663,9.104206,1921441
1995-02-17,9.104206,9.104206,8.987355,8.994329,1645058
1995-02-21,8.994329,9.023277,8.957773,8.976579,1522786
1995-02-22,8.976579,9.084555,8.940657,9.069341,1688012
1995-02-23,9.06913,9.195912,9.06913,9.107798,1993999
1995-02-24,9.107798,9.107798,9.013557,9.052648,1779283
1995-02-27,9.052648,9.100192,8.960098,8.9751,1520775
1995-02-28,8.9751,9.147523,8.974255,9.13886,1806151
1995-03-01,9.13886,9.196334,9.081808,9.081808,1879659
1995-03-02,9.081808,9.122378,9.06596,9.121533,1660865
1995-03-03,9.121533,9.231622,9.072088,9.227184,1751634
1995-03-06,9.227184,9.239229,9.094698,9.239017,1480837
1995-03-07,9.239017,9.251273,9.109911,9.13083,1881056
1995-03-08,9.13083,9.234158,9.13083,9.234158,1753645
1995-03-09,9.234158,9.26543,9.151961,9.234369,1784478
1995-03-10,9.234369,9.334527,9.213027,9.334527,1845083
1995-03-13,9.334315,9.380591,9.303465,9.314664,1569985
1995-03-14,9.314453,9.456026,9.314453,9.429824,1939203
1995-03-15,9.429824,9.435952,9.346148,9.372773,1874073
1995-03-16,9.372773,9.420104,9.359672,9.396227,1899991
1995-03-17,9.396227,9.461097,9.3546,9.380591,1761465
1995-03-20,9.380591,9.459407,9.357136,9.437008,1549542
1995-03-21,9.437008,9.533152,9.423908,9.447996,1877648
1995-03-22,9.447996,9.454335,9.385873,9.447996,1760292
1995-03-23,9.447996,9.551746,9.439755,9.483707,1959424
1995-03-24,9.483707,9.623801,9.483707,9.623378,2250441
1995-03-27,9.623378,9.67726,9.578793,9.659088,1760794
1995-03-28,9.659088,9.733256,9.642395,9.731354,1956351
1995-03-29,9.731354,9.783123,9.496596,9.548154,2292278
1995-03-30,9.548154,9.60753,9.354178,9.475255,2029413
1995-03-31,9.473986,9.478001,9.280856,9.448419,1943001
1995-04-03,9.448419,9.483495,9.345937,9.476733,1530047
1995-04-04,9.476733,9.527657,9.329667,9.336639,2042372
1995-04-05,9.336639,9.395804,9.263106,9.395804,1948811
1995-04-06,9.395804,9.421584,9.295436,9.295647,1945627
1995-04-07,9.30431,9.383126,9.273037,9.38207,1851451
1995-04-10,9.38207,9.501034,9.351853,9.495117,1680862
1995-04-11,9.495117,9.601825,9.495117,9.579004,1986570
1995-04-12,9.579004,9.656975,9.551112,9.65613,1928088
1995-04-13,9.65613,9.711702,9.640282,9.697334,2009919
1995-04-17,9.697334,9.863418,9.651058,9.65782,2047176
1995-04-18,9.65782,9.749526,9.567594,9.581117,2106273
1995-04-19,9.582174,9.582174,9.3546,9.446517,2535705
1995-04-20,9.448842,9.504625,9.386296,9.487721,2283788
1995-04-21,9.487721,9.548999,9.487721,9.536955,2203632
1995-04-24,9.536955,9.660567,9.486031,9.644086,1780177
1995-04-25,9.644508,9.741496,9.644508,9.700926,2097391
1995-04-26,9.700926,9.783968,9.638803,9.783968,2191902
1995-04-27,9.783968,9.907792,9.774671,9.832779,2332328
1995-04-28,9.832779,9.9416,9.797914,9.921949,2099291
1995-05-01,9.921949,9.983438,9.847782,9.847782,1763196
1995-05-02,9.847782,9.879266,9.791364,9.833625,1946576
1995-05-03,9.833625,10.035419,9.833625,10.035419,2227651
1995-05-04,10.035419,10.229818,10.004569,10.017881,2351599
1995-05-05,10.017881,10.105994,9.937585,9.937585,1853853
1995-05-08,9.937585,10.104304,9.925119,10.07451,1788332
1995-05-09,10.07451,10.131773,9.969915,10.058028,2132358
1995-05-10,10.058028,10.124166,9.965689,9.992102,2122751
1995-05-11,9.99189,10.133464,9.94646,10.133464,2182407
1995-05-12,10.133464,10.274192,10.09881,10.209955,2259825
1995-05-15,10.209955,10.289828,10.168329,10.276516,1955234
1995-05-16,10.276516,10.406045,10.258978,10.375828,2134313
1995-05-17,10.375828,10.518247,10.375828,10.452954,2257256
1995-05-18,10.452954,10.542546,10.312015,10.312015,2168275
1995-05-19,10.312015,10.360825,10.241439,10.351106,1883457
1995-05-22,10.348993,10.477465,10.344555,10.461406,1922278
1995-05-23,10.461406,10.631082,10.461406,10.631082,2317637
1995-05-24,10.631082,10.7604,10.522895,10.575721,2453315
1995-05-25,10.575721,10.610797,10.462674,10.600232,2131297
1995-05-26,10.600232,10.600232,10.44746,10.481902,1690917
1995-05-30,10.481902,10.526065,10.168117,10.1865,1789449
1995-05-31,10.1865,10.313705,10.01936,10.313705,2101078
1995-06-01,10.313705,10.430133,10.294688,10.374138,1979700
1995-06-02,10.374138,10.485495,10.270811,10.409848,1966015
1995-06-05,10.409848,10.626857,10.409848,10.582271,2079852
1995-06-06,10.582271,10.650945,10.46204,10.46204,2164476
1995-06-07,10.46204,10.549308,10.429499,10.504934,2113758
1995-06-08,10.504934,10.590935,10.504934,10.583328,2114540
1995-06-09,10.583328,10.609107,10.471549,10.573819,2137106
1995-06-12,10.573819,10.647142,10.552689,10.600866,1970427
1995-06-13,10.600866,10.698488,10.600866,10.677569,2250944
1995-06-14,10.677569,10.71328,10.581215,10.693839,2354112
1995-06-15,10.693839,10.844921,10.693839,10.818508,2302891
1995-06-16,10.818508,10.954376,10.818508,10.936416,2252228
1995-06-19,10.935993,11.217872,10.935993,11.210265,2273398
1995-06-20,11.210265,11.400859,11.210265,11.400859,2482808
1995-06-21,11.400859,11.472915,11.26943,11.315705,2543078
1995-06-22,11.315705,11.539686,11.315705,11.538418,2648090
1995-06-23,11.538418,11.549195,11.449249,11.508835,2498280
1995-06-26,11.508835,11.544757,11.323523,11.336201,2150400
1995-06-27,11.336201,11.42051,11.133139,11.153424,2331993
1995-06-28,11.153424,11.273444,11.031925,11.2128,2208157
1995-06-29,11.2128,11.367473,11.195895,11.330285,2058906
1995-06-30,11.330285,11.445656,11.328171,11.368742,2246252
1995-07-03,11.368742,11.417342,11.341272,11.388604,730448
1995-07-05,11.388604,11.54518,11.388604,11.482,2068513
1995-07-06,11.482,11.708095,11.482,11.703446,2376958
1995-07-07,11.703234,11.99272,11.69098,11.99272,2861019
1995-07-10,11.99272,12.170425,11.991452,12.119502,2554473
1995-07-11,12.119502,12.119502,11.916017,11.917073,2478674
1995-07-12,11.917073,12.255581,11.917073,12.249453,2873698
1995-07-13,12.249453,12.498791,12.201487,12.324254,2961004
1995-07-14,12.324677,12.466461,12.135984,12.463714,2421979
1995-07-17,12.463714,12.678399,12.463714,12.612894,2605303
1995-07-18,12.57655,12.617332,12.215222,12.223041,2701546
1995-07-19,12.223041,12.223041,11.207518,11.560816,3339773
1995-07-20,11.618501,11.717181,11.526585,11.628645,2685794
1995-07-21,11.628645,11.742959,11.565042,11.574763,2617983
1995-07-24,11.574763,11.897633,11.574763,11.888759,2257144
1995-07-25,11.888759,12.152465,11.888759,12.101541,2792482
1995-07-26,12.101541,12.285797,12.101541,12.18881,2702942
1995-07-27,12.18881,12.402437,12.18881,12.345385,2840463
1995-07-28,12.345385,12.345385,12.114642,12.132602,2561399
1995-07-31,12.132602,12.183104,11.924469,12.020612,2153696
1995-08-01,12.020612,12.028853,11.711475,11.816282,2437172
1995-08-02,11.819451,12.023782,11.636463,11.654635,2716515
1995-08-03,11.654635,11.696684,11.445022,11.68633,2524198
1995-08-04,11.68633,11.856007,11.68633,11.845231,2116215
1995-08-07,11.845231,11.974548,11.845231,11.910101,2024553
1995-08-08,11.910101,12.016174,11.910101,11.953629,2254798
1995-08-09,11.953629,12.197049,11.953629,12.160283,2661552
1995-08-10,12.160283,12.202332,11.998214,12.038995,2526209
1995-08-11,12.038995,12.164509,12.006877,12.163453,2154757
1995-08-14,12.164086,12.356161,12.117389,12.355527,2074099
1995-08-15,12.355527,12.430117,12.247763,12.341158,2370814
1995-08-16,12.340947,12.603175,12.340947,12.602752,2636695
1995-08-17,12.602752,12.681357,12.533022,12.599583,2775110
1995-08-18,12.599583,12.713053,12.551828,12.583524,2628317
1995-08-21,12.583524,12.651351,12.232126,12.232126,2446445
1995-08-22,12.232126,12.457375,12.190077,12.451036,2603125
1995-08-23,12.451036,12.537037,12.404549,12.494776,2406395
1995-08-24,12.494776,12.501538,12.26044,12.322352,2510569
1995-08-25,12.322352,12.356795,12.254946,12.257693,2141351
1995-08-28,12.257693,12.289812,11.956586,11.960813,2221954
1995-08-29,11.960813,11.977083,11.603077,11.977083,2628875
1995-08-30,11.977083,12.139153,11.973702,12.104077,2244576
1995-08-31,12.104499,12.256215,12.104499,12.18733,2099235
1995-09-01,12.18733,12.189231,12.089919,12.112106,1633551
1995-09-05,12.112106,12.580142,12.112106,12.580142,2161683
1995-09-06,12.580142,12.702487,12.548447,12.553941,2592065
1995-09-07,12.618176,12.770949,12.615852,12.660015,2736233
1995-09-08,12.660015,12.768414,12.549293,12.768414,2595137
1995-09-11,12.768414,12.943584,12.768414,12.884208,2468006
1995-09-12,12.891181,12.969363,12.802856,12.804757,2613738
1995-09-13,12.804757,12.911677,12.74517,12.840891,2786840
1995-09-14,12.840891,12.88949,12.757214,12.765244,2706908
1995-09-15,12.765244,12.765244,12.388068,12.445965,2905705
1995-09-18,12.445965,12.503862,12.293404,12.490761,2273287
1995-09-19,12.490761,12.717912,12.457798,12.69974,2606756
1995-09-20,12.69974,12.851667,12.69974,12.745593,2875653
1995-09-21,12.745593,12.745593,12.533233,12.569365,2623569
1995-09-22,12.569365,12.569365,12.400113,12.522668,2452366
1995-09-25,12.522668,12.549714,12.331649,12.423144,1746495
1995-09-26,12.423144,12.590074,12.26678,12.271852,2383270
1995-09-27,12.270372,12.270372,11.775078,12.175708,2924305
1995-09-28,12.175708,12.582678,12.175708,12.581833,2504760
1995-09-29,12.581833,12.663607,12.359753,12.362923,2589440
1995-10-02,12.362923,12.422511,12.11126,12.126052,2199443
1995-10-03,12.126052,12.167045,11.91644,12.111049,2547100
1995-10-04,12.111049,12.111049,11.77867,11.811633,2158276
1995-10-05,11.811633,12.102598,11.761343,12.102386,2550228
1995-10-06,12.102386,12.292347,11.980464,11.989761,2513641
1995-10-09,11.98955,11.98955,11.474604,11.556801,2254239
1995-10-10,11.556801,11.65717,11.154481,11.637731,2975415
1995-10-11,11.637731,11.931231,11.637731,11.924469,2537157
1995-10-12,11.924469,12.118022,11.924469,12.109781,2355844
1995-10-13,12.109781,12.248819,12.030542,12.044278,2376958
1995-10-16,12.044489,12.127108,11.981098,12.011737,1820841
1995-10-17,12.011737,12.454839,12.011737,12.454839,2427677
1995-10-18,12.454839,12.787642,12.454839,12.635292,3041718
1995-10-19,12.635292,12.733125,12.488014,12.704811,2630272
1995-10-20,12.704811,12.720025,12.469631,12.506609,2390867
1995-10-23,12.421243,12.56683,12.382574,12.53598,2058626
1995-10-24,12.534501,12.626629,12.530698,12.556265,2489511
1995-10-25,12.556265,12.576762,12.347075,12.347075,2547658
1995-10-26,12.347075,12.42737,12.096892,12.307772,2675684
1995-10-27,12.307772,12.541475,12.260863,12.541475,2459515
1995-10-30,12.541475,12.876389,12.541475,12.828212,2325848
1995-10-31,12.828212,12.952881,12.652197,12.652409,2624518
1995-11-01,12.652409,12.741578,12.580777,12.697415,2442088
1995-11-02,12.697415,12.990704,12.691922,12.988591,2789521
1995-11-03,12.988591,13.136927,12.933653,13.136927,2524310
1995-11-06,13.136927,13.175384,13.009087,13.010355,2182686
1995-11-07,13.010355,13.010355,12.492241,12.598525,2899169
1995-11-08,12.597892,12.813422,12.567253,12.65114,2663898
1995-11-09,12.65114,13.037825,12.65114,13.036346,2671048
1995-11-10,13.036346,13.121924,12.924144,12.96577,2642840
1995-11-13,12.96577,13.019652,12.829269,12.853991,2211843
1995-11-14,12.853991,12.857795,12.500692,12.502383,2498225
1995-11-15,12.502383,12.616275,12.306504,12.540417,2566036
1995-11-16,12.540417,12.630221,12.402225,12.502806,2750533
1995-11-17,12.502806,12.556688,12.411946,12.441739,2669875
1995-11-20,12.441739,12.5457,12.079565,12.079565,2447171
1995-11-21,12.079565,12.175708,11.8858,12.133447,3004628
1995-11-22,12.133447,12.255581,12.022936,12.023992,2340204
1995-11-24,12.023992,12.220715,12.023992,12.220082,760220
1995-11-27,12.220082,12.379827,12.126897,12.126897,2453371
1995-11-28,12.126897,12.637406,12.126897,12.635926,2776562
1995-11-29,12.635926,12.779401,12.534078,12.669313,2985022
1995-11-30,12.669313,12.726575,12.541263,12.545488,3032836
1995-12-01,12.545488,12.588806,12.386166,12.403916,2765391
1995-12-04,12.402014,12.765455,12.402014,12.635926,2820969
1995-12-05,12.635926,12.685582,12.443851,12.492874,3169240
1995-12-06,12.492874,12.584791,12.304815,12.466461,3170860
1995-12-07,12.466461,12.522457,12.25051,12.40624,2743886
1995-12-08,12.40624,12.669313,12.39821,12.665086,2546597
1995-12-11,12.665086,12.728689,12.595778,12.59599,2367015
1995-12-12,12.59599,12.622191,12.351302,12.362077,2591004
1995-12-13,12.362077,12.481464,12.3382,12.414903,2704171
1995-12-14,12.414903,12.469842,11.965462,11.965884,3159856
1995-12-15,11.965884,12.066676,11.84037,11.902283,3249954
1995-12-18,11.902283,11.902283,11.430864,11.580256,3220964
1995-12-19,11.580256,12.150352,11.580256,12.150141,3152204
1995-12-20,12.150141,12.27819,11.940317,11.941796,3172089
1995-12-21,11.941796,12.27164,11.941796,12.27164,2976085
1995-12-22,12.27164,12.37053,12.271217,12.365036,2349364
1995-12-26,12.365036,12.394619,12.310309,12.363135,1858768
1995-12-27,12.363135,12.420608,12.255792,12.263399,2146714
1995-12-28,12.263399,12.263399,12.066464,12.085694,2511742
1995-12-29,12.085694,12.193881,12.032656,12.175919,3026971
1996-01-02,12.175919,12.38849,12.126475,12.381095,2232176
1996-01-03,12.381095,12.389125,12.074282,12.092666,2829459
1996-01-04,12.092666,12.162607,11.678512,11.906508,3518852
1996-01-05,11.906508,12.019977,11.667735,11.941585,3061715
1996-01-08,11.941585,12.006877,11.879883,11.899536,797030
1996-01-09,11.88411,11.885377,11.273233,11.292461,3048644
1996-01-10,11.292461,11.520035,11.140322,11.310844,3370550
1996-01-11,11.310844,11.731971,11.310844,11.731549,2866604
1996-01-12,11.731549,11.811,11.552153,11.678935,2710762
1996-01-15,11.67978,11.713799,11.276191,11.292884,2360871
1996-01-16,11.292884,11.547081,11.131448,11.538206,3138351
1996-01-17,11.538206,11.742114,11.30197,11.526797,3427916
1996-01-18,11.526797,11.732394,11.526797,11.712955,2998205
1996-01-19,11.712955,11.962292,11.71211,11.93102,3190131
1996-01-22,11.93102,12.08675,11.910734,12.070691,2761760
1996-01-23,12.070691,12.105978,11.979196,11.988282,2982062
1996-01-24,11.988282,12.303969,11.988282,12.3008,3312347
1996-01-25,12.3008,12.351935,12.076396,12.092032,3255428
1996-01-26,12.092032,12.193246,12.00899,12.193246,2868895
1996-01-29,12.193246,12.265723,12.138308,12.175919,2426336
1996-01-30,12.175919,12.366726,12.175919,12.339891,3028535
1996-01-31,12.339891,12.505764,12.264667,12.505341,3134553
1996-02-01,12.505341,12.717912,12.445965,12.717912,3256880
1996-02-02,12.717912,12.817647,12.664663,12.708192,3135055
1996-02-05,12.709883,13.005072,12.692344,13.005072,2860125
1996-02-06,13.005072,13.135659,12.992395,13.083889,3292741
1996-02-07,13.083255,13.086636,12.896885,12.996621,3416465
1996-02-08,12.996621,13.211304,12.891603,13.181088,3108914
1996-02-09,13.181088,13.299419,13.102484,13.164396,3086962
1996-02-12,13.164396,13.291178,13.164396,13.212572,2759582
1996-02-13,13.212784,13.238352,12.932596,13.069943,2933913
1996-02-14,13.069943,13.177496,12.958164,13.04987,2881630
1996-02-15,13.04987,13.138194,13.006763,13.105653,2758018
1996-02-16,13.105653,13.170312,12.993239,13.080508,2567655
1996-02-20,13.080508,13.140941,12.926045,13.033811,2567655
1996-02-21,13.033811,13.260538,13.033811,13.254623,2713611
1996-02-22,13.254623,13.612359,13.254623,13.595453,3581245
1996-02-23,13.595453,13.678497,13.409295,13.578128,3259394
1996-02-26,13.578128,13.634122,13.450711,13.479448,2646526
1996-02-27,13.479448,13.535444,13.279345,13.335339,2873642
1996-02-28,13.335339,13.497831,13.309984,13.342524,3035517
1996-02-29,13.342524,13.342524,13.119388,13.160592,2978487
1996-03-01,13.160592,13.160592,12.700162,12.778768,3279782
1996-03-04,12.778768,12.88611,12.679878,12.709883,2649766
1996-03-05,12.709883,13.01754,12.687907,13.013737,2747628
1996-03-06,13.013737,13.04205,12.843003,12.843849,2974633
1996-03-07,12.843849,12.942739,12.811096,12.879981,2845155
1996-03-08,12.879981,12.879981,12.368206,12.503017,3260064
1996-03-11,12.503017,12.796939,12.503017,12.793981,2557601
1996-03-12,12.793981,12.793981,12.521822,12.65748,2565756
1996-03-13,12.65748,13.013948,12.65748,12.989859,2694228
1996-03-14,12.989859,13.080297,12.901112,12.901323,2864761
1996-03-15,12.901323,13.157422,12.901323,13.136927,2873419
1996-03-18,13.136927,13.384785,13.136927,13.380981,2786058
1996-03-19,13.380981,13.479448,13.245114,13.299207,2907883
1996-03-20,13.299207,13.299207,12.962178,13.000636,2958322
1996-03-21,13.000636,13.049024,12.899632,12.921397,2788627
1996-03-22,12.921397,13.00296,12.802222,12.950346,2656748
1996-03-25,12.950346,13.05325,12.632123,12.632123,2662781
1996-03-26,12.632123,12.778556,12.495409,12.722138,3042109
1996-03-27,12.722138,12.94464,12.722138,12.848497,2795777
1996-03-28,12.848497,12.926257,12.739254,12.84892,2699088
1996-03-29,12.84892,12.990282,12.84892,12.88294,2871576
1996-04-01,12.88294,12.998945,12.88294,12.95267,2591116
1996-04-02,12.95267,13.016695,12.940837,13.012257,2749248
1996-04-03,13.012257,13.074803,12.888645,13.070577,2959049
1996-04-04,13.070577,13.113261,13.000636,13.058533,2814601
1996-04-08,13.058533,13.058533,12.709248,12.902379,2891740
1996-04-09,12.902379,13.076283,12.88611,12.911888,3137346
1996-04-10,12.911888,13.099737,12.85061,12.870684,3107406
1996-04-11,12.870684,12.935131,12.62367,12.764188,2984464
1996-04-12,12.764188,12.82948,12.721082,12.784895,2702160
1996-04-15,12.784895,12.922242,12.784895,12.912311,2579832
1996-04-16,12.912311,13.227364,12.912311,13.226307,3429201
1996-04-17,13.226096,13.256735,13.066774,13.115796,3227444
1996-04-18,13.115796,13.695612,13.115796,13.384785,3224762
1996-04-19,13.384785,13.496352,13.357527,13.375699,3313017
1996-04-22,13.375699,13.616373,13.375699,13.614048,3254199
1996-04-23,13.614048,13.832536,13.587213,13.829578,3631796
1996-04-24,13.829578,14.030739,13.829578,14.030739,4069886
1996-04-25,14.030739,14.090538,13.903534,14.087156,4026149
1996-04-26,14.087156,14.151815,14.040669,14.086523,3593310
1996-04-29,14.086523,14.121599,14.029682,14.093918,3094391
1996-04-30,14.093918,14.094763,14.004959,14.088212,3378203
1996-05-01,14.088212,14.239295,14.058842,14.228306,3654586
1996-05-02,14.228306,14.232321,13.874585,13.876909,3613698
1996-05-03,13.876909,14.16238,13.876909,13.968615,3939179
1996-05-06,13.968615,14.053137,13.860428,14.007917,3799145
1996-05-07,14.007917,14.064335,13.916634,13.963333,4504904
1996-05-08,13.963333,14.020596,13.650604,14.020596,4227962
1996-05-09,14.018483,14.087368,13.957627,13.999676,3550914
1996-05-10,13.999676,14.212037,13.999676,14.210979,3385073
1996-05-13,14.210979,14.553714,14.210979,14.548643,3325027
1996-05-14,14.548643,14.738181,14.548643,14.694653,3855281
1996-05-15,14.694653,14.804953,14.582874,14.583295,3842937
1996-05-16,14.583085,14.691272,14.452077,14.690849,3468469
1996-05-17,14.690849,14.781709,14.597031,14.597031,3522706
1996-05-20,14.597031,14.724235,14.597031,14.649012,3294082
1996-05-21,14.649012,14.717474,14.534696,14.534696,3856845
1996-05-22,14.534696,14.602736,14.456514,14.54674,3873156
1996-05-23,14.54674,14.693173,14.526033,14.624078,4233716
1996-05-24,14.624078,14.661266,14.553291,14.556882,3408869
1996-05-28,14.556882,14.631262,14.449963,14.475743,3592360
1996-05-29,14.475743,14.510819,14.255565,14.307123,3553093
1996-05-30,14.307123,14.48504,14.263595,14.453978,3379543
1996-05-31,14.453978,14.670142,14.453978,14.630417,3394402
1996-06-03,14.630417,14.663592,14.517369,14.564067,2933466
1996-06-04,14.564067,14.658942,14.531737,14.634643,3606772
1996-06-05,14.634643,14.797557,14.572942,14.777483,3630399
1996-06-06,14.777483,14.877642,14.516736,14.516736,3764178
1996-06-07,14.516736,14.612455,14.227462,14.610766,3356921
1996-06-10,14.610766,14.650701,14.532795,14.555405,2661440
1996-06-11,14.555405,14.718741,14.555405,14.599778,3096179
1996-06-12,14.599778,14.836437,14.599778,14.731208,3038534
1996-06-13,14.731208,14.755719,14.506171,14.618795,3152986
1996-06-14,14.618795,14.618795,14.391222,14.392489,2848060
1996-06-17,14.392701,14.458627,14.301841,14.335649,2503308
1996-06-18,14.335649,14.371992,14.057574,14.074267,3470703
1996-06-19,14.074267,14.236548,14.057151,14.109131,3354854
1996-06-20,14.108921,14.194287,13.712093,14.040036,3741500
1996-06-21,14.041092,14.228941,14.041092,14.210769,3016917
1996-06-24,14.210769,14.381713,14.182242,14.308813,2795498
1996-06-25,14.308813,14.337973,14.108286,14.115893,3092604
1996-06-26,14.115893,14.137446,13.771046,13.939455,3381275
1996-06-27,13.939455,14.188581,13.831691,14.181609,3161588
1996-06-28,14.181609,14.404322,14.181609,14.31156,3512149
1996-07-01,14.313674,14.536598,14.312194,14.518003,2803206
1996-07-02,14.518003,14.518003,14.371571,14.372204,2891349
1996-07-03,14.372204,14.383615,14.227039,14.23845,2789074
1996-07-05,14.23845,14.23845,13.896983,13.896983,1207638
1996-07-08,13.896983,14.054193,13.851342,13.861485,2493477
1996-07-09,13.861485,14.034753,13.861485,13.962065,2719699
1996-07-10,13.962065,13.962065,13.720546,13.892124,3005187
1996-07-11,13.892124,13.892124,13.215742,13.43423,3881702
1996-07-12,13.43423,13.583832,13.208347,13.419016,3024904
1996-07-15,13.419016,13.419016,12.806448,12.823775,3278888
1996-07-16,12.823775,13.012469,12.103231,12.979294,4900542
1996-07-17,12.979294,13.405492,12.979294,13.339566,3916389
1996-07-18,13.339566,13.610245,13.273428,13.602427,3576776
1996-07-19,13.602638,13.602638,13.268568,13.376544,2969438
1996-07-22,13.376544,13.376544,13.077972,13.185949,2341042
1996-07-23,13.185949,13.261383,12.589439,12.643111,3340499
1996-07-24,12.6429,12.886532,12.209305,12.784895,3787415
1996-07-25,12.784895,13.112415,12.784895,13.109034,3026915
1996-07-26,13.109034,13.389856,13.109034,13.383728,2642840
1996-07-29,13.383728,13.461065,13.109668,13.11157,2333613
1996-07-30,13.11157,13.320549,13.051771,13.318858,2337467
1996-07-31,13.318858,13.527626,13.276175,13.43909,2687972
1996-08-01,13.43909,13.774851,13.425355,13.757312,2796448
1996-08-02,13.757312,14.169776,13.757312,14.111668,3224316
1996-08-05,14.111668,14.178016,13.946006,13.967559,2202068
1996-08-06,13.967559,14.194075,13.84606,14.193019,2513809
1996-08-07,14.193019,14.421015,14.12836,14.418691,2983570
1996-08-08,14.417846,14.417846,14.291276,14.316209,2625859
1996-08-09,14.316209,14.416578,14.187737,14.332902,2554752
1996-08-12,14.332902,14.409182,14.16555,14.355723,2048516
1996-08-13,14.355723,14.355723,14.084832,14.138291,2263567
1996-08-14,14.138291,14.334169,14.138291,14.308813,2394162
1996-08-15,14.308813,14.382347,14.241619,14.307123,2556875
1996-08-16,14.307123,14.384248,14.197879,14.205487,2350202
1996-08-19,14.205487,14.2207,13.94685,14.162591,1955960
1996-08-20,14.162591,14.188581,14.003691,14.00665,2268762
1996-08-21,14.00665,14.165972,13.913676,14.102792,2326686
1996-08-22,14.102792,14.403054,14.102792,14.403054,2765223
1996-08-23,14.403054,14.477434,14.309236,14.317265,2426001
1996-08-26,14.317265,14.336493,14.193019,14.219009,2357687
1996-08-27,14.217741,14.349172,14.217741,14.348538,2743327
1996-08-28,14.348538,14.398405,14.300995,14.361639,2577933
1996-08-29,14.361639,14.361639,14.164494,14.180552,2345957
1996-08-30,14.180552,14.217741,14.012988,14.021441,1880218
1996-09-03,14.021441,14.144841,13.744845,14.142306,2203632
1996-09-04,14.142306,14.206754,14.07807,14.140405,2456722
1996-09-05,14.140405,14.140405,13.783091,13.783725,2580447
1996-09-06,13.783725,14.091382,13.783725,14.035175,2630998
1996-09-09,14.035175,14.201472,14.020596,14.199146,2441027
1996-09-10,14.199146,14.251339,14.073844,14.192174,2676298
1996-09-11,14.192174,14.294656,14.073422,14.265496,2720370
1996-09-12,14.265496,14.524977,14.257255,14.487999,3035853
1996-09-13,14.487999,14.958358,14.487999,14.957302,3566833
1996-09-16,14.957302,15.126133,14.931735,14.986039,3214708
1996-09-17,14.986039,15.302572,14.986039,15.26665,3531420
1996-09-18,15.26665,15.545148,15.144516,15.375049,3088526
1996-09-19,15.375049,15.603467,15.324124,15.567969,3146339
1996-09-20,15.567969,15.75476,15.491899,15.708696,3298718
1996-09-23,15.708696,15.708696,15.452597,15.497181,2045947
1996-09-24,15.497181,15.664956,15.458725,15.564799,3258835
1996-09-25,15.564377,15.765115,15.564377,15.756662,3477629
1996-09-26,15.757507,16.013185,15.669605,15.733841,4031903
1996-09-27,15.733841,15.793429,15.656293,15.736377,3136619
1996-09-30,15.736377,15.823856,15.575998,15.585084,2928550
1996-10-01,15.585296,15.635586,15.364695,15.520214,3030434
1996-10-02,15.520214,15.846466,15.520214,15.795964,3220685
1996-10-03,15.795964,15.891262,15.705739,15.705739,3213982
1996-10-04,15.705739,16.040654,15.705739,16.040442,3143266
1996-10-07,16.040442,16.176944,16.012761,16.160885,2684900
1996-10-08,16.163844,16.285976,15.910068,15.916196,3137904
1996-10-09,15.916196,16.140178,15.850904,15.931621,3162872
1996-10-10,15.931621,16.060305,15.828716,15.878162,3234761
1996-10-11,15.878162,16.17948,15.878162,16.178212,2942626
1996-10-14,16.178212,16.330561,16.17145,16.312389,2448847
1996-10-15,16.312389,16.779158,16.27689,16.377682,3190689
1996-10-16,16.377682,16.377682,16.109116,16.220473,3054006
1996-10-17,16.220473,16.332886,15.970289,15.970289,3240514
1996-10-18,15.969656,16.02713,15.881542,15.992054,3049147
1996-10-21,15.992054,16.157082,15.702992,15.76913,2732211
1996-10-22,15.76913,15.777158,15.436749,15.565433,3353626
1996-10-23,15.565433,15.860201,15.4807,15.841395,3071099
1996-10-24,15.841395,16.060093,15.789837,15.814136,3026133
1996-10-25,15.814136,15.934368,15.707217,15.711443,3081488
1996-10-28,15.711443,15.91514,15.664534,15.671085,2806837
1996-10-29,15.671085,15.827448,15.434636,15.450696,3069032
1996-10-30,15.450696,15.684185,15.450696,15.559516,3002450
1996-10-31,15.559516,15.903307,15.559516,15.889783,3169184
1996-11-01,15.889783,16.061784,15.825969,15.964162,3040991
1996-11-04,15.964162,16.027341,15.878373,15.979375,2438848
1996-11-05,15.979375,16.355496,15.979375,16.268438,3172033
1996-11-06,16.268228,16.628288,16.20864,16.627443,3473998
1996-11-07,16.627443,16.922633,16.588986,16.807472,3637437
1996-11-08,16.807472,16.879949,16.646882,16.875934,3036467
1996-11-11,16.875934,17.009478,16.812755,17.003984,2430693
1996-11-12,17.003984,17.132035,16.756972,16.77937,3314637
1996-11-13,16.77937,16.930028,16.69527,16.87678,3211524
1996-11-14,16.87678,17.120835,16.811699,17.11027,3364350
1996-11-15,17.11027,17.206624,16.77958,16.892416,3424174
1996-11-18,16.892205,16.926436,16.644558,16.762465,2753437
1996-11-19,16.762465,17.035679,16.719359,17.026383,3057972
1996-11-20,17.026383,17.306782,17.011592,17.081533,3121985
1996-11-21,17.081533,17.170281,16.864947,16.91418,3183149
1996-11-22,16.91418,17.29854,16.91418,17.292413,3738204
1996-11-25,17.295372,17.373976,17.197115,17.353057,3478914
1996-11-26,17.353057,17.494207,17.15084,17.443284,3504608
1996-11-27,17.443284,17.60472,17.404615,17.588237,2755392
1996-11-29,17.588237,17.668111,17.588237,17.622892,1156808
1996-12-02,17.622892,17.847295,17.481318,17.847295,2879228
1996-12-03,17.847295,18.083109,17.67297,17.705299,3804563
1996-12-04,17.705299,17.803978,17.459132,17.636415,3499023
1996-12-05,17.636415,17.76848,17.58549,17.660714,3364909
1996-12-06,17.660714,17.678886,17.01138,17.479206,3600236
1996-12-09,17.479206,18.101492,17.479206,18.101071,3206274
1996-12-10,18.101071,18.377244,17.93879,17.93879,3778868
1996-12-11,17.93879,18.134034,17.667053,18.095576,3513266
1996-12-12,18.095576,18.446762,17.820248,17.820671,3246770
1996-12-13,17.820671,17.820671,17.442861,17.505407,3092604
1996-12-16,17.505407,17.674238,16.965738,17.005253,2893416
1996-12-17,17.001871,17.248251,16.864736,17.237897,3425347
1996-12-18,17.240644,17.682268,17.240644,17.676351,3449756
1996-12-19,17.676351,17.887232,17.676351,17.828278,3606548
1996-12-20,17.828066,18.028171,17.59838,17.623736,3511367
1996-12-23,17.623736,17.691354,17.357072,17.428069,2701713
1996-12-24,17.42659,17.652263,17.369116,17.652263,1459276
1996-12-26,17.652263,17.82532,17.652263,17.81243,2148054
1996-12-27,17.81243,17.85617,17.644445,17.653531,2180005
1996-12-30,17.647825,17.777354,17.463991,17.463991,3125951
1996-12-31,17.463991,17.560345,17.335097,17.355593,3720162
1997-01-02,17.355593,17.45089,17.034623,17.233882,2750142
1997-01-03,17.233882,17.922308,17.233882,17.922096,2899784
1997-01-06,17.929493,18.133611,17.843069,18.029438,3285200
1997-01-07,18.029227,18.268211,17.907516,18.268211,3227108
1997-01-08,18.268211,18.327798,18.017394,18.026058,3722843
1997-01-09,18.026058,18.176083,18.007885,18.107621,3474054
1997-01-10,18.107621,18.289976,17.886597,18.289976,3683967
1997-01-13,18.290187,18.396472,18.20482,18.264619,3418979
1997-01-14,18.264407,18.729486,18.264407,18.623834,3513825
1997-01-15,18.623834,18.66694,18.259548,18.262717,3804842
1997-01-16,18.264407,18.605663,18.264407,18.460074,3982469
1997-01-17,18.460074,18.715751,18.441691,18.667363,3759877
1997-01-20,18.667363,19.098632,18.640738,19.012633,3308884
1997-01-21,19.011998,19.340786,18.926842,19.307399,3808640
1997-01-22,19.307399,19.556527,18.557062,19.556527,4026149
1997-01-23,19.556527,19.822556,19.286481,19.286481,4442678
1997-01-24,19.286481,19.344166,18.934027,18.982838,4029724
1997-01-27,18.982838,19.470526,18.779353,18.802174,3003902
1997-01-28,18.802174,19.193508,18.682787,18.82267,3680783
1997-01-29,18.82267,18.975231,18.688281,18.857958,3347314
1997-01-30,18.857958,19.265139,18.857958,19.264717,3651067
1997-01-31,19.264717,19.56688,19.264717,19.472639,3793782
1997-02-03,19.472639,19.61548,19.337827,19.397838,3002561
1997-02-04,19.397838,19.406712,19.060809,19.361704,3385855
1997-02-05,19.361704,19.366565,18.50973,18.750828,3800876
1997-02-06,18.750616,18.823727,18.551569,18.711314,3482656
1997-02-07,18.711314,19.051935,18.706453,19.0139,3598952
1997-02-10,19.0139,19.078347,18.406614,18.4269,3516227
1997-02-11,18.4269,18.625102,18.088392,18.419505,3636208
1997-02-12,18.419505,19.027846,18.419505,19.027846,3738148
1997-02-13,19.027846,19.276761,19.027846,19.176603,4079884
1997-02-14,19.176181,19.2102,18.958538,19.015378,3280005
1997-02-18,19.015378,19.055738,18.773859,18.965089,3148740
1997-02-19,18.965089,19.093349,18.863663,18.967625,3441378
1997-02-20,18.969103,18.969103,18.558119,18.600591,3405461
1997-02-21,18.599957,18.599957,18.21602,18.262506,3422777
1997-02-24,18.262928,18.608831,18.029862,18.600168,3206553
1997-02-25,18.600168,18.853521,18.486487,18.63778,3914937
1997-02-26,18.63778,18.738995,18.418025,18.610311,3580128
1997-02-27,18.610311,18.610311,17.921885,17.93076,3761999
1997-02-28,17.928858,18.140373,17.662194,17.970485,3836737
1997-03-03,17.970485,18.108677,17.836096,18.089238,2971505
1997-03-04,18.089238,18.36372,18.089238,18.215173,3335248
1997-03-05,18.215173,18.432182,18.212638,18.427111,3687150
1997-03-06,18.427111,18.47381,17.981684,17.992672,3582753
1997-03-07,17.992672,18.119877,17.686282,17.771227,3554377
1997-03-10,17.771227,18.063036,17.525903,18.063036,3142820
1997-03-11,18.063036,18.140373,17.92907,17.92907,3204933
1997-03-12,17.92907,17.974289,17.647402,17.735093,3151589
1997-03-13,17.735093,17.903501,17.6324,17.760027,3091542
1997-03-14,17.760027,17.964357,17.707836,17.727909,3295031
1997-03-17,17.727697,17.727697,17.257126,17.58549,3244480
1997-03-18,17.58549,17.979148,17.355381,17.486812,3017811
1997-03-19,17.486812,17.486812,16.867271,17.153587,3936610
1997-03-20,17.153587,17.475191,16.994265,17.363411,3530526
1997-03-21,17.363411,17.525903,17.142388,17.173238,3190131
1997-03-24,17.173238,17.173238,16.577574,16.954328,3323351
1997-03-25,16.954328,17.226698,16.890092,17.056176,3038925
1997-03-26,17.056176,17.634724,17.056176,17.63071,3304583
1997-03-27,17.63071,17.820248,17.11027,17.300231,3239453
1997-03-31,17.300231,17.300231,16.829659,16.842126,3260064
1997-04-01,16.842126,17.344394,16.529821,16.836421,3348319
1997-04-02,16.836421,16.851635,16.468119,16.564474,3257886
1997-04-03,16.564474,17.002928,16.464105,17.002928,3242469
1997-04-04,17.002928,17.409264,16.836844,17.377569,3729267
1997-04-07,17.377569,17.743968,17.377569,17.58697,3174211
1997-04-08,17.58697,17.758125,17.458709,17.757068,2918273
1997-04-09,17.757068,17.956327,17.503293,17.511323,3150584
1997-04-10,17.511323,17.511323,17.182958,17.188029,2908889
1997-04-11,17.188452,17.188452,16.68872,16.692312,2982732
1997-04-14,16.692312,17.047935,16.588986,17.047724,2632227
1997-04-15,17.047724,17.25459,16.68534,16.861989,3195326
1997-04-16,16.861777,16.96912,16.642868,16.876357,3214652
1997-04-17,16.875724,17.244025,16.875724,17.07794,3354854
1997-04-18,17.07794,17.503716,17.07794,17.25142,3211580
1997-04-21,17.249729,17.320728,16.892205,16.957075,3051716
1997-04-22,16.957075,17.286286,16.759084,17.286286,3460034
1997-04-23,17.286286,17.730656,17.28396,17.706567,3263863
1997-04-24,17.706567,18.038736,17.646769,17.701919,3277827
1997-04-25,17.701919,17.701919,17.296639,17.296639,2777735
1997-04-28,17.296639,17.611692,17.163096,17.52527,2530343
1997-04-29,17.52527,18.093674,17.52527,18.093041,3202978
1997-04-30,18.093041,18.551357,17.980839,18.483529,3670170
1997-05-01,18.483529,18.731598,18.005138,18.63947,3438696
1997-05-02,18.63947,19.219286,18.63947,19.217807,4041789
1997-05-05,19.217807,19.712257,19.152725,19.712257,4664879
1997-05-06,19.709721,19.709721,19.235557,19.332123,4144120
1997-05-07,19.332123,19.517013,19.100323,19.213581,3411270
1997-05-08,19.213581,19.567936,19.089334,19.425307,3463441
1997-05-09,19.421927,19.670629,19.235134,19.420447,3043170
1997-05-12,19.421715,19.608295,19.398682,19.537932,2958825
1997-05-13,19.537932,19.571951,19.212947,19.240628,3231968
1997-05-14,19.240628,19.342053,19.022352,19.226893,3421157
1997-05-15,19.226893,19.701903,19.222878,19.689859,3325753
1997-05-16,19.689013,19.689013,19.336771,19.340363,3143434
1997-05-19,19.340363,19.613789,19.201536,19.304019,2519506
1997-05-20,19.304019,19.907712,19.288171,19.907078,2971281
1997-05-21,19.907078,20.316372,19.907078,20.084996,3658049
1997-05-22,20.077388,20.167192,19.897359,19.991387,3079756
1997-05-23,19.991599,20.266081,19.988219,20.26566,3013174
1997-05-27,20.26566,20.812301,20.202902,20.805116,3541586
1997-05-28,20.805116,20.885201,20.62572,20.762644,3613083
1997-05-29,20.762644,20.856462,20.489218,20.507812,3415460
1997-05-30,20.507812,20.507812,20.041256,20.260799,3986937
1997-06-02,20.260799,20.452029,20.09387,20.257419,3101317
1997-06-03,20.257419,20.257419,19.640202,19.647175,3275537
1997-06-04,19.647175,19.904542,19.354521,19.481303,3319162
1997-06-05,19.481303,19.772689,19.481303,19.664079,3133324
1997-06-06,19.664079,19.994981,19.587376,19.967933,3273303
1997-06-09,19.968356,20.277704,19.968356,20.174377,3121650
1997-06-10,20.17015,20.240515,19.817908,19.887427,3714465
1997-06-11,19.88637,20.063231,19.681406,20.052666,3483829
1997-06-12,20.052666,20.194239,19.777972,20.073796,3520304
1997-06-13,20.073162,20.521336,20.058793,20.378073,3317207
1997-06-16,20.378073,20.622973,20.33877,20.622973,2793264
1997-06-17,20.616422,20.958099,20.501685,20.905696,3456236
1997-06-18,20.905696,20.905696,20.513941,20.529154,3286317
1997-06-19,20.529154,20.854983,19.985472,20.74891,3640454
1997-06-20,20.74891,20.903161,20.689534,20.737499,3419928
1997-06-23,20.737499,20.860266,20.46513,20.47654,3094000
1997-06-24,20.476328,20.852659,20.476328,20.843362,3519466
1997-06-25,20.843362,20.98578,20.508658,20.691223,3758480
1997-06-26,20.691223,20.737077,20.410825,20.440196,3423727
1997-06-27,20.440196,20.63544,20.320387,20.348702,3063670
1997-06-30,20.349969,20.506545,20.188534,20.228047,3558231
1997-07-01,20.228047,20.3225,20.026887,20.146484,3290172
1997-07-02,20.146484,20.624241,20.146484,20.621705,3476512
1997-07-03,20.621705,20.930208,20.621705,20.845476,2076557
1997-07-07,20.845476,21.115943,20.845476,20.940984,3050431
1997-07-08,20.940984,21.254558,20.918374,21.253079,3549127
1997-07-09,21.253079,21.535591,21.250332,21.343727,3953981
1997-07-10,21.344573,21.412824,21.043043,21.34246,3559907
1997-07-11,21.343094,21.507487,21.192223,21.460367,3638890
1997-07-14,21.460367,22.015249,21.460367,22.015249,3784789
1997-07-15,22.015249,22.462367,22.015249,22.377423,4060446
1997-07-16,22.377,23.370125,22.377,23.315821,4670800
1997-07-17,23.315821,23.414921,22.967171,23.134521,4194280
1997-07-18,23.136634,23.136634,22.336852,22.630352,3734350
1997-07-21,22.630352,22.671555,22.208592,22.365377,2992340
1997-07-22,22.365377,23.05634,22.365377,23.051901,3619339
1997-07-23,23.051901,23.384915,22.971819,23.075569,3872485
1997-07-24,23.075569,23.088879,22.641552,22.993584,4145182
1997-07-25,22.987878,23.185023,22.794112,22.934629,3723458
1997-07-28,22.934629,23.029504,22.636692,22.71889,3292797
1997-07-29,22.71889,22.98809,22.593586,22.98809,3531867
1997-07-30,22.988722,23.337795,22.900187,23.26405,4049386
1997-07-31,23.264262,23.460352,23.176359,23.39189,3785404
1997-08-01,23.39189,23.538956,23.123322,23.432247,3262187
1997-08-04,23.432458,23.77329,23.371182,23.75216,3314023
1997-08-05,23.895424,24.07165,23.062257,24.012698,4088039
1997-08-06,24.012698,24.298589,23.857811,24.127011,4358836
1997-08-07,24.127011,24.338315,23.99368,23.995793,4175121
1997-08-08,23.995793,23.995793,23.338006,23.560721,3863381
1997-08-11,23.560721,23.589881,22.903145,23.268278,3429536
1997-08-12,23.268278,23.601924,23.045352,23.048522,3560801
1997-08-13,23.048522,23.493525,22.927446,23.224325,3621630
1997-08-14,23.224325,23.381113,23.079583,23.317511,3216719
1997-08-15,23.318145,23.318145,22.749739,22.750374,3017643
1997-08-18,22.749951,23.024222,22.416725,23.022532,3047583
1997-08-19,23.022532,23.690884,23.022532,23.690884,3653189
1997-08-20,23.690884,24.199913,23.598333,24.195685,3985597
1997-08-21,24.195685,24.195685,23.592839,23.638902,3930298
1997-08-22,23.638902,23.638902,22.805946,23.473875,3512205
1997-08-25,23.473875,23.704196,23.279052,23.407103,3171251
1997-08-26,23.40816,23.40816,23.094585,23.099867,3713627
1997-08-27,23.099867,23.215661,22.796436,23.071976,3549350
1997-08-28,23.071976,23.071976,22.494695,22.621477,3709102
1997-08-29,22.622534,22.835738,22.575203,22.695012,2783042
1997-09-02,22.697548,23.311593,22.697548,23.301451,3261405
1997-09-03,23.30124,23.549944,23.228764,23.252639,3644810
1997-09-04,23.252639,23.455704,23.216507,23.36632,3741165
1997-09-05,23.36632,23.662779,23.344346,23.478946,3599343
1997-09-08,23.478946,23.757442,23.478946,23.619884,3619786
1997-09-09,23.619884,23.85591,23.604671,23.808156,3973755
1997-09-10,23.808156,23.809848,23.303141,23.305676,4045197
1997-09-11,23.305676,23.403933,22.873985,23.350264,3954931
1997-09-12,23.350264,23.425063,23.10832,23.371603,3859527
1997-09-15,23.371603,23.433093,22.825596,22.826865,3706533
1997-09-16,22.826865,23.621365,22.826865,23.592416,4163224
1997-09-17,23.592416,23.716662,23.420415,23.425698,4301136
1997-09-18,23.425698,23.709688,23.384283,23.439644,4011906
1997-09-19,23.439644,23.638058,23.415132,23.638058,3797525
1997-09-22,23.638058,23.98734,23.638058,23.743075,3930801
1997-09-23,23.743075,23.994738,23.725959,23.98375,4218411
1997-09-24,23.98375,24.082215,23.530715,23.578892,4381905
1997-09-25,23.578892,23.652848,23.365265,23.380267,4091335
1997-09-26,23.380267,23.58354,23.287928,23.387451,3791492
1997-09-29,23.387451,23.646508,23.322793,23.639959,3550020
1997-09-30,23.639959,23.639959,23.176782,23.183334,4355373
1997-10-01,23.183545,23.454646,23.018516,23.286873,5421971
1997-10-02,23.286661,23.528814,23.286661,23.514655,3937839
1997-10-03,23.515713,23.986917,23.515713,23.759766,4274436
1997-10-06,23.759766,23.914865,23.692151,23.791253,3996321
1997-10-07,23.791253,24.176247,23.791253,24.104192,4341800
1997-10-08,24.104403,24.21259,23.923949,24.201391,4392686
1997-10-09,24.202025,24.382056,24.038688,24.262034,4360177
1997-10-10,24.262034,24.262034,24.034672,24.041435,3949234
1997-10-13,24.041435,24.217873,24.027911,24.098698,3648162
1997-10-14,24.098698,24.17033,23.672289,23.90747,4185343
1997-10-15,23.90747,23.90747,23.44218,23.646297,4558750
1997-10-16,23.646297,23.821256,23.031828,23.230242,4657562
1997-10-17,23.230242,23.230242,22.371929,22.717621,5149108
1997-10-20,22.717621,23.086978,22.698391,22.995062,3818751
1997-10-21,22.995062,23.474719,22.995062,23.466269,4409052
1997-10-22,23.466269,23.548886,23.203406,23.216084,4328450
1997-10-23,23.216084,23.216084,22.507375,22.70769,4574055
1997-10-24,22.70769,23.035844,22.118577,22.341923,5229598
1997-10-27,22.341923,22.341923,20.619592,20.668192,5062696
1997-10-28,20.683195,22.188305,19.564978,22.120689,7792115
1997-10-29,22.120689,22.342135,21.667866,21.75915,5030522
1997-10-30,21.75915,21.75915,21.145103,21.145103,4212266
1997-10-31,21.145103,21.708014,21.145103,21.544888,3965935
1997-11-03,21.544888,22.207746,21.544888,22.202041,3590294
1997-11-04,22.202041,22.31551,22.022433,22.136537,3525108
1997-11-05,22.136537,22.353757,22.107589,22.121747,3884886
1997-11-06,22.121747,22.15175,21.813242,21.852335,3516171
1997-11-07,21.852335,21.865436,21.348377,21.728721,3760324
1997-11-10,21.728721,21.976582,21.365704,21.374155,3294137
1997-11-11,21.373733,21.544888,21.274632,21.3619,3170246
1997-11-12,21.3619,21.3619,20.68087,20.710241,3945156
1997-11-13,20.710664,21.241246,20.530422,21.241246,4315826
1997-11-14,21.192012,21.770982,21.192012,21.71879,3940129
1997-11-17,21.71879,22.302833,21.71879,22.180487,3646821
1997-11-18,22.180487,22.222116,21.895863,21.897555,3212977
1997-11-19,21.897555,22.018208,21.78197,21.956929,3086571
1997-11-20,21.956929,22.47251,21.956929,22.450745,3842937
1997-11-21,22.450745,22.69332,22.174784,22.326075,3793280
1997-11-24,22.326075,22.326075,21.735061,21.768869,3109696
1997-11-25,21.768869,22.000459,21.683293,21.934533,3586048
1997-11-26,21.934533,22.128719,21.934533,22.065117,2890958
1997-11-28,22.065117,22.283392,22.032998,22.197604,1172615
1997-12-01,22.197604,22.807848,22.197604,22.804466,3410768
1997-12-02,22.804466,22.804466,22.20648,22.230566,3632745
1997-12-03,22.230566,22.460043,21.906428,22.432361,4009951
1997-12-04,22.432361,22.574357,22.195068,22.245147,3882763
1997-12-05,22.245147,22.622746,22.187673,22.615139,3704578
1997-12-08,22.615139,22.933783,22.615139,22.882438,3543708
1997-12-09,22.882438,22.882438,22.16612,22.200986,4480215
1997-12-10,22.200986,22.200986,21.564328,21.832049,4142556
1997-12-11,21.83226,21.83226,21.037128,21.170037,4601202
1997-12-12,21.176376,21.274421,20.584094,20.675799,4247568
1997-12-15,20.675799,20.946266,20.289326,20.800256,4427094
1997-12-16,20.800256,21.29048,20.800256,21.073471,4384419
1997-12-17,21.07326,21.383031,20.773843,20.784409,4230979
1997-12-18,20.784409,20.808498,20.221285,20.428152,4135797
1997-12-19,20.428152,20.558314,19.813682,20.49429,4438098
1997-12-22,20.494078,20.936124,20.485626,20.616211,3502821
1997-12-23,20.614521,20.689111,20.057104,20.06471,3431323
1997-12-24,20.06471,20.282775,19.80375,19.841151,1743702
1997-12-26,19.841151,20.162965,19.841151,20.159797,1143402
1997-12-29,20.159797,20.679602,20.159797,20.676645,3603308
1997-12-30,20.676645,21.124606,20.676645,21.097772,4236006
1997-12-31,21.097772,21.235963,20.925136,20.936547,4443237
1998-01-02,20.935913,21.304214,20.870831,21.304214,2424995
1998-01-05,21.304214,21.735061,21.283507,21.498401,3807021
1998-01-06,21.498401,21.515305,21.171305,21.263221,3550858
1998-01-07,21.263221,21.263221,20.680236,20.944154,3861649
1998-01-08,20.939504,21.208706,20.755672,21.015151,3603085
1998-01-09,21.01494,21.035437,20.076755,20.204593,4543780
1998-01-12,20.204593,20.524295,19.714792,20.521124,3900693
1998-01-13,20.521124,21.025716,20.521124,21.025716,4144791
1998-01-14,21.025716,21.171305,20.790114,21.053609,3863548
1998-01-15,21.053609,21.22244,20.855195,21.036916,3683520
1998-01-16,21.036916,21.312455,21.036916,21.254347,3916892
1998-01-20,21.254347,21.698295,21.254347,21.698295,3996545
1998-01-21,21.698295,21.759785,21.497345,21.690688,4004141
1998-01-22,21.695336,21.748162,21.436067,21.56623,3689385
1998-01-23,21.56623,21.735907,21.456775,21.64737,3616156
1998-01-26,21.64737,21.698718,21.334853,21.476849,3285759
1998-01-27,21.476849,21.949746,21.433743,21.885932,3801379
1998-01-28,21.885932,22.501669,21.885932,22.465746,4343531
1998-01-29,22.466169,22.864687,22.389678,22.588303,4624829
1998-01-30,22.588303,22.826231,22.539703,22.633311,4074857
1998-02-02,22.633311,23.319835,22.633311,23.264262,4513952
1998-02-03,23.264262,23.529448,23.167697,23.48127,4268291
1998-02-04,23.481059,23.830132,23.400974,23.759766,4582825
1998-02-05,23.759766,24.1623,23.519726,23.557339,4837200
1998-02-06,23.557339,23.970015,23.464365,23.968534,4210646
1998-02-09,23.968534,24.067002,23.654115,23.723423,3846456
1998-02-10,23.72258,24.193784,23.707575,24.084119,4667225
1998-02-11,24.084119,24.204349,23.930078,24.063412,4245669
1998-02-12,24.063412,24.221254,23.718352,24.189982,4298566
1998-02-13,24.189982,24.189982,24.014811,24.018613,3816069
1998-02-17,24.017558,24.251258,23.787871,23.848304,3865168
1998-02-18,23.848092,24.104192,23.788926,24.104192,3840088
1998-02-19,24.104615,24.538421,24.104615,24.442488,4127140
1998-02-20,24.4427,24.592301,24.177936,24.505456,4165625
1998-02-23,24.505456,25.055902,24.505456,25.050619,4087146
1998-02-24,25.050619,25.250511,24.771909,24.773178,4328506
1998-02-25,24.773178,25.370109,24.773178,25.364615,4720290
1998-02-26,25.364615,25.522035,25.281783,25.503652,4371851
1998-02-27,25.502597,25.632969,25.231493,25.232339,4558862
1998-03-02,25.232339,25.443431,24.865306,24.882843,4172719
1998-03-03,24.882843,24.882843,24.530814,24.84333,4374309
1998-03-04,24.84333,24.959546,24.65506,24.931021,4084297
1998-03-05,24.931021,24.931021,23.747512,23.810268,4883394
1998-03-06,23.808579,24.576877,23.808579,24.576877,4421229
1998-03-09,24.576877,24.576877,23.84281,23.84281,4129765
1998-03-10,23.84281,24.274503,23.84281,24.270487,4468149
1998-03-11,24.270487,24.592513,24.23182,24.381633,4683368
1998-03-12,24.381633,24.647031,24.247456,24.580258,4223661
1998-03-13,24.580258,24.954052,24.580258,24.707463,4202100
1998-03-16,24.709153,24.963562,24.709153,24.937361,3855337
1998-03-17,24.937361,24.937361,24.487073,24.67788,4468261
1998-03-18,24.67788,24.883478,24.454954,24.870588,4229079
1998-03-19,24.870588,25.065198,24.862347,25.063931,4408773
1998-03-20,25.063931,25.163666,24.688445,24.710422,4224611
1998-03-23,24.710422,25.037095,24.573075,24.916442,4086029
1998-03-24,24.916442,25.352993,24.916442,25.3101,4489878
1998-03-25,25.3101,26.009724,25.3101,25.669524,4868815
1998-03-26,25.669736,25.849555,25.490128,25.735451,4050056
1998-03-27,25.735451,25.920975,25.495834,25.602331,4124626
1998-03-30,25.602331,25.676922,25.381097,25.49668,3663020
1998-03-31,25.489073,25.927739,25.489073,25.792927,4697612
1998-04-01,25.792927,25.999159,25.524571,25.956687,4667337
1998-04-02,25.960277,26.127842,25.864559,25.994088,5128217
1998-04-03,25.994088,26.207504,25.908509,26.067621,4820945
1998-04-06,26.067621,26.08368,25.454631,25.469844,4251143
1998-04-07,25.469844,25.469844,24.783109,24.978776,4337219
1998-04-08,24.978776,25.302914,24.951517,25.16747,4019502
1998-04-09,25.16747,25.441741,25.16747,25.290871,4221930
1998-04-13,25.292772,25.472168,25.020402,25.41913,3529353
1998-04-14,25.41913,25.708617,25.296997,25.633604,4343978
1998-04-15,25.633604,26.157213,25.633604,26.01902,5038063
1998-04-16,26.01902,26.01902,25.731014,25.938092,4774863
1998-04-17,25.938092,26.02388,25.720237,26.016696,4535234
1998-04-20,26.016696,26.497622,26.009301,26.478605,4517360
1998-04-21,26.478605,26.840144,26.22314,26.829156,5242613
1998-04-22,26.829156,27.682821,26.829156,27.27712,5731254
1998-04-23,27.27712,27.27712,26.575381,26.594187,4979748
1998-04-24,26.594187,26.820071,26.266879,26.415848,4503507
1998-04-27,26.415848,26.415848,25.459067,25.780038,4448320
1998-04-28,25.780038,26.256102,25.574229,25.831806,4369282
1998-04-29,25.831806,26.238776,25.831806,26.19229,4428044
1998-04-30,26.19229,26.54263,26.19229,26.373165,4703477
1998-05-01,26.373165,26.498889,26.224829,26.44522,4326718
1998-05-04,26.44522,26.79387,26.44522,26.535867,4305716
1998-05-05,26.532699,26.575381,26.312944,26.355204,4286333
1998-05-06,26.355204,26.530164,26.15045,26.24913,4205061
1998-05-07,26.249341,26.288855,25.828848,25.835611,4000902
1998-05-08,25.835611,26.520231,25.716224,26.498045,4013023
1998-05-11,26.498045,26.778234,26.149184,26.152142,4041901
1998-05-12,26.152354,26.548336,26.002538,26.548336,4110215
1998-05-13,26.548336,26.843314,26.548336,26.689273,4378331
1998-05-14,26.689273,27.052716,26.408876,26.754145,4140769
1998-05-15,26.753087,26.846273,26.327522,26.402113,4222656
1998-05-18,26.402113,26.526782,26.038884,26.254412,3831430
1998-05-19,26.254412,26.607711,26.254412,26.531007,3787359
1998-05-20,26.531007,26.615106,26.070368,26.154043,3766971
1998-05-21,26.154043,26.251242,25.809618,25.857161,3808808
1998-05-22,25.857161,26.27829,25.578454,25.654946,3560075
1998-05-26,25.654946,25.922456,25.320242,25.35891,3777416
1998-05-27,25.35891,25.566199,24.938627,25.556266,4434467
1998-05-28,25.556266,25.740101,25.361445,25.669736,3602135
1998-05-29,25.669736,25.792716,25.182049,25.18881,3710275
1998-06-01,25.18881,25.18881,24.513909,24.628436,3605878
1998-06-02,24.628436,25.155636,24.628436,25.08485,3915998
1998-06-03,25.08485,25.332708,24.586175,24.59526,4060837
1998-06-04,24.59526,25.255582,24.59526,25.254736,4050782
1998-06-05,25.254736,25.519711,25.094992,25.497946,3796017
1998-06-08,25.497946,25.625786,25.354685,25.504709,3407807
1998-06-09,25.504498,25.871954,25.440684,25.852513,3960796
1998-06-10,25.852513,25.866249,25.340738,25.341795,3951691
1998-06-11,25.341584,25.50344,25.019135,25.041743,4011738
1998-06-12,25.041743,25.088652,24.466365,25.081469,4164955
1998-06-15,25.081469,25.236144,24.704293,24.797899,3513601
1998-06-16,24.797899,25.594725,24.797899,25.586695,3800653
1998-06-17,25.586695,26.125095,25.586695,25.865191,4640581
1998-06-18,25.865403,26.005708,25.694459,25.933865,4031232
1998-06-19,25.933865,26.255258,25.933865,26.195458,3980905
1998-06-22,26.195458,26.750129,26.078609,26.707236,3607889
1998-06-23,26.722238,27.526245,26.722238,27.519907,4512109
1998-06-24,27.519907,28.142194,27.156464,28.127827,5180164
1998-06-25,28.127827,28.471826,27.639926,27.710291,4684094
1998-06-26,27.710291,27.986675,27.710291,27.911873,3433167
1998-06-29,27.911873,28.374204,27.911873,28.308489,3682570
1998-06-30,28.308701,28.424283,27.957938,28.25841,4816030
1998-07-01,28.25841,28.656084,28.232421,28.655661,4788995
1998-07-02,28.655661,28.655661,28.142194,28.156775,4431339
1998-07-06,28.156775,28.410127,28.020271,28.369133,3864274
1998-07-07,28.369133,28.4657,28.097821,28.44816,4504624
1998-07-08,28.44816,29.130459,28.447951,29.114188,4702192
1998-07-09,29.114188,29.52454,29.0284,29.227869,4719061
1998-07-10,29.227869,29.425437,28.928666,29.394588,3963701
1998-07-13,29.394588,30.024272,29.394588,30.017297,4339845
1998-07-14,30.017509,30.289879,29.898545,29.965529,4714146
1998-07-15,29.965529,30.682691,29.965529,30.630076,5140561
1998-07-16,30.630076,30.820884,30.3744,30.694313,5054094
1998-07-17,30.694313,30.979784,30.528441,30.934142,4459212
1998-07-20,30.934142,31.239897,30.820672,30.974713,4033243
1998-07-21,30.974713,31.399009,30.232405,30.256282,4771455
1998-07-22,30.256282,30.406519,29.693371,30.2286,4629186
1998-07-23,30.2286,30.553796,29.704147,29.704993,4848427
1998-07-24,29.704993,30.126753,29.283654,29.764157,4499932
1998-07-27,29.764157,30.141755,28.969023,30.139643,3997048
1998-07-28,30.139643,30.294738,29.420366,29.440441,4485577
1998-07-29,29.440441,29.85079,29.105735,29.16152,4080610
1998-07-30,29.16152,30.050262,29.16152,30.048361,4130882
1998-07-31,30.048572,30.048572,29.088198,29.101933,4136468
1998-08-03,29.101933,29.242873,28.745465,28.915563,3659445
1998-08-04,28.915563,29.288513,27.815308,27.833692,5110901
1998-08-05,27.833692,28.380544,27.256201,28.101202,5040800
1998-08-06,28.101202,28.861259,27.832002,28.861259,4369617
1998-08-07,28.861259,29.340707,28.720953,28.823223,4529257
1998-08-10,28.823435,29.062843,28.582128,28.798079,3055459
1998-08-11,28.798079,28.798079,27.817632,28.106062,4093904
1998-08-12,28.106062,28.686299,28.106062,28.624389,3986211
1998-08-13,28.624389,28.813716,28.277428,28.280598,3554992
1998-08-14,28.280598,28.58593,27.892223,28.104161,3737422
1998-08-17,28.104161,28.905209,27.938286,28.90183,3499134
1998-08-18,28.90183,29.706683,28.90183,29.608638,4199531
1998-08-19,29.608638,30.034626,29.505522,29.54567,4108874
1998-08-20,29.54567,29.683651,29.276258,29.544401,3472099
1998-08-21,29.544401,29.544401,28.387516,29.049319,4385592
1998-08-24,29.049319,29.421424,28.874994,28.967968,3285759
1998-08-25,28.967968,29.556447,28.967968,29.336268,3843216
1998-08-26,29.336268,29.336268,28.75455,29.034106,3831039
1998-08-27,29.034106,29.034106,27.50279,27.713038,5358182
1998-08-28,27.728886,27.897506,26.402113,26.73069,5058116
1998-08-31,26.73069,27.021864,24.08919,24.095739,5606859
1998-09-01,24.095739,25.779826,23.626224,25.674598,7030666
1998-09-02,25.674598,26.562491,25.66361,25.809407,5241105
1998-09-03,25.809407,25.993242,25.068579,25.545701,4201877
1998-09-04,25.545701,26.020078,24.965886,25.47069,3482209
1998-09-08,25.47069,27.18816,25.47069,27.183512,4358725
1998-09-09,27.183512,27.898352,26.661382,26.661594,3883043
1998-09-10,26.661594,26.661594,25.680935,26.103753,4261477
1998-09-11,26.103753,27.265497,26.103753,27.262327,3947558
1998-09-14,27.262327,27.891377,27.262327,27.643307,3835843
1998-09-15,27.643307,27.984351,27.373896,27.980546,3713571
1998-09-16,27.980126,28.241085,27.776852,28.133953,4003862
1998-09-17,28.133953,28.133953,27.111879,27.295926,3818806
1998-09-18,27.295926,27.529203,27.164705,27.484195,3614871
1998-09-21,27.484195,28.054714,26.609403,28.054714,3064731
1998-09-22,28.054714,28.429356,28.013511,28.23411,4218243
1998-09-23,28.23411,29.46939,28.23411,29.46939,5210271
1998-09-24,29.46939,29.640545,28.481548,28.662422,4547243
1998-09-25,28.662422,29.377685,28.294965,29.373034,3911306
1998-09-28,29.373034,29.860512,28.900772,29.228504,3891477
1998-09-29,29.229561,29.590678,28.928243,29.263158,4366433
1998-09-30,29.253648,29.253648,28.390686,28.430411,4120939
1998-10-01,28.430411,28.430411,26.759004,26.914523,4786760
1998-10-02,26.914523,27.167029,25.962813,26.971574,4867698
1998-10-05,26.782459,26.782459,24.826847,25.518656,4899704
1998-10-06,25.518656,26.421342,24.815439,25.036038,4955561
1998-10-07,25.020402,25.459279,24.074609,24.32289,5251885
1998-10-08,24.187655,24.187655,22.467227,23.853586,6756015
1998-10-09,23.853586,25.337991,23.853586,25.311366,4987121
1998-10-12,25.322989,26.600315,25.322989,26.27343,4272090
1998-10-13,26.27343,26.27343,25.341584,25.502174,3706365
1998-10-14,25.493721,26.485368,24.795363,26.110093,4189588
1998-10-15,26.110093,27.480182,26.026838,27.462222,4701354
1998-10-16,27.462222,27.856723,27.234013,27.340722,5457776
1998-10-19,27.340722,27.69888,27.121601,27.684301,4697165
1998-10-20,27.684301,28.199459,27.106597,27.11505,6073604
1998-10-21,27.11505,28.146633,27.11505,28.146633,4644435
1998-10-22,28.146633,28.646151,27.85144,28.635586,4993656
1998-10-23,28.635586,28.754341,28.296869,28.327295,4617568
1998-10-26,28.327295,28.937327,28.301729,28.925919,4555566
1998-10-27,28.925919,29.876148,28.596495,28.596495,5395327
1998-10-28,28.596495,29.1742,28.483872,29.158984,4378219
1998-10-29,29.158984,29.539964,28.961416,29.504255,5025160
1998-10-30,29.504255,29.890938,29.478054,29.593425,5138941
1998-11-02,29.593425,29.991307,29.593425,29.979476,4966565
1998-11-03,29.979476,29.979476,29.487985,29.618991,4965728
1998-11-04,29.618991,30.376513,29.618991,30.300867,5867546
1998-11-05,30.300867,30.551261,30.06611,30.470756,5132909
1998-11-06,30.470544,30.852791,30.405041,30.815178,5237362
1998-11-09,30.815178,31.074236,30.57535,31.01148,4724032
1998-11-10,31.01148,31.442115,30.801022,31.219613,5085709
1998-11-11,31.219613,31.790766,31.219613,31.287863,5224627
1998-11-12,31.235249,31.273919,30.862089,30.988448,4492615
1998-11-13,30.988448,31.224261,30.73425,30.960555,4492838
1998-11-16,30.960555,31.462188,30.796795,31.179887,4212657
1998-11-17,31.179887,31.868524,30.918929,31.66483,4599582
1998-11-18,31.66483,32.10772,31.599112,32.010098,5022199
1998-11-19,32.010098,32.750505,32.010098,32.486797,5483414
1998-11-20,32.486797,32.856789,32.35579,32.629849,4865408
1998-11-23,32.629849,33.675165,32.629849,33.577334,5312267
1998-11-24,33.577334,33.934435,33.37892,33.40343,5567927
1998-11-25,33.40343,33.776592,33.130216,33.77638,4555399
1998-11-27,33.77638,34.418319,33.77638,34.407543,2865096
1998-11-30,34.408177,34.535382,32.909826,32.92018,6180739
1998-12-01,32.92018,34.499882,32.438833,34.495868,5731254
1998-12-02,34.495868,34.531366,33.707707,34.211876,5487380
1998-12-03,34.212933,34.680759,33.254463,33.254463,5811912
1998-12-04,33.276648,34.44262,33.276648,34.44262,4974553
1998-12-07,34.44262,35.445463,34.44262,35.433209,4528531
1998-12-08,35.433209,35.901246,34.878538,35.248742,5132685
1998-12-09,35.248742,35.637749,35.116043,35.612605,4780001
1998-12-10,35.612605,35.858774,34.916783,34.923334,4863453
1998-12-11,34.923757,35.514771,34.746685,35.393484,4375538
1998-12-14,35.386512,35.386512,33.967611,34.106224,4147081
1998-12-15,34.106013,35.159781,34.106013,35.156191,4282535
1998-12-16,35.156191,35.431728,34.685618,34.997713,4697500
1998-12-17,34.997713,35.70262,34.997713,35.702409,4421788
1998-12-18,35.702409,36.674192,35.702409,36.661091,5035717
1998-12-21,36.673769,37.8334,36.673769,37.766207,5353267
1998-12-22,37.766207,37.89975,37.013546,37.354587,5064819
1998-12-23,37.354587,38.435191,37.354587,38.435191,5391864
1998-12-24,38.435191,38.435191,38.154371,38.162189,2478004
1998-12-28,38.162189,38.712209,38.145495,38.541477,4814242
1998-12-29,38.541477,38.625787,38.094994,38.52711,5089619
1998-12-30,38.52711,38.941264,38.166626,38.26636,5137601
1998-12-31,38.289603,39.056423,38.243963,38.795464,4952489
1999-01-04,38.795464,39.611093,38.740949,39.183839,5231944
1999-01-05,39.183839,40.210983,39.065298,40.210983,5297242
1999-01-06,40.210983,41.498875,40.210983,41.498875,6996984
1999-01-07,41.498875,41.746524,40.720646,41.549588,6707921
1999-01-08,41.549588,42.43516,41.012034,41.704052,7187123
1999-01-11,41.704052,42.275414,41.592272,42.264428,6372944
1999-01-12,42.264428,42.410648,40.940614,40.973364,6185096
1999-01-13,40.973364,41.960363,38.851248,41.176849,6677591
1999-01-14,41.523175,41.523175,40.263175,40.27691,5654282
1999-01-15,40.27691,41.888307,40.27691,41.872248,5592225
1999-01-19,41.872248,42.980955,41.872248,42.972925,5906870
1999-01-20,42.972925,44.294839,42.95391,42.972925,7155228
1999-01-21,42.972925,42.972925,41.358781,41.452601,6054166
1999-01-22,41.452601,42.066226,40.711771,41.504369,5668079
1999-01-25,41.504369,42.221956,41.231367,42.200614,4864961
1999-01-26,42.348103,43.602821,42.348103,43.574928,5754211
1999-01-27,43.575139,44.194259,42.896222,42.902139,5778342
1999-01-28,42.902139,44.49325,42.902139,44.470645,5663331
1999-01-29,44.470645,44.969317,43.824478,44.948187,5904803
1999-02-01,44.948187,45.44771,44.680679,45.027214,5346173
1999-02-02,45.027214,45.079405,43.64973,43.923366,5383039
1999-02-03,43.925059,44.798376,43.62015,44.794992,5904189
1999-02-04,44.795203,44.830494,42.842976,42.845089,6139795
1999-02-05,42.845089,43.101399,41.495707,42.018682,5662493
1999-02-08,42.018682,42.983491,41.970082,42.983491,4925398
1999-02-09,42.983491,43.025751,40.892224,40.894125,5081799
1999-02-10,40.894125,41.709123,40.665919,41.081131,5114420
1999-02-11,41.128251,43.213177,41.128251,43.204727,5372146
1999-02-12,43.204727,43.204727,41.371672,41.385828,4678397
1999-02-16,41.385828,42.358668,41.008441,41.298983,4576066
1999-02-17,41.298771,41.298771,39.846908,39.965238,5042699
1999-02-18,39.965238,40.46983,39.405919,40.276275,4803238
1999-02-19,40.276275,40.964279,40.276275,40.815098,4543892
1999-02-22,40.816367,42.184132,40.54294,42.176525,4711632
1999-02-23,42.176525,43.008003,42.083128,42.857132,5094814
1999-02-24,42.857132,43.440119,42.014032,42.031149,5200832
1999-02-25,42.031149,42.031149,40.916736,41.719477,4796479
1999-02-26,41.719477,41.719477,40.458207,40.681767,5033706
1999-03-01,40.696346,41.106274,40.195982,40.944204,4305492
1999-03-02,40.944204,41.285036,39.859375,39.907975,4993768
1999-03-03,39.97221,40.426091,39.521501,40.143579,4828206
1999-03-04,40.143579,41.295181,39.742946,40.845527,4968129
1999-03-05,40.846162,41.95508,40.846162,41.623967,4799272
1999-03-08,41.623967,42.993633,41.623967,42.980112,5422362
1999-03-09,42.980112,43.744816,42.708797,42.864315,5769516
1999-03-10,43.127075,43.153436,42.41532,43.074352,5232000
1999-03-11,43.390682,43.641114,42.441675,43.285236,9688600
1999-03-12,43.127077,43.153438,41.888096,42.230793,8743600
1999-03-15,42.547106,43.496112,42.098965,43.44339,6369000
1999-03-16,43.62794,43.996999,43.153437,43.812469,4905800
1999-03-17,43.812456,43.865178,43.364314,43.49612,3965000
1999-03-18,43.4434,44.366045,43.430219,44.339684,4848400
1999-03-19,44.919646,44.919646,43.1798,43.206161,7160400
1999-03-22,43.390672,43.496117,42.599833,42.678917,5024800
1999-03-23,42.44168,42.599848,41.097254,41.176338,10962400
1999-03-24,41.545374,42.599825,40.912703,42.573463,8447000
1999-03-25,43.232493,44.128777,42.949109,44.128777,8133800
1999-03-26,43.759727,44.260591,43.469753,43.654282,8256200
1999-03-29,44.181503,45.262316,43.91789,45.235954,5113800
1999-03-30,45.183252,45.552311,44.735111,44.91964,4940600
1999-03-31,45.657741,45.710464,44.128787,44.260593,8256600
1999-04-01,45.552282,45.605004,44.445108,45.183224,8715800
1999-04-05,45.914757,46.883534,45.631373,46.817631,5697200
1999-04-06,46.764914,47.423946,46.369494,46.909901,7522400
1999-04-07,47.344867,47.450312,45.420493,46.422222,11923600
1999-04-08,46.343145,47.015357,45.394138,46.791286,7952400
1999-04-09,46.71218,47.186683,46.580374,47.081238,4946800
1999-04-12,45.974069,47.081243,45.921347,46.764908,10934000
1999-04-13,47.054889,47.160334,45.763186,46.132244,9962200
1999-04-14,46.712177,46.764899,44.29353,44.550552,21253800
1999-04-15,44.708734,45.229369,43.127057,45.156876,17650600
1999-04-16,45.051433,45.051433,43.601562,43.838814,17274000
1999-04-19,44.128781,44.497839,41.341076,41.782627,19460600
1999-04-20,41.598108,43.07434,41.202689,42.731644,17413600
1999-04-21,43.127069,44.866915,42.547121,44.840553,10940400
1999-04-22,45.262334,46.18498,44.96577,46.053173,13630600
1999-04-23,45.815905,47.002162,45.341402,46.659466,7064400
1999-04-26,46.975805,48.082979,46.824228,47.733692,5421000
1999-04-27,48.082975,48.320227,46.402444,47.002163,16482800
1999-04-28,46.606742,46.76491,45.189823,45.394123,7676800
1999-04-29,45.183238,45.446851,44.076064,45.02507,19148200
1999-04-30,45.657737,45.894989,43.707002,45.315041,15295200
1999-05-03,45.183238,45.367767,44.319906,45.077793,11109800
1999-05-04,45.156866,45.868621,44.102415,44.366028,15428400
1999-05-05,44.392408,45.710472,43.047982,45.710472,12642600
1999-05-06,45.288682,45.684101,43.627921,44.049702,15173400
1999-05-07,44.445133,44.814191,43.496126,44.682384,16430400
1999-05-10,44.972367,45.43369,44.445141,45.130535,10604200
1999-05-11,45.499588,46.079537,45.235975,45.842285,8800800
1999-05-12,46.05317,46.949454,44.708745,46.791286,12507400
1999-05-13,47.160337,47.23942,45.710466,45.921356,9864000
1999-05-14,45.025072,45.552298,44.708737,45.051434,12205400
1999-05-17,44.655998,46.000423,44.214447,45.862026,9906800
1999-05-18,45.815917,46.07953,45.130523,45.657749,9267800
1999-05-19,45.842264,46.316767,45.130509,46.290405,7985600
1999-05-20,46.389277,46.389277,44.945996,45.01849,5997200
1999-05-21,45.15687,45.288676,44.366031,44.603283,10958600
1999-05-24,44.682368,44.761452,43.179775,43.469749,9569800
1999-05-25,43.417064,44.049735,41.861747,42.046276,17771200
1999-05-26,42.59984,43.390678,41.281775,43.21933,26772000
1999-05-27,43.047992,43.805879,42.494405,43.179798,23334800
1999-05-28,43.443402,44.128796,42.889815,43.891544,12969800
1999-06-01,43.812467,44.023358,42.678932,42.916183,6960200
1999-06-02,42.889802,43.865169,41.815579,43.641098,11996600
1999-06-03,43.970632,43.970632,42.758013,43.021626,11147800
1999-06-04,43.337955,44.491261,43.337955,44.339684,12987200
1999-06-07,44.649425,45.545709,44.550571,45.262325,11491800
1999-06-08,45.367757,45.578647,43.898115,44.128777,8134800
1999-06-09,44.286934,44.992098,44.260573,44.866882,8384400
1999-06-10,44.392394,44.656007,43.819036,44.352852,9392400
1999-06-11,44.656009,44.702141,43.285222,43.680641,16567600
1999-06-14,43.838823,43.838823,42.75801,42.856865,14136800
1999-06-15,42.962304,43.753143,42.837088,43.49612,9147800
1999-06-16,44.576934,45.73024,44.524211,45.73024,15060200
1999-06-17,45.13052,46.448584,45.13052,46.237694,16278200
1999-06-18,45.815915,46.580392,45.736831,46.448586,5392800
1999-06-21,46.764931,47.865515,46.685847,47.839153,10565200
1999-06-22,47.555755,48.162065,46.395859,46.395859,10862800
1999-06-23,46.402449,47.23942,46.105884,47.127384,9607000
1999-06-24,47.107598,47.133959,45.974063,46.191544,14988800
1999-06-25,46.501302,46.87036,45.710464,46.132244,8635600
1999-06-28,46.527672,47.292149,46.145433,47.226246,7666200
1999-06-29,47.186704,48.056626,46.949452,47.872097,9000400
1999-06-30,47.918234,50.560953,47.351466,48.610218,19467600
1999-07-01,48.768395,49.216537,47.924833,48.939743,6822600
1999-07-02,48.926541,49.611934,48.926541,49.559212,3302000
1999-07-06,49.822826,50.323691,48.979265,49.242878,8794800
1999-07-07,49.216512,49.532847,48.873815,49.321957,10520000
1999-07-08,49.321971,50.185303,49.084719,49.981003,11225000
1999-07-09,50.165522,50.53458,49.796464,50.481857,4206800
1999-07-12,50.666384,50.929997,49.928269,50.218243,7816200
1999-07-13,49.981003,50.165532,49.585583,49.981003,6230000
1999-07-14,50.481871,50.930013,49.770116,50.831158,6909400
1999-07-15,51.009079,51.299053,50.725695,51.299053,6539800
1999-07-16,51.32544,52.063557,51.305669,51.773582,4913800
1999-07-19,51.984462,51.984462,51.042046,51.246346,6833000
1999-07-20,50.62023,50.692723,49.137408,49.269215,14837400
1999-07-21,49.374694,49.934871,48.979274,49.5065,10980400
1999-07-22,49.506493,49.506493,48.109345,48.247742,15148400
1999-07-23,48.610207,48.814506,47.819368,48.320232,12115000
1999-07-26,47.661198,48.188423,47.054888,47.133972,10720000
1999-07-27,48.082989,48.821105,47.674389,48.082989,13732800
1999-07-28,48.662919,49.29559,48.036839,49.025387,10161800
1999-07-29,48.109349,48.504769,47.50304,47.977543,13033800
1999-07-30,48.188433,48.715659,47.667798,47.740292,10947400
1999-08-02,47.819365,48.768371,47.423946,47.608475,9642400
1999-08-03,48.260916,48.267506,46.606745,47.298729,13005000
1999-08-04,47.298732,47.654609,46.402448,46.44199,13227600
1999-08-05,46.448593,47.180119,45.341419,47.180119,18695200
1999-08-06,46.843982,47.713904,46.343118,46.672634,12392200
1999-08-09,46.844016,46.975823,45.980684,46.072948,7983400
1999-08-10,45.947723,46.28383,44.65602,45.657749,16767200
1999-08-11,46.474942,47.239419,45.776368,47.160336,13101400
1999-08-12,47.344874,47.66121,46.501313,46.606758,12715000
1999-08-13,47.582115,48.689289,47.503031,48.636566,14342600
1999-08-16,48.610197,49.190145,48.293861,49.025387,11470600
1999-08-17,49.453744,49.506466,48.372931,49.269215,11408400
1999-08-18,49.031957,49.638266,48.531093,48.715622,7035200
1999-08-19,48.267514,48.610211,47.825963,48.135708,10157800
1999-08-20,48.188419,48.900173,47.924806,48.900173,6920800
1999-08-23,49.348331,50.455505,49.236296,50.455505,9652000
1999-08-24,50.086436,51.351778,49.987582,50.798191,13891400
1999-08-25,51.114551,52.089919,50.560964,51.879028,11352000
1999-08-26,51.879014,52.063543,50.936598,51.015682,9753000
1999-08-27,51.397918,51.404508,50.376418,50.508224,9635400
1999-08-30,50.719092,50.87726,49.664641,49.796448,10141600
1999-08-31,50.139173,50.666399,49.031999,50.350063,14590400
1999-09-01,50.666404,51.140907,50.350068,50.712536,10752000
1999-09-02,49.770095,50.798185,49.66465,50.534573,14583200
1999-09-03,51.984467,52.87416,51.799938,52.854389,14195400
1999-09-07,52.748933,53.276159,52.538043,52.617126,9009000
1999-09-08,52.300803,52.828029,51.483603,51.905384,14303400
1999-09-09,51.931731,52.775292,51.668118,52.643486,12677600
1999-09-10,53.355247,53.770437,52.748937,53.249802,10251000
1999-09-13,53.197081,53.302526,52.327158,52.610542,7240800
1999-09-14,52.406231,53.269563,52.300786,52.900505,10022600
1999-09-15,53.559561,53.559561,51.826306,51.879028,16096000
1999-09-16,51.852665,52.327168,50.778442,51.852665,15371000
1999-09-17,52.327146,53.513404,52.248063,53.407959,14506400
1999-09-20,53.566132,53.777022,53.170713,53.53318,6187200
1999-09-21,53.065258,53.170703,52.096481,52.248058,12265800
1999-09-22,52.32714,53.078437,51.69447,52.801643,12441800
1999-09-23,53.355244,53.460689,50.303925,50.61367,19766000
1999-09-24,50.297338,50.877287,49.453777,50.679577,23570800
1999-09-27,51.404504,51.773562,50.877278,51.035446,12608800
1999-09-28,50.77842,51.457223,49.691017,51.272694,20622000
1999-09-29,51.272708,51.641766,50.244617,50.244617,15557000
1999-09-30,50.719101,51.299049,50.086431,50.771824,17604200
1999-10-01,50.086443,50.791607,49.559217,50.791607,19607400
1999-10-04,51.061772,52.116223,50.771798,51.931694,12434200
1999-10-05,52.116275,52.933475,51.19363,52.300804,19526400
1999-10-06,52.617141,53.427751,51.819712,53.348667,19098200
1999-10-07,53.645211,53.902234,52.828011,53.223431,22013600
1999-10-08,53.012547,53.935193,52.300793,53.783615,22523200
1999-10-11,53.935202,54.567873,53.803395,54.541512,13016000
1999-10-12,54.35698,54.791941,53.144361,53.302528,20182800
1999-10-13,52.696212,53.328883,51.509954,51.720844,22570600
1999-10-14,51.905373,52.406238,51.061812,52.04377,22130400
1999-10-15,50.719115,51.457231,50.198479,50.508224,33703000
1999-10-18,50.560933,50.745462,48.43226,49.86895,24714800
1999-10-19,50.409375,50.666397,49.29561,50.139172,26657200
1999-10-20,50.90364,52.083308,50.402776,51.668118,22486400
1999-10-21,50.824555,52.511677,50.455497,52.511677,22454800
1999-10-22,52.821434,53.35525,52.089908,52.274437,16589400
1999-10-25,52.037191,52.874162,51.826301,52.300804,13855400
1999-10-26,52.93348,53.223454,51.773583,51.879028,13542400
1999-10-27,51.747197,51.984448,50.98931,51.799919,15225200
1999-10-28,52.617131,53.777028,52.142628,53.592499,14103800
1999-10-29,54.83149,55.885942,54.646961,55.464161,19000000
1999-11-01,55.464149,56.123182,55.101682,55.174175,9681800
1999-11-02,55.464138,56.149531,54.996225,55.207115,12834800
1999-11-03,55.991377,56.624048,55.833209,56.307713,18752600
1999-11-04,57.091946,57.203981,56.334059,56.940369,20048600
1999-11-05,58.100265,58.390239,57.520317,57.520317,15134600
1999-11-08,57.731208,58.884514,57.546679,58.680214,10890800
1999-11-09,59.154728,59.260173,57.783941,58.284805,14629800
1999-11-10,58.311132,59.550112,58.047519,59.049248,16561000
1999-11-11,59.681949,60.182813,59.154723,60.103729,18501400
1999-11-12,60.420093,60.947319,58.522079,60.894596,28646600
1999-11-15,60.947292,61.158182,60.472789,60.775944,10909400
1999-11-16,61.000002,62.60804,60.736389,62.318066,19126400
1999-11-17,62.318071,62.588274,61.158175,61.47451,21683600
1999-11-18,61.89626,63.35931,61.527202,63.35931,17738400
1999-11-19,63.082545,64.031551,62.845293,63.926105,17939400
1999-11-22,64.057895,65.375959,62.950722,62.950722,18841800
1999-11-23,64.479719,64.532441,62.634428,63.240738,24047600
1999-11-24,63.425245,65.58028,62.766213,65.323257,18617800
1999-11-26,66.140466,66.456802,65.270544,65.534157,8045200
1999-11-29,65.40236,65.955947,64.37427,64.453354,20485200
1999-11-30,64.585153,64.690598,62.001747,62.001747,23702400
1999-12-01,62.687144,63.662512,62.212641,63.346176,23205800
1999-12-02,63.58342,65.481433,63.543878,65.356216,17229200
1999-12-03,66.904956,67.643072,66.562259,66.746788,21444600
1999-12-06,67.003779,67.906652,66.377698,67.353065,16018400
1999-12-07,67.563956,67.827568,66.502914,67.353065,23397000
1999-12-08,67.37286,67.900085,66.377721,66.535889,19563000
1999-12-09,67.484882,67.85394,65.165089,66.852211,28445400
1999-12-10,67.405807,67.643059,65.903214,67.405807,20428400
1999-12-13,67.175153,68.611843,66.878588,68.321869,16209200
1999-12-14,68.117529,68.512948,66.641298,67.089439,27760200
1999-12-15,66.324985,68.381165,65.745036,68.381165,31797200
1999-12-16,69.277437,70.226443,68.961102,70.068275,27219600
1999-12-17,71.280908,71.597244,70.378034,70.674599,23892400
1999-12-20,71.201848,71.913603,70.595538,71.597267,15392000
1999-12-21,71.80812,75.445976,71.39952,75.445976,26003800
1999-12-22,75.235109,75.340554,73.758877,75.208748,22313600
1999-12-23,75.808454,76.55316,75.076929,76.105019,17543600
1999-12-27,76.184094,76.210455,74.154275,75.656868,19281800
1999-12-28,75.709614,76.342285,74.707885,75.182388,15346400
1999-12-29,75.920538,78.029442,75.815093,78.029442,16512600
1999-12-30,78.978443,79.083888,77.185875,77.185875,21887000
1999-12-31,78.13485,78.609353,77.080399,77.080399,14464400
2000-01-03,81.140049,81.140049,76.553184,79.927429,36345200
2000-01-04,77.607605,78.872947,74.180639,74.444252,33786600
2000-01-05,73.811606,75.604174,71.070033,72.546265,42496600
2000-01-06,73.284371,74.233377,67.273998,67.563972,37134800
2000-01-07,69.962879,75.920532,69.593821,75.920532,28138200
2000-01-10,76.7641,79.242062,75.867815,78.029442,29675600
2000-01-11,77.39673,78.345736,73.389814,74.233376,32546600
2000-01-12,75.076945,75.281245,72.546261,72.598984,29050000
2000-01-13,74.65516,77.185843,73.455721,76.974953,25165200
2000-01-14,78.451189,78.978415,77.607628,78.767525,21898600
2000-01-18,77.660324,79.663781,77.133098,79.189278,16752400
2000-01-19,78.866402,80.981895,77.970118,80.981895,19006000
2000-01-20,80.560052,81.719948,79.301301,80.190994,25958000
2000-01-21,81.403639,81.456362,80.19102,81.192749,18698200
2000-01-24,82.194481,82.352649,76.737696,77.291283,28340400
2000-01-25,77.502196,79.393619,75.419654,78.451202,33276200
2000-01-26,78.662079,78.714801,75.076944,75.287834,23095600
2000-01-27,77.396741,78.029412,73.917051,76.395012,30739200
2000-01-28,75.92051,76.315929,71.491813,72.546265,35313800
2000-01-31,72.440792,75.920481,70.437335,75.656868,36014600
2000-02-01,75.525074,78.029396,74.602429,77.686699,26417600
2000-02-02,77.818523,79.901065,77.686717,78.345749,26169200
2000-02-03,79.558351,81.509086,77.844868,81.403641,30579800
2000-02-04,81.825469,82.87333,81.166436,81.957275,26640000
2000-02-07,82.036316,83.196212,81.192754,83.090767,17761000
2000-02-08,83.828899,86.781363,83.828899,86.570473,21999400
2000-02-09,86.095933,86.207968,83.301637,83.512527,27258200
2000-02-10,84.19791,86.254089,83.136869,86.254089,26341600
2000-02-11,86.095938,86.095938,82.668972,84.250648,24876000
2000-02-14,84.349503,84.356093,82.458081,84.145203,22814600
2000-02-15,83.459823,84.883332,80.876417,84.751526,30572800
2000-02-16,84.277056,85.77965,83.776192,84.35614,25310600
2000-02-17,85.357866,87.097711,84.039801,86.148705,30080200
2000-02-18,86.570444,86.886779,83.038033,83.038033,25271200
2000-02-22,83.51258,84.303418,81.192786,83.301689,37226200
2000-02-23,84.085923,88.573932,83.644371,87.941261,32170800
2000-02-24,88.468492,90.096302,86.043253,89.839279,48868200
2000-02-25,89.575656,90.68283,87.624921,87.783089,32617600
2000-02-28,87.097706,89.153887,84.777913,87.730377,38216200
2000-02-29,89.206579,90.340114,88.521186,90.05014,23978600
2000-03-01,90.471911,91.579085,89.83924,90.788246,24468400
2000-03-02,91.157377,91.262822,88.363079,88.686005,32739200
2000-03-03,91.10459,93.740718,90.261029,93.687996,32017200
2000-03-06,94.267942,95.506922,93.0026,94.426109,23268400
2000-03-07,96.00778,96.060502,91.737253,93.002594,39471000
2000-03-08,93.635301,94.478862,89.654746,93.846191,43512600
2000-03-09,93.819814,97.43131,92.027246,97.009529,30101400
2000-03-10,96.904073,98.222138,95.750767,96.587738,29750600
2000-03-13,92.791719,96.271408,92.396299,94.05706,37544200
2000-03-14,95.111502,95.638728,88.573905,90.577362,39106800
2000-03-15,89.839258,90.261039,85.937788,86.781349,51202600
2000-03-16,88.89027,92.15907,85.199689,91.737289,55282200
2000-03-17,91.104581,93.687987,91.051859,93.477097,31422400
2000-03-20,93.635277,94.057057,89.628362,90.840981,21167200
2000-03-21,89.522914,94.426112,87.361288,94.267944,33435100
2000-03-22,95.744197,97.826739,93.740739,96.165977,24370200
2000-03-23,96.574589,99.329344,95.796931,97.853111,19227400
2000-03-24,99.10527,101.649134,97.022728,99.171173,22063000
2000-03-27,99.540221,100.805563,98.802105,99.32933,11752600
2000-03-28,98.683477,99.382051,95.427858,96.798645,18336300
2000-03-29,97.325858,97.378581,92.791718,92.791718,27189500
2000-03-30,90.471909,95.111494,87.308555,90.471909,42328700
2000-03-31,91.223211,93.318933,87.730341,92.369926,31349900
2000-04-03,90.906847,92.053562,84.988741,86.83403,31551300
2000-04-04,87.414057,87.67767,74.497022,85.990547,66213000
2000-04-05,82.247237,87.677664,81.192786,84.461586,37631500
2000-04-06,86.359551,87.624893,84.145204,86.464996,30499900
2000-04-07,87.835777,90.57735,86.570436,89.944679,20645500
2000-04-10,90.788297,90.841019,83.72347,84.461586,26988200
2000-04-11,81.930912,85.621493,80.191066,82.458138,34497100
2000-04-12,82.352676,83.301682,76.131411,77.607643,34824400
2000-04-13,78.293013,80.981864,74.233376,74.233376,46330500
2000-04-14,72.598994,74.655175,65.797781,67.801239,60851300
2000-04-17,65.81092,75.920469,65.79774,75.604134,55398500
2000-04-18,75.485559,78.451204,73.706172,77.607643,36260900
2000-04-19,78.029388,78.978394,75.129647,75.235092,28082500
2000-04-20,76.236821,76.737685,72.598964,73.600693,21255600
2000-04-24,70.384625,71.913579,67.379438,71.491798,31190900
2000-04-25,72.967991,76.342233,72.546211,76.315872,28663200
2000-04-26,76.447743,77.963518,73.495279,73.706169,25688300
2000-04-27,70.859135,78.016223,69.382903,76.974953,37010400
2000-04-28,78.9257,79.927429,77.713081,79.927429,24828400
2000-05-01,80.770988,81.719994,79.505646,80.665543,23205700
2000-05-02,80.032863,80.665534,75.709612,76.025948,20307900
2000-05-03,75.498724,76.131395,72.13766,75.182388,26589700
2000-05-04,75.076948,76.55318,73.917051,75.340561,17750700
2000-05-05,74.338851,77.871264,74.259767,77.133148,20571200
2000-05-08,76.342262,76.553152,74.022469,74.127914,13903000
2000-05-09,74.655168,75.182393,71.122755,72.546265,19825800
2000-05-10,71.175464,71.689509,67.063104,67.273994,34847500
2000-05-11,69.804705,71.913609,68.223028,71.386383,24709700
2000-05-12,72.019054,73.864345,70.859157,71.386383,17832000
2000-05-15,71.544537,74.760615,69.699247,74.497002,17950800
2000-05-16,75.920503,77.185844,74.286103,76.605896,23758800
2000-05-17,75.287844,76.342295,74.022502,75.024231,20339400
2000-05-18,75.076931,75.380086,72.019022,72.335358,19063000
2000-05-19,70.648246,71.702698,68.592066,68.908401,28178100
2000-05-22,68.855698,69.382923,63.754787,68.855698,43879800
2000-05-23,68.644795,69.699247,62.634422,63.108925,31898500
2000-05-24,63.267128,67.379492,60.947334,67.063156,49476000
2000-05-25,67.695802,69.382925,64.532447,65.586899,29632700
2000-05-26,65.586899,66.852241,63.899776,65.586899,18203200
2000-05-30,67.484891,72.493536,67.484891,72.1772,31590400
2000-05-31,71.254537,73.113007,69.804667,70.121002,29675400
2000-06-01,71.860879,74.54973,70.85915,73.706169,28993500
2000-06-02,78.134833,79.242006,69.593778,78.978394,31677200
2000-06-05,77.818533,80.40194,77.502198,79.17614,23784300
2000-06-06,78.609352,80.138307,76.658617,76.974953,23200500
2000-06-07,77.238561,79.294741,75.551439,79.031128,22524400
2000-06-08,79.821968,80.032858,77.291284,78.662071,19313800
2000-06-09,79.927424,79.927424,78.451191,79.083862,17014600
2000-06-12,79.558348,79.558348,75.920491,76.553162,16484700
2000-06-13,76.34224,79.821928,75.380053,79.505592,25187900
2000-06-14,80.032875,80.032875,77.185856,77.713081,20274500
2000-06-15,77.502185,79.189307,76.658624,79.083862,18807800
2000-06-16,79.927373,80.401876,78.503864,79.505592,21203400
2000-06-19,79.30792,82.879874,78.187565,82.668983,20042500
2000-06-20,82.879902,84.092522,81.983618,82.352676,20988300
2000-06-21,81.667267,84.118867,81.561822,83.407112,20880600
2000-06-22,83.196224,83.51256,79.716534,80.349205,21526700
2000-06-23,80.13834,80.560121,77.08043,77.185875,24888100
2000-06-26,78.5039,79.650616,77.607617,79.294739,22169200
2000-06-27,79.097046,80.191039,77.923968,78.345749,14786000
2000-06-28,78.437997,80.56008,78.029397,79.294739,19259800
2000-06-29,78.398475,78.767533,76.44774,77.304482,21355800
2000-06-30,77.449472,79.25522,77.027691,78.820259,15153100
2000-07-03,78.872973,80.349205,78.662083,80.349205,5212000
2000-07-05,78.978416,79.26839,76.658623,77.238571,16489000
2000-07-06,77.238559,79.92741,75.973217,79.294739,23594700
2000-07-07,80.1383,81.825422,79.663797,80.929138,16603200
2000-07-10,79.87471,80.876439,79.294762,79.703362,12659400
2000-07-11,79.347452,80.770961,78.293001,80.13829,14374600
2000-07-12,80.507369,82.458104,79.821975,82.036324,18252600
2000-07-13,82.616264,84.145218,81.93087,83.090767,19566700
2000-07-14,84.567026,85.305142,83.354407,84.883362,17219400
2000-07-17,85.146973,86.09598,84.250689,85.832367,13140500
2000-07-18,84.672442,85.015139,82.972139,83.934326,20684000
2000-07-19,82.932607,83.459833,80.691898,82.036324,21828500
2000-07-20,82.56353,84.777877,82.049485,84.672432,19521200
2000-07-21,83.038074,83.947539,81.825455,81.825455,14411400
2000-07-24,82.616251,83.512534,79.50562,80.13829,18579200
2000-07-25,80.665559,81.825455,79.136604,80.771004,19065700
2000-07-26,80.560097,81.087323,78.662085,80.665543,20318700
2000-07-27,79.242043,80.191049,77.238584,77.502197,26141800
2000-07-28,77.765764,78.345713,72.546232,73.284348,36485600
2000-07-31,73.917022,76.025924,72.308984,75.445976,27609900
2000-08-01,75.762316,75.907303,73.969749,74.444252,15751800
2000-08-02,74.12795,76.250034,72.968053,73.126221,23578200
2000-08-03,71.070024,76.974952,70.279185,76.289558,35874700
2000-08-04,77.607625,78.253476,75.182386,76.025948,22283400
2000-08-07,76.65863,78.477559,76.131405,77.818527,15103300
2000-08-08,77.660332,79.505622,77.185829,79.400177,14832300
2000-08-09,79.031127,79.663798,77.080392,77.291283,18649800
2000-08-10,77.449404,77.805282,75.498671,75.762283,15336200
2000-08-11,75.287856,76.856353,74.127959,76.816811,21050600
2000-08-14,77.080415,78.451202,76.091867,78.451202,12539300
2000-08-15,78.240312,79.281583,77.607641,78.451202,14090300
2000-08-16,78.820239,79.87469,77.60762,79.24202,15245300
2000-08-17,78.398487,80.876449,78.345765,80.771004,14492400
2000-08-18,80.929153,81.509102,79.874702,80.349205,14706700
2000-08-21,80.9819,81.706836,79.611113,80.56012,13560100
2000-08-22,80.9819,82.128617,80.36241,80.56012,14878200
2000-08-23,79.874738,82.194532,79.149802,81.878197,21396400
2000-08-24,82.194457,83.248908,81.034561,83.143463,13567700
2000-08-25,83.077612,84.316593,81.825451,82.695374,11764700
2000-08-28,82.879877,84.224302,82.616264,83.090767,12314200
2000-08-29,83.196192,83.657514,82.550341,83.512527,11162800
2000-08-30,82.932609,83.934338,82.471286,83.407112,10545300
2000-08-31,84.039768,86.043226,83.407098,85.726891,15588700
2000-09-01,86.886808,87.321769,85.357853,86.570473,14071900
2000-09-05,85.726893,85.832339,83.868423,83.934326,16348300
2000-09-06,83.72347,83.92118,80.560115,80.981895,20964900
2000-09-07,81.66724,83.868407,81.45635,82.774414,16669700
2000-09-08,82.471288,82.668998,79.940604,80.243759,23475200
2000-09-11,79.716532,81.087319,77.607629,78.293022,27262100
2000-09-12,78.872966,79.874695,76.632257,77.080399,24256000
2000-09-13,76.131382,79.189291,75.920492,78.872955,34093100
2000-09-14,80.349215,80.929164,78.148048,78.451202,28615300
2000-09-15,78.556611,78.978391,76.500431,77.027657,24994600
2000-09-18,77.449432,78.451161,74.233356,75.815033,29218500
2000-09-19,76.553187,79.110232,75.815071,78.609367,27568700
2000-09-20,78.767517,80.336013,77.027672,79.821968,33123200
2000-09-21,79.083858,79.703349,73.389821,74.022491,25031400
2000-09-22,73.917028,78.662058,73.811583,78.398445,33710100
2000-09-25,78.97836,79.505586,75.920453,76.315872,20560800
2000-09-26,76.566331,78.029381,75.011015,75.445976,26011200
2000-09-27,76.447713,76.922216,74.233366,75.55143,28482900
2000-09-28,74.839694,78.45119,74.839694,77.238571,29050000
2000-09-29,77.607672,77.989911,74.813374,74.866096,27198800
2000-10-02,76.131396,76.131396,72.546261,73.178932,24968200
2000-10-03,74.286098,74.918769,70.239641,70.859131,35731200
2000-10-04,70.437337,73.271175,69.277441,72.229904,37672100
2000-10-05,71.913593,73.547993,71.333645,72.440819,23443100
2000-10-06,72.177213,73.020774,68.539355,70.015587,36335800
2000-10-09,69.646489,70.70094,66.957639,69.699211,28834600
2000-10-10,69.013834,70.279176,65.692313,66.061371,35283200
2000-10-11,64.848775,67.867143,64.163381,65.006943,48462600
2000-10-12,66.85223,67.115843,62.76623,63.37254,53223600
2000-10-13,63.00344,68.855642,62.950717,68.539307,42410200
2000-10-16,68.433911,69.43564,67.274015,69.172028,27644900
2000-10-17,70.121004,70.160546,65.797754,66.008644,52101400
2000-10-18,64.743309,68.486611,62.898019,65.79776,64354400
2000-10-19,69.501512,71.794944,68.697493,71.755402,44278900
2000-10-20,71.280913,74.127932,71.188649,72.809868,40692200
2000-10-23,72.704414,73.811588,70.96457,72.704414,28989200
2000-10-24,72.915326,73.389829,69.488358,69.593803,31466200
2000-10-25,68.53938,69.172052,64.861979,65.69236,48635400
2000-10-26,65.955938,67.484893,62.107191,67.379448,69991300
2000-10-27,68.209814,69.053375,65.362796,67.247627,51046400
2000-10-30,65.955931,67.37944,63.860209,64.756493,35496700
2000-10-31,65.797794,69.646544,65.692349,68.921608,43863800
2000-11-01,67.74849,69.857392,66.799484,68.328438,45186400
2000-11-02,69.330195,70.226479,68.381189,69.172028,26594300
2000-11-03,69.910108,70.806391,68.868837,70.068275,29837100
2000-11-06,70.542767,70.964547,69.171981,69.541039,23485800
2000-11-07,68.697517,69.56744,67.695789,69.277466,24334400
2000-11-08,69.277483,69.382928,63.794334,63.860237,40338200
2000-11-09,63.0562,64.90149,61.579968,63.847038,64955900
2000-11-10,62.634447,63.847067,60.525543,60.525543,49235500
2000-11-13,59.853301,62.581695,57.586231,60.617779,75023400
2000-11-14,61.579937,64.11062,61.369047,63.978813,44829500
2000-11-15,63.741547,65.850448,63.095696,65.2705,37760900
2000-11-16,63.583413,64.954199,61.47451,61.47451,33898700
2000-11-17,61.738114,63.425236,59.892825,61.434959,49913800
2000-11-20,59.840117,60.789123,58.416608,58.930653,46862300
2000-11-21,59.207445,59.998283,57.731213,58.838387,42128600
2000-11-22,57.731206,59.154715,56.096806,56.202251,56623700
2000-11-24,57.678509,59.576522,57.50716,59.418354,19987900
2000-11-27,61.210897,61.527232,57.994821,58.680214,35416600
2000-11-28,58.152974,58.996535,55.095066,55.213692,48812700
2000-11-29,55.516871,56.30771,52.722575,53.091633,66189300
2000-11-30,52.089901,54.198804,51.03545,53.131172,74792600
2000-12-01,54.040619,56.320869,52.406219,53.987896,57112500
2000-12-04,54.093362,55.134633,52.089904,54.831478,49106300
2000-12-05,55.727792,59.892878,55.253289,59.629265,76531800
2000-12-06,59.550131,60.98682,57.151254,57.362144,63352100
2000-12-07,56.518586,58.192527,55.253245,56.096806,41481100
2000-12-08,59.971911,62.00173,57.045809,57.362144,65856900
2000-12-11,60.789111,63.082542,59.853285,62.739845,51829800
2000-12-12,62.001742,62.318078,60.156452,60.446426,31054500
2000-12-13,61.949013,62.001735,57.625763,57.98164,51661600
2000-12-14,57.797125,58.785674,55.042371,55.147816,41562700
2000-12-15,54.198805,55.358701,52.775295,53.882469,59026100
2000-12-18,54.963263,55.648656,52.775277,53.987896,42950000
2000-12-19,53.526599,55.556419,49.559225,49.875561,80489200
2000-12-20,48.346599,49.242883,46.184974,47.015354,81432100
2000-12-21,46.409049,49.559223,45.763198,47.292152,85875600
2000-12-22,48.610208,51.246336,48.504763,51.035446,57240000
2000-12-26,51.114532,52.234887,48.926546,51.351784,37082800
2000-12-27,50.350018,52.458919,49.717348,51.931694,33955500
2000-12-28,51.272699,52.709389,50.824557,51.826286,30996900
2000-12-29,51.931729,52.498496,48.926543,49.242878,49191000
2001-01-02,49.401043,49.506489,44.234232,45.077793,62514100
2001-01-03,44.023357,55.042377,43.996996,52.669861,118175700
2001-01-04,51.984457,53.671579,50.81138,51.720844,58465400
2001-01-05,51.72084,51.72084,47.239422,47.766647,68782000
2001-01-08,47.503031,48.504759,45.143696,48.293869,55576500
2001-01-09,48.71565,49.875546,47.766643,48.293869,53318900
2001-01-10,47.344858,50.929992,47.028522,50.771824,74258300
2001-01-11,49.994169,53.72429,49.928266,52.248058,65451700
2001-01-12,52.933469,54.515146,51.879017,52.920288,60793900
2001-01-16,52.775289,53.078444,51.088167,52.287605,32203300
2001-01-17,54.409695,55.345521,53.262979,53.882469,61388800
2001-01-18,54.093345,56.307692,52.880726,56.149525,54934700
2001-01-19,57.480772,57.625759,55.305966,55.938637,56292500
2001-01-22,55.569602,56.518608,54.620595,55.991383,35777100
2001-01-23,55.595948,57.70485,55.095083,57.164444,49859500
2001-01-24,57.414866,58.311149,56.307692,56.624027,53905400
2001-01-25,56.413133,57.085345,54.317411,54.409676,57151900
2001-01-26,53.618841,55.622298,53.144338,55.292782,45681400
2001-01-29,54.620591,56.729495,54.198811,56.518604,31514100
2001-01-30,56.645138,57.142836,55.675042,56.307713,42439300
2001-01-31,56.729485,57.353718,54.240982,54.240982,59322200
2001-02-01,54.451857,55.34603,53.650471,54.957993,45142600
2001-02-02,54.780855,55.084538,50.613662,51.921181,47471000
2001-02-05,51.617523,52.216454,50.714913,51.879028,36016300
2001-02-06,51.870578,53.245581,51.592202,51.963367,42417700
2001-02-07,51.043888,51.625947,49.415817,51.119808,61972200
2001-02-08,51.372879,51.879014,49.415817,49.592964,48269500
2001-02-09,49.13743,49.432675,47.239418,47.576843,55385200
2001-02-12,47.450317,48.875934,46.918873,48.150475,50540400
2001-02-13,48.631306,49.921954,46.378996,46.606758,58914000
2001-02-14,46.733278,48.715645,45.653518,48.462578,63048200
2001-02-15,49.601384,51.027004,49.179604,49.263962,67801300
2001-02-16,47.205693,47.973334,45.9994,46.505539,66779700
2001-02-20,47.020079,47.104434,44.118228,44.700287,55298400
2001-02-21,43.485567,45.611341,42.954123,43.44339,72349000
2001-02-22,43.401229,44.000156,41.241711,43.021626,103855500
2001-02-23,42.253984,43.52776,40.684959,43.173466,93337900
2001-02-26,43.932662,44.371311,42.388943,43.991711,78342700
2001-02-27,43.477138,43.932661,41.250137,41.334492,66741700
2001-02-28,41.714104,42.355209,39.52928,40.026981,102187900
2001-03-01,39.622053,41.503193,38.592908,41.165768,101773000
2001-03-02,39.816094,41.865949,38.508575,39.394314,95927100
2001-03-05,40.069162,40.794625,39.723302,40.11134,43888400
2001-03-06,41.587559,42.734802,41.418846,41.671917,60828600
2001-03-07,42.51547,42.540776,41.309178,41.688778,55215500
2001-03-08,41.629753,42.017794,40.575302,40.912727,48965200
2001-03-09,39.858267,39.959493,37.918077,38.044609,79990900
2001-03-12,37.116687,37.918071,35.260852,35.682632,80674000
2001-03-13,36.087532,37.740914,35.53922,37.496281,80024400
2001-03-14,36.020046,38.120511,35.691058,36.905785,97190000
2001-03-15,38.129004,38.221797,35.471783,35.556141,74135500
2001-03-16,35.328337,36.104411,34.214836,34.754715,77784500
2001-03-19,34.95717,36.492451,34.375114,36.492451,53248200
2001-03-20,36.644293,36.956413,33.911157,34.037689,104796200
2001-03-21,34.181096,35.260853,33.497811,34.037689,96200700
2001-03-22,34.24857,36.104404,33.31222,36.104404,130208100
2001-03-23,36.737075,36.973274,35.007776,36.104404,95277500
2001-03-26,36.669614,36.69492,35.049975,35.269302,57666200
2001-03-27,35.260856,36.880495,34.940302,36.48402,69945300
2001-03-28,35.345203,35.598271,33.472497,33.489368,77863500
2001-03-29,33.219448,34.257028,32.392758,32.856716,79654700
2001-03-30,33.151957,33.725579,32.055328,33.025425,63661300
2001-04-02,33.042287,33.615909,31.464829,31.549187,69713600
2001-04-03,31.380467,31.844425,29.204078,29.237822,89015700
2001-04-04,29.279998,30.207916,28.343644,28.723248,76473900
2001-04-05,30.368211,32.021591,30.123578,31.473278,87035800
2001-04-06,31.127403,31.296113,29.946416,30.326019,86123600
2001-04-09,31.034612,31.540748,30.241663,31.253937,51638700
2001-04-10,31.970966,34.130481,31.869737,33.57373,94265100
2001-04-11,35.564545,35.851356,34.122056,34.586014,92829500
2001-04-12,33.995502,36.104404,33.742435,36.104404,79531500
2001-04-16,35.378956,35.792302,33.793063,33.953339,65229800
2001-04-17,33.700273,36.020066,33.658095,34.796902,94694300
2001-04-18,36.880498,40.490939,36.441846,38.424213,128891400
2001-04-19,38.888139,41.123576,38.44949,40.743973,110467600
2001-04-20,40.642754,41.705639,36.315287,40.828339,80598100
2001-04-23,39.638933,40.254732,37.867453,38.086781,79317600
2001-04-24,38.044619,39.158119,36.905812,37.36977,88888300
2001-04-25,37.032338,38.449521,36.357487,38.044609,68418400
2001-04-26,38.719453,39.014698,37.007022,37.074509,71110200
2001-04-27,38.086781,38.35672,37.31914,38.086781,55580000
2001-04-30,39.014695,40.128195,38.213311,38.93034,73859100
2001-05-01,38.972517,40.558413,38.297669,40.533104,54498300
2001-05-02,41.165786,41.671924,40.069157,41.317627,77566500
2001-05-03,40.406576,40.406576,38.972521,39.478657,67124900
2001-05-04,38.213335,40.659664,38.053059,40.659664,72673400
2001-05-07,40.490915,40.99705,39.731709,39.816067,45561600
2001-05-08,40.744019,40.786196,39.638956,40.659664,56970700
2001-05-09,39.689553,40.44876,39.17498,39.267773,60984600
2001-05-10,40.423453,40.533117,38.567621,38.609798,61130300
2001-05-11,38.668847,39.158111,38.036176,38.424213,48760400
2001-05-14,38.213323,38.263938,36.568378,37.808414,43108000
2001-05-15,37.87589,39.056874,37.605951,38.086781,69007600
2001-05-16,37.378211,40.086043,37.167321,39.773926,80110500
2001-05-17,40.026982,41.157355,39.866704,40.406586,73810700
2001-05-18,40.187255,40.811492,39.723297,40.524681,41095100
2001-05-21,40.634347,43.148163,40.195698,43.063805,85426900
2001-05-22,43.283123,43.823002,42.329898,42.937263,77233900
2001-05-23,42.549233,42.557671,41.030823,41.039261,65618000
2001-05-24,41.309185,42.169617,40.718691,42.093697,61792500
2001-05-25,42.144329,42.194944,40.507821,41.326077,36191100
2001-05-29,40.912709,40.912709,38.888162,38.905033,66609600
2001-05-30,38.322981,38.677275,37.184175,37.47942,81397400
2001-05-31,37.572204,38.677266,37.369748,37.732479,68018300
2001-06-01,38.415771,38.997827,37.395063,38.845985,61874300
2001-06-04,39.082185,39.360558,38.20488,38.660404,41696000
2001-06-05,39.056891,40.794629,38.972536,40.36441,68146400
2001-06-06,40.558423,41.241705,39.706424,40.052284,61169500
2001-06-07,39.757045,41.74785,39.70643,41.081436,65400200
2001-06-08,41.098281,41.140458,39.605178,39.9426,56391400
2001-06-11,39.563014,39.647369,38.373593,38.845985,48809400
2001-06-12,37.850585,39.478659,37.310707,38.635098,78450500
2001-06-13,39.031596,39.436506,37.555364,37.580669,68535400
2001-06-14,37.133557,37.454111,35.429563,35.640453,91050300
2001-06-15,35.26087,36.332193,34.822218,35.935719,84589400
2001-06-18,35.969449,36.416535,34.923435,35.454876,63539100
2001-06-19,36.543083,36.745539,34.805345,35.27774,73386900
2001-06-20,34.839059,36.247807,34.822187,36.079094,83588600
2001-06-21,35.99476,37.310717,35.682644,36.568382,67212600
2001-06-22,36.796137,37.285404,35.92727,36.48402,51870400
2001-06-25,36.787688,36.947963,35.97787,36.576797,39212100
2001-06-26,35.885098,37.023904,35.834483,36.70335,55155100
2001-06-27,36.846733,37.243208,36.273112,36.939526,53289400
2001-06-28,37.454103,39.107482,37.411922,37.411922,89963700
2001-06-29,38.036174,39.242467,37.707186,38.550747,59719600
2001-07-02,38.508564,39.208718,38.120524,38.339851,50884300
2001-07-03,38.17113,38.542296,37.791527,38.500118,24758400
2001-07-05,37.85058,38.112085,36.652725,36.652725,44409800
2001-07-06,36.281571,36.36593,34.999361,35.134331,53434800
2001-07-09,35.336777,36.011625,35.007789,35.438004,45547500
2001-07-10,36.070665,36.171895,34.079864,34.164219,58620000
2001-07-11,34.096747,34.670369,33.632789,34.586014,77840200
2001-07-12,35.961022,36.973296,35.682645,36.779274,70363300
2001-07-13,36.593662,37.4794,36.188753,36.399643,62474200
2001-07-16,36.585229,36.998575,35.345197,35.724796,53390800
2001-07-17,35.277722,36.61055,35.041526,36.526192,59813000
2001-07-18,35.657338,36.146602,34.704113,35.134331,64797200
2001-07-19,35.817599,36.568368,35.218672,35.96944,76590200
2001-07-20,34.999361,35.547674,34.889697,35.134331,49012800
2001-07-23,35.632017,35.766986,34.206397,34.257011,55329400
2001-07-24,34.062999,34.501651,33.160389,33.86898,70422900
2001-07-25,33.860536,34.349803,33.236303,34.164219,68859600
2001-07-26,34.122048,35.336775,33.725573,34.670361,69199300
2001-07-27,35.125885,35.648892,34.839074,35.38739,47452900
2001-07-30,35.539234,35.682638,34.923435,35.176502,39459400
2001-07-31,35.294606,36.087552,35.007795,35.227119,55732500
2001-08-01,35.961015,36.694912,35.775431,36.357487,53864800
2001-08-02,36.939526,37.116673,36.121271,37.040752,53187300
2001-08-03,36.720214,36.720214,35.901962,36.424969,51513700
2001-08-06,35.876639,36.146579,35.724798,35.851334,31105700
2001-08-07,35.513911,36.121276,35.378942,35.665752,38407500
2001-08-08,35.303025,35.977876,33.995506,34.164219,76045200
2001-08-09,34.088289,34.484764,33.725558,34.307613,66861400
2001-08-10,34.096743,34.37512,33.092907,33.978645,68491900
2001-08-13,34.240146,34.872817,33.911157,34.670361,48425700
2001-08-14,34.999345,35.176492,34.197962,34.248573,51267600
2001-08-15,34.265436,34.526941,32.957917,32.983223,58935300
2001-08-16,32.595195,33.396579,32.08906,33.371273,68227300
2001-08-17,32.426481,32.730164,31.810682,31.852859,56649300
2001-08-20,31.92878,32.603631,31.650407,32.291512,49921300
2001-08-21,32.299948,32.603631,30.916509,30.950249,56445600
2001-08-22,31.591378,31.920366,30.823737,31.793831,65221400
2001-08-23,31.776938,32.443352,31.464822,31.481693,54711800
2001-08-24,31.937242,33.227891,31.84445,33.15197,58450600
2001-08-27,33.135069,33.65808,32.75547,33.194118,50927500
2001-08-28,33.168821,33.270048,32.063755,32.156548,65275500
2001-08-29,32.367425,32.434912,31.321412,31.684143,59060500
2001-08-30,31.043066,31.473284,30.157327,30.511621,76105800
2001-08-31,30.393519,31.237081,30.317599,30.899658,54309000
2001-09-04,30.798407,31.633534,29.819877,29.921106,74073600
2001-09-05,29.937992,30.292286,28.80762,29.803022,95461200
2001-09-06,29.305313,29.96329,28.495492,28.596722,88701800
2001-09-07,28.360532,29.609003,28.13277,28.428019,95528800
2001-09-10,28.250863,28.951017,28.124327,28.765432,80371300
2001-09-17,26.361286,27.668806,26.226317,26.319109,97700900
2001-09-18,26.597491,27.415745,25.61896,25.728622,66285300
2001-09-19,25.846718,26.150401,23.839043,25.281532,116632800
2001-09-20,24.716337,25.382751,24.294556,24.437962,90840200
2001-09-21,23.122004,24.437958,22.944857,23.779982,112341900
2001-09-24,24.530766,25.306842,24.117421,24.977854,85696500
2001-09-25,25.062204,25.669569,24.421099,25.05377,83860600
2001-09-26,25.264651,25.306829,23.965567,24.184893,59759800
2001-09-27,23.957141,24.286131,23.130451,24.024626,70050700
2001-09-28,24.328305,25.239351,23.881217,24.446404,84810800
2001-10-01,24.33674,24.446402,23.493179,24.235512,53460800
2001-10-02,24.168021,24.809127,23.957131,24.311426,74133400
2001-10-03,23.974014,26.664975,23.898093,26.150402,136198600
2001-10-04,26.698708,28.006229,26.099781,26.403461,127371500
2001-10-05,26.150401,26.909606,25.526166,26.791508,96443400
2001-10-08,26.260059,27.289203,26.116654,26.87586,67789600
2001-10-09,26.875857,27.010827,26.040732,26.226315,57564800
2001-10-10,26.040735,27.449482,25.939507,27.415739,73840600
2001-10-11,27.997791,29.735528,27.955614,29.27157,117232200
2001-10-12,28.959452,29.355923,27.955612,29.145033,111901600
2001-10-15,28.782296,29.145028,28.394259,29.018496,78322000
2001-10-16,29.237819,29.608985,28.740118,29.490887,81346800
2001-10-17,30.258538,30.368201,27.247024,27.37356,141530300
2001-10-18,27.584452,28.293043,27.331384,28.115896,94448200
2001-10-19,27.71941,28.470179,26.993947,28.301466,73434200
2001-10-22,28.208693,29.102869,28.023112,29.060692,74104900
2001-10-23,29.372804,29.862071,28.681084,29.212528,104062200
2001-10-24,29.187221,30.098269,28.951025,29.845201,90171400
2001-10-25,29.271565,31.059913,28.87509,31.043041,118551900
2001-10-26,30.789985,31.26238,30.376638,30.376638,93823900
2001-10-29,30.3682,30.494735,28.714821,28.714821,92146800
2001-10-30,28.436455,28.757009,27.702557,28.158081,96092200
2001-10-31,28.71482,29.490894,28.411137,28.596722,106175500
2001-11-01,29.052232,29.997022,28.495482,29.811438,92716000
2001-11-02,29.7524,30.241663,29.431846,30.030773,64917700
2001-11-05,30.58752,31.346726,30.503165,31.0093,64473000
2001-11-06,30.874344,32.224044,30.697197,32.215607,107214900
2001-11-07,31.726345,32.763925,31.633553,32.173431,92562100
2001-11-08,32.519275,33.236304,31.422647,31.844427,105916300
2001-11-09,31.709459,32.122805,31.312984,31.827557,74121900
2001-11-12,31.211763,32.35057,30.62127,32.055325,112994400
2001-11-13,32.924195,33.32067,32.586773,33.202572,97931800
2001-11-14,33.708702,33.944901,32.67956,33.438763,88660100
2001-11-15,33.033859,33.835243,32.856712,33.303799,86349700
2001-11-16,33.303798,33.472511,32.831403,33.211006,64035500
2001-11-19,33.56531,34.155804,33.312242,34.155804,69196300
2001-11-20,33.809953,33.936485,32.460252,32.57835,85176500
2001-11-21,32.451784,32.856693,32.038438,32.409603,60867900
2001-11-23,32.696423,33.26161,32.536147,33.135075,27046000
2001-11-26,33.388154,34.046131,32.907321,33.953339,75267500
2001-11-27,33.784632,34.56071,33.067606,33.911167,100289700
2001-11-28,33.514674,34.054552,32.63737,32.687984,101568200
2001-11-29,32.924182,33.742438,32.72173,33.70026,83774700
2001-11-30,33.514669,33.776174,33.202552,33.447186,66018200
2001-12-03,33.143516,33.405018,32.789219,32.873577,60449800
2001-12-04,33.185689,34.451031,32.426483,34.442596,79378700
2001-12-05,34.754725,36.39967,34.687238,36.146599,115773700
2001-12-06,36.020054,36.475577,35.733243,36.197201,77702100
2001-12-07,35.834476,35.935702,34.704104,35.201805,81632600
2001-12-10,34.855953,35.623594,34.484787,34.586014,69088000
2001-12-11,34.974044,35.648892,34.695671,34.780025,66056500
2001-12-12,35.007788,35.378954,34.248582,35.058403,76093400
2001-12-13,34.341377,34.586011,33.539993,33.539993,79582600
2001-12-14,33.632772,34.130473,33.379704,33.835228,70006300
2001-12-17,33.759317,34.788463,33.759317,34.417294,62295500
2001-12-18,34.720985,35.007796,33.877424,34.80534,50850400
2001-12-19,34.21483,34.855935,34.012374,34.172649,79596200
2001-12-20,33.826804,33.995517,32.628948,32.721741,83048800
2001-12-21,33.253184,33.497817,33.025425,33.303799,56205000
2001-12-24,33.354412,33.430332,33.025423,33.168827,13660400
2001-12-26,33.210999,33.995511,33.033852,33.480938,37672900
2001-12-27,33.615904,33.911152,33.405014,33.750874,34255200
2001-12-28,33.987077,34.417292,33.936463,34.020821,38240400
2001-12-31,34.003931,34.122029,32.822945,32.822945,46176900
2002-01-02,33.379704,33.868971,32.839826,33.835228,61708800
2002-01-03,34.003957,35.049971,33.961776,35.007793,85769100
2002-01-04,35.387383,35.674194,34.526951,35.151184,86876900
2002-01-07,35.52234,35.615132,33.835219,34.763134,75166200
2002-01-08,34.670349,35.235536,34.451024,34.99934,66956800
2002-01-09,35.463315,35.935707,34.501655,34.678802,85123000
2002-01-10,34.729409,35.041529,34.316066,34.906559,75548000
2002-01-11,34.88123,35.09212,34.138899,34.45945,60832900
2002-01-14,34.155792,34.316067,33.489378,33.708702,71310700
2002-01-15,33.76775,34.375115,33.371278,34.029255,66916100
2002-01-16,33.345958,33.691818,32.704853,32.713287,90942000
2002-01-17,33.303779,33.717125,32.907304,33.447186,75285900
2002-01-18,32.755477,33.278483,32.240904,32.55302,81985600
2002-01-22,32.898883,32.915755,31.490138,31.549187,81773800
2002-01-23,31.760076,32.637377,31.507005,32.418053,74968800
2002-01-24,32.848278,33.329108,32.704874,32.848278,77251200
2002-01-25,32.451811,33.025433,32.359018,32.755493,58832100
2002-01-28,33.025406,33.227858,32.409603,32.941048,47795900
2002-01-29,33.008545,33.236307,31.641974,32.038448,83339800
2002-01-30,32.055315,32.772341,31.085219,32.283077,101385500
2002-01-31,32.536157,32.687998,32.072199,32.485542,69655500
2002-02-01,32.392759,32.797668,31.802266,32.173431,61207100
2002-02-04,32.021602,32.114394,30.882795,31.144297,82763300
2002-02-05,30.865913,31.49015,30.528487,30.629717,86853800
2002-02-06,31.076786,31.118964,30.115127,30.41881,98507600
2002-02-07,30.359765,30.832157,29.524638,29.684914,97725900
2002-02-08,29.912694,30.570674,29.49935,30.511621,80483100
2002-02-11,30.486312,31.043062,30.351342,30.899658,57641200
2002-02-12,30.629706,31.194891,30.401944,30.646578,51477700
2002-02-13,30.97556,31.338291,30.882768,31.169579,60984700
2002-02-14,31.338297,31.692591,30.3682,31.110535,77482300
2002-02-15,31.068343,31.135826,30.064504,30.182602,79719900
2002-02-19,29.836754,29.912674,28.951015,29.254698,72437200
2002-02-20,29.440294,29.668052,28.622038,29.651184,106552700
2002-02-21,29.34749,29.48246,28.242424,28.242424,109307800
2002-02-22,28.352085,28.849786,27.913433,28.385828,99824200
2002-02-25,28.681082,29.735533,28.638904,29.533077,88994700
2002-02-26,29.718654,29.887366,28.993191,29.423409,94683300
2002-02-27,29.853619,29.954845,28.731685,29.018496,95159300
2002-02-28,29.1113,29.499341,28.470195,28.495501,95711200
2002-03-01,28.807603,30.157299,28.756988,30.148865,86081600
2002-03-04,30.115123,31.405771,29.862056,31.338287,105734600
2002-03-05,31.152727,31.945674,31.051501,31.566071,91452600
2002-03-06,31.27925,32.013148,30.874338,31.717899,86943400
2002-03-07,32.156547,32.333697,31.220194,31.785381,85496000
2002-03-08,32.249344,32.924193,32.164989,32.62051,84443700
2002-03-11,32.350566,33.059157,32.105936,32.502407,71035200
2002-03-12,31.692593,32.055325,31.481703,32.055325,82652100
2002-03-13,31.557628,31.768519,31.102105,31.279255,71376200
2002-03-14,31.262371,31.549182,30.983995,31.093658,70700500
2002-03-15,31.118951,31.49012,30.865883,31.405762,63966500
2002-03-18,31.743216,32.004718,31.253949,31.582937,78938300
2002-03-19,31.717903,31.954103,31.397352,31.532322,58947600
2002-03-20,31.102092,31.279242,30.401938,30.41881,61816500
2002-03-21,30.494722,31.329845,30.283832,31.228619,89198800
2002-03-22,31.161135,31.329848,30.764664,30.941811,58930100
2002-03-25,30.950262,31.127412,29.963297,29.99704,87421900
2002-03-26,29.878946,30.722508,29.862078,30.275421,92457500
2002-03-27,30.056079,30.368196,29.86206,30.039207,64531800
2002-03-28,30.385067,30.680312,30.28384,30.41881,59539400
2002-04-01,30.19949,31.127409,29.777709,31.000874,70730500
2002-04-02,30.351334,30.494741,29.524644,29.600565,77759800
2002-04-03,29.77771,29.904245,28.934148,29.549948,85766400
2002-04-04,29.10285,29.6596,28.917265,29.322174,90521500
2002-04-05,29.533073,29.668043,28.832919,28.993195,68426000
2002-04-08,28.23399,29.355925,28.191809,29.355925,74950700
2002-04-09,29.339049,29.507762,28.250858,28.335213,80910200
2002-04-10,28.478626,28.891972,27.947184,28.546112,85748700
2002-04-11,28.394277,28.554552,27.7363,27.837526,90665600
2002-04-12,28.107458,28.512367,27.795341,28.276171,78360100
2002-04-15,28.512365,28.647335,28.00623,28.503931,69306800
2002-04-16,29.0438,29.710214,29.026928,29.693342,72064700
2002-04-17,29.86206,29.946415,29.229389,29.541506,69130100
2002-04-18,29.339052,29.651172,28.681075,28.97632,91086100
2002-04-19,29.56682,29.575257,29.001635,29.069118,62286800
2002-04-22,28.689507,28.689507,28.048402,28.335213,64625600
2002-04-23,28.335218,28.630463,27.584449,27.845951,73070300
2002-04-24,28.014667,28.099025,27.162671,27.415739,68953900
2002-04-25,27.247027,27.609758,26.993959,27.348253,103073700
2002-04-26,27.550705,27.651932,26.15883,26.184137,100193400
2002-04-29,26.352855,26.614359,25.779233,26.251629,85326800
2002-04-30,26.175703,27.154233,26.099783,26.766195,95357900
2002-05-01,26.71558,26.858985,25.796098,26.622787,109975700
2002-05-02,26.479376,26.985513,25.694864,25.737043,85852200
2002-05-03,25.703308,25.737052,24.868183,25.087509,92103200
2002-05-06,24.994712,25.289958,24.336735,24.437962,96491200
2002-05-07,24.691031,24.758516,23.974004,24.210201,101954400
2002-05-08,25.416491,26.892723,25.306829,26.799932,129741500
2002-05-09,26.631228,26.901167,25.981686,26.108221,106477200
2002-05-10,26.158835,26.22632,24.885058,24.935671,112282800
2002-05-13,25.197166,26.133518,25.028454,25.947935,93971200
2002-05-14,27.036131,27.542269,26.884291,27.474783,107284700
2002-05-15,27.061441,28.36896,26.867421,27.67724,150522100
2002-05-16,27.449476,27.879691,27.179537,27.719416,89916300
2002-05-17,28.082157,28.183384,27.390437,27.778475,82695000
2002-05-20,27.500095,27.584453,26.943346,27.171106,78144200
2002-05-21,27.297639,27.491657,26.150395,26.42877,104180000
2002-05-22,26.125092,26.648101,25.652698,26.487823,89543100
2002-05-23,26.681833,27.078306,25.981677,27.019257,94445800
2002-05-24,26.648091,26.732447,26.158826,26.352844,55874600
2002-05-28,26.546864,26.589043,25.720174,26.234747,68829400
2002-05-29,25.863586,26.066041,25.50929,25.543034,73470200
2002-05-30,25.315273,25.914201,25.222481,25.762362,92080500
2002-05-31,25.947936,26.184133,25.306829,25.340572,79907400
2002-06-03,25.306836,25.517727,24.286128,24.446404,77043700
2002-06-04,24.252385,25.036898,24.134287,24.766958,98366200
2002-06-05,24.817567,25.138119,24.437964,25.020021,95347100
2002-06-06,24.893484,24.893484,23.53535,24.36204,91129700
2002-06-07,23.307599,24.286132,23.214809,23.872786,106049200
2002-06-10,23.923401,24.252389,23.737816,23.830608,73142900
2002-06-11,24.125857,24.201778,23.079841,23.164196,84609500
2002-06-12,22.978607,23.58597,22.632747,23.501616,152974400
2002-06-13,23.417254,23.796856,23.071395,23.34977,97556300
2002-06-14,22.658046,23.383507,22.101296,23.299152,122106800
2002-06-17,23.619697,24.252368,23.543777,24.092091,87618100
2002-06-18,23.881215,24.589807,23.855909,24.480145,100513400
2002-06-19,23.70407,23.889653,22.987043,23.062963,93507600
2002-06-20,23.003911,23.155752,21.654213,22.320625,99913200
2002-06-21,22.236264,22.59056,21.637335,21.780741,168755100
2002-06-24,21.468627,22.607433,21.266171,22.21096,219672100
2002-06-25,22.421847,22.539945,21.342089,21.477058,136336400
2002-06-26,20.608191,21.746999,20.574448,21.637335,149080300
2002-06-27,21.932587,22.143477,21.105897,22.109734,121371100
2002-06-28,21.974762,22.565255,21.806051,22.016941,87842000
2002-07-01,21.907277,22.050683,20.903441,20.96249,64753900
2002-07-02,20.751607,20.878141,19.47783,20.203293,111629600
2002-07-03,20.118927,20.878132,19.924909,20.878132,101067000
2002-07-05,21.308347,22.26157,21.131199,22.219393,56768300
2002-07-08,22.101304,22.396549,21.156514,21.409582,97288500
2002-07-09,21.299913,21.493931,20.743163,20.802212,91039600
2002-07-10,21.080588,21.114331,20.102057,20.161106,115365200
2002-07-11,20.04301,20.996234,19.848992,20.920313,170271200
2002-07-12,21.299916,21.527678,20.709423,20.920313,130027800
2002-07-15,20.819095,21.628913,20.034583,21.569864,140207200
2002-07-16,21.299927,21.949469,21.00468,21.249313,148281700
2002-07-17,21.99163,22.303749,20.996228,21.637335,157954700
2002-07-18,21.40958,21.569857,20.684118,20.861265,114052300
2002-07-19,20.523839,20.844391,20.076751,20.237028,124116400
2002-07-22,20.118932,20.667246,19.477825,19.739328,150034800
2002-07-23,19.781507,20.034575,18.794541,18.895767,150786800
2002-07-24,18.398075,19.958665,18.25467,19.924923,186493600
2002-07-25,19.612803,19.739337,18.389638,18.769241,153915500
2002-07-26,19.030743,19.266941,18.566785,19.123535,96034200
2002-07-29,19.629659,20.346686,19.469382,20.102053,96735200
2002-07-30,20.017708,20.827527,19.89961,20.506973,117394300
2002-07-31,20.245474,20.405751,19.705595,20.11894,93831300
2002-08-01,20.026142,20.161111,19.115096,19.174145,85149700
2002-08-02,19.216329,19.266943,18.40651,18.769241,86706000
2002-08-05,18.651143,18.82829,17.967857,18.085957,84897800
2002-08-06,18.389639,19.41035,18.381205,18.980133,115364600
2002-08-07,19.570616,19.714022,18.524599,19.233191,125677100
2002-08-08,19.191007,19.908034,18.811404,19.882727,111697900
2002-08-09,19.570626,20.000841,19.300685,19.680288,93576900
2002-08-12,19.444082,19.806813,19.317548,19.739328,62870900
2002-08-13,19.595919,20.135799,19.022297,19.064476,88434400
2002-08-14,19.123521,20.414169,18.954808,20.2792,102613500
2002-08-15,20.447917,20.709421,20.009265,20.692551,120307800
2002-08-16,20.355127,21.089026,20.017703,20.835958,95853000
2002-08-19,20.895008,21.586728,20.819087,21.342094,76015900
2002-08-20,21.240878,21.451768,20.962502,21.249313,89981300
2002-08-21,21.418012,21.806051,21.089024,21.721695,101365500
2002-08-22,21.713263,22.109736,21.443323,22.067558,80345500
2002-08-23,21.763885,21.772321,21.046859,21.21557,75211200
2002-08-26,21.342089,21.41801,20.760033,21.299911,83335400
2002-08-27,21.451763,21.519248,20.372004,20.557589,92340400
2002-08-28,20.262342,20.321391,19.730897,19.806818,115562300
2002-08-29,19.57062,20.431051,19.418779,20.068321,97028200
2002-08-30,19.924916,20.245469,19.72246,19.815252,59474900
2002-09-03,19.45252,19.764639,18.845157,19.098225,81828100
2002-09-04,18.980126,19.418778,18.7608,19.174145,82717600
2002-09-05,18.895765,18.980121,18.499292,18.701746,91576600
2002-09-06,19.115096,19.58749,19.064483,19.275373,86008800
2002-09-09,19.123529,19.714022,18.887331,19.469389,72679500
2002-09-10,19.595926,19.967094,19.427215,19.950222,74615800
2002-09-11,20.346697,20.540716,19.756204,19.781511,73902800
2002-09-12,19.595926,19.621234,19.157274,19.241631,70763500
2002-09-13,19.064486,19.469395,18.997001,19.393475,79716100
2002-09-16,19.283808,19.401906,18.870463,19.115095,58853600
2002-09-17,19.444089,19.579059,18.710192,18.710192,89139700
2002-09-18,18.566785,19.022307,18.372766,18.4993,92358300
2002-09-19,18.305274,18.668004,18.178739,18.204046,86247700
2002-09-20,18.414949,18.473998,18.119703,18.27998,78116900
2002-09-23,18.094389,18.153438,17.554508,17.731657,72757500
2002-09-24,17.444843,18.094385,17.419535,17.740089,91507300
2002-09-25,18.010025,18.592082,17.799135,18.448677,98051900
2002-09-26,18.693312,18.836718,18.0269,18.220919,104453500
2002-09-27,18.178744,18.735495,17.97629,17.97629,92249700
2002-09-30,17.773825,17.917231,17.28456,17.478579,91502500
2002-10-01,17.638865,18.549911,17.267698,18.541475,102096000
2002-10-02,18.144993,18.53303,17.689469,17.925667,94829700
2002-10-03,17.765404,18.052215,17.444851,17.495464,74354800
2002-10-04,17.664167,17.731652,16.964011,17.166466,81837100
2002-10-07,17.09055,17.368925,16.74469,17.006193,79861800
2002-10-08,17.107417,17.385792,16.668765,17.039932,94103100
2002-10-09,16.820605,17.318306,16.736248,16.921831,103301000
2002-10-10,16.955575,17.891927,16.795298,17.782265,109610500
2002-10-11,18.178747,18.878902,18.069084,18.743933,124777400
2002-10-14,18.44868,18.980123,18.372759,18.963251,78890300
2002-10-15,19.77307,19.933345,19.553744,19.874296,118176000
2002-10-16,19.157269,19.536873,18.617391,19.21632,97441900
2002-10-17,19.908045,20.085192,19.047612,19.865866,95754500
2002-10-18,19.6381,20.118929,19.342853,20.085186,84941900
2002-10-21,19.840545,20.625057,19.654961,20.490088,85311500
2002-10-22,20.0177,20.532273,19.950215,20.36356,89947000
2002-10-23,20.118928,20.776904,19.967086,20.751598,88093500
2002-10-24,20.819091,20.970932,20.177984,20.228598,88674800
2002-10-25,20.237029,20.878136,20.237029,20.835958,71557300
2002-10-28,21.08903,21.122773,20.388874,20.658813,90272000
2002-10-29,20.506971,20.64194,19.714024,20.177982,90293800
2002-10-30,20.296081,20.911881,20.118934,20.717861,103531100
2002-10-31,20.802217,21.122771,20.54915,20.709425,81493100
2002-11-01,20.557579,21.426445,20.363558,21.299911,86658400
2002-11-04,21.974764,22.624307,21.763874,21.84823,110562400
2002-11-05,21.687951,22.07599,21.561417,22.016941,79603300
2002-11-06,22.177222,22.447161,21.628906,22.329062,116251700
2002-11-07,21.924163,22.016955,21.350541,21.544561,82711600
2002-11-08,21.502373,21.822927,21.055285,21.148077,76937600
2002-11-11,21.046854,21.105903,20.372004,20.506973,74384300
2002-11-12,20.582897,21.426459,20.582897,21.029985,88748800
2002-11-13,20.83596,21.679521,20.658812,21.283047,119341800
2002-11-14,21.578289,22.28688,21.527676,22.016941,85720100
2002-11-15,21.848235,22.312194,21.721701,22.303759,69291300
2002-11-18,22.531516,22.582131,21.924153,21.974766,76238000
2002-11-19,21.763869,21.974759,21.342088,21.637335,88139200
2002-11-20,21.561425,22.565263,21.544555,22.556828,75104700
2002-11-21,22.717095,23.484735,22.565254,23.391943,105472900
2002-11-22,23.088266,23.569095,23.046087,23.383511,73808600
2002-11-25,23.417258,23.788425,23.231675,23.611277,72666100
2002-11-26,23.434128,23.510048,22.691793,22.818327,80017900
2002-11-27,23.22324,23.788426,23.181061,23.543793,73643900
2002-11-29,23.796855,23.864342,22.96173,23.383511,34652100
2002-12-02,23.973999,24.286117,23.256972,23.619703,85136000
2002-12-03,23.240112,23.265419,22.717105,22.919559,76595500
2002-12-04,22.404988,22.733978,22.109741,22.413424,130115900
2002-12-05,22.733964,22.776142,22.042243,22.101294,84933200
2002-12-06,21.772311,22.539952,21.713262,22.329062,81727900
2002-12-09,22.118176,22.396551,21.257744,21.274614,75855200
2002-12-10,21.443315,21.890402,21.384266,21.595156,69578300
2002-12-11,21.460185,21.991627,21.358957,21.696381,64237600
2002-12-12,21.932587,22.514645,21.56142,21.814489,62296400
2002-12-13,21.527677,21.569855,21.097461,21.122768,72647800
2002-12-16,21.274613,21.898848,21.148079,21.806057,60278500
2002-12-17,21.772309,22.101299,21.645775,21.873537,62562700
2002-12-18,21.552988,21.595167,21.131207,21.409582,67130700
2002-12-19,21.232433,21.747006,20.928751,21.139641,95969700
2002-12-20,21.367401,21.468629,21.148075,21.358965,65578600
2002-12-23,21.240868,21.730134,21.198689,21.654213,45941700
2002-12-24,21.510813,21.704832,21.358972,21.384279,16772700
2002-12-26,21.536112,21.856665,21.23243,21.325222,33795400
2002-12-27,21.240872,21.806058,20.87814,20.937189,42490200
2002-12-30,20.954059,21.063722,20.54915,20.776911,57396400
2002-12-31,20.700994,20.844398,20.481668,20.557589,46015400
2003-01-02,20.852831,21.552986,20.625071,21.426453,65903200
2003-01-03,21.47707,21.687961,21.325231,21.662655,39059500
2003-01-06,21.687951,22.430286,21.257737,22.202524,67223400
2003-01-07,22.278455,22.717107,22.143485,22.480909,88726100
2003-01-08,22.261575,22.75084,21.797617,21.84823,74989900
2003-01-09,22.13504,22.759275,22.118168,22.523079,75391100
2003-01-10,22.227828,22.995468,22.118164,22.860498,82594300
2003-01-13,23.054523,23.172621,22.548386,22.725534,72870300
2003-01-14,22.700226,23.046086,22.649613,22.843632,46993800
2003-01-15,22.978608,23.0714,22.421858,22.556828,55131000
2003-01-16,22.599005,22.759281,22.143482,22.303759,68740300
2003-01-17,21.848238,21.881981,21.316795,21.350536,77289400
2003-01-21,21.434881,21.552979,21.105893,21.114328,67729600
2003-01-22,21.055291,21.536123,20.979372,21.029985,80020200
2003-01-23,21.426455,21.797622,21.181823,21.519247,78471100
2003-01-24,21.536118,21.536118,20.785348,20.937189,74519700
2003-01-27,20.625066,21.114331,20.557581,20.692551,76561000
2003-01-28,20.89501,21.131206,20.599764,20.903446,65217200
2003-01-29,20.886582,21.46864,20.532286,21.21557,95717500
2003-01-30,21.358966,21.443322,20.65881,20.667246,70333800
2003-01-31,20.29608,20.886574,20.253903,20.616634,90505600
2003-02-03,20.684121,20.911883,20.566021,20.658813,53158800
2003-02-04,20.397309,20.498535,20.093626,20.405745,68235700
2003-02-05,20.523838,20.970926,20.253899,20.312948,80107700
2003-02-06,20.279209,20.540713,20.127368,20.422613,103552000
2003-02-07,20.549145,20.625066,19.950216,20.085186,72312400
2003-02-10,20.152677,20.456359,19.924916,20.262341,67572600
2003-02-11,20.456343,20.760025,20.177968,20.371986,77823300
2003-02-12,20.304512,20.523838,20.059881,20.093622,51753000
2003-02-13,20.118921,20.228583,19.671833,20.194841,77387400
2003-02-14,20.102063,20.667249,19.924916,20.658813,67510400
2003-02-18,20.835954,21.375832,20.819082,21.299911,73976800
2003-02-19,21.257749,21.291491,20.844402,21.156521,45541400
2003-02-20,21.215557,21.316785,20.954053,21.072151,59759800
2003-02-21,21.029971,21.401138,20.675676,21.232426,70228500
2003-02-24,21.19869,21.266175,20.844394,20.869701,56646600
2003-02-25,20.625071,21.046851,20.312952,20.89501,74440700
2003-02-26,20.819081,21.038407,20.414172,20.431042,60005600
2003-02-27,20.599763,21.021544,20.473229,20.89501,66424000
2003-02-28,20.928749,21.274608,20.852828,21.223995,50185800
2003-03-03,21.316788,21.493935,20.717859,20.793779,60414400
2003-03-04,20.802216,20.895008,20.599761,20.667246,56043500
2003-03-05,20.582891,20.903445,20.515406,20.709425,69096500
2003-03-06,20.6082,20.819091,20.439487,20.658813,59108600
2003-03-07,20.312946,20.827519,20.211718,20.700985,73291000
2003-03-10,20.523846,20.625074,20.16955,20.253906,55948000
2003-03-11,20.296076,20.447917,20.05988,20.07675,54934200
2003-03-12,20.043012,20.447921,19.85743,20.439486,77859800
2003-03-13,20.785345,21.637342,20.58289,21.612036,128537600
2003-03-14,21.704816,21.915707,21.3927,21.696381,89794400
2003-03-17,21.451767,22.607445,21.384282,22.438734,141040800
2003-03-18,22.607431,22.750836,22.286878,22.717094,96548700
2003-03-19,22.649613,22.733969,22.210961,22.523079,91315100
2003-03-20,22.388111,22.894246,22.075992,22.607435,92789700
2003-03-21,22.953301,23.096707,22.101306,22.919559,93304600
2003-03-24,22.329058,22.438721,21.907277,21.966328,85244500
2003-03-25,22.059124,22.573697,21.941026,22.27845,78731500
2003-03-26,22.354372,22.582134,22.236274,22.404985,67880200
2003-03-27,22.16036,22.480913,22.016955,22.244717,64113100
2003-03-28,22.050684,22.295317,21.890408,22.000071,45374700
2003-03-31,21.595158,21.70482,21.266168,21.299911,89345300
2003-04-01,21.460196,21.654215,21.299919,21.468632,73159500
2003-04-02,21.983194,22.404974,21.957888,22.059114,75843800
2003-04-03,22.472467,22.649616,22.194092,22.337498,70138200
2003-04-04,22.413418,22.438725,21.907281,21.974766,65665700
2003-04-07,22.868927,22.944848,21.991624,22.008495,83842700
2003-04-08,22.059115,22.177215,21.831353,21.983194,54250600
2003-04-09,22.016938,22.16878,21.434881,21.477058,76457100
2003-04-10,21.477068,21.738573,21.342098,21.738573,57017500
2003-04-11,21.949463,22.067562,21.392713,21.519247,67974500
2003-04-14,21.595164,22.050686,21.502372,21.957895,52476200
2003-04-15,21.907284,22.320629,21.806057,22.168789,64655700
2003-04-16,22.480903,22.632744,22.033817,22.118172,70711600
2003-04-17,22.067563,22.759283,22.059127,22.624313,70179900
2003-04-21,22.725534,22.860503,22.455594,22.708662,52729600
2003-04-22,22.548396,23.164195,22.480911,23.138889,70757200
2003-04-23,23.197928,23.408819,22.995474,23.30759,70327100
2003-04-24,23.079836,23.408825,23.003916,23.181063,72383900
2003-04-25,23.046087,23.130444,22.65805,22.733971,63277900
2003-04-28,22.818331,23.307597,22.733976,23.181063,59666200
2003-04-29,23.316022,23.670318,23.122004,23.391943,79903800
2003-04-30,23.324469,23.442569,23.138886,23.155758,60202100
2003-05-01,23.147316,23.510047,22.936425,23.358206,66022600
2003-05-02,23.29072,23.864341,23.256976,23.855906,85004100
2003-05-05,23.898093,24.218646,23.763124,23.830608,80520300
2003-05-06,23.805291,24.378913,23.796855,24.134281,77338300
2003-05-07,23.96557,24.201768,23.720938,23.864344,70353200
2003-05-08,23.493173,23.779983,23.417252,23.425688,80249100
2003-05-09,23.653448,24.024614,23.619705,23.965565,58528200
2003-05-12,23.923401,24.429536,23.763124,24.32831,67487300
2003-05-13,24.15116,24.454843,24.075241,24.176468,64934300
2003-05-14,24.353613,24.437967,23.923396,24.125851,62181200
2003-05-15,24.252381,24.446399,24.092104,24.395786,62232100
2003-05-16,24.235507,24.412656,24.024617,24.210201,70590400
2003-05-19,24.058361,24.193331,23.290721,23.358206,91334800
2003-05-20,23.417252,23.585963,23.122005,23.425688,71817800
2003-05-21,23.324463,23.408819,23.147316,23.358206,63648500
2003-05-22,23.417245,23.889638,23.299147,23.69562,62401400
2003-05-23,23.653448,23.830595,23.577528,23.704062,37922500
2003-05-27,23.560656,24.648849,23.535349,24.547623,101422100
2003-05-28,24.598237,24.800692,24.429524,24.623545,76290400
2003-05-29,24.657296,25.138126,24.598247,24.724781,97336000
2003-05-30,24.910356,25.197167,24.842872,25.129683,78093700
2003-06-02,25.374314,25.475542,24.724772,24.952534,102937000
2003-06-03,24.834442,25.205608,24.74165,25.188738,81672600
2003-06-04,25.146562,25.796104,25.070641,25.661135,87046100
2003-06-05,25.416496,25.880455,25.281526,25.846712,88747900
2003-06-06,26.327544,26.54687,25.340579,25.416498,157178100
2003-06-09,25.306835,25.492418,24.910362,25.079073,94941800
2003-06-10,25.188744,25.475555,25.036902,25.458683,69660100
2003-06-11,25.36589,25.846719,25.138128,25.745493,87338200
2003-06-12,25.846716,25.939509,25.526164,25.855152,79450500
2003-06-13,25.86358,25.922629,25.188732,25.273087,83353600
2003-06-16,25.450234,26.066034,25.306829,26.049162,71211800
2003-06-17,26.167261,26.243182,25.779222,25.947935,67571200
2003-06-18,25.863584,26.344414,25.686437,26.082911,80215700
2003-06-19,26.133529,26.352855,25.627391,25.661135,79467200
2003-06-20,25.888887,25.964808,25.51772,25.627382,71512400
2003-06-23,25.585201,25.618944,24.935659,25.230906,86509400
2003-06-24,25.079069,25.416493,24.910358,25.036892,83004400
2003-06-25,25.028462,25.458678,24.859749,24.901928,94255300
2003-06-26,25.062196,25.543027,24.977841,25.492413,79187500
2003-06-27,25.517725,25.787664,25.112816,25.163429,82451900
2003-06-30,25.441801,25.593642,25.138119,25.264654,72043000
2003-07-01,25.053761,25.627381,24.682594,25.602076,105852500
2003-07-02,25.652698,26.141963,25.62739,26.125092,81972500
2003-07-03,25.897325,26.234749,25.703305,25.796097,50050400
2003-07-07,26.125089,26.909601,26.116653,26.901165,88554600
2003-07-08,26.808368,27.255455,26.673398,27.230146,81874500
2003-07-09,27.145806,27.407311,26.934916,27.162678,89588400
2003-07-10,26.867423,26.985521,26.42877,26.656532,102928700
2003-07-11,26.698715,26.985525,26.664973,26.858992,67728100
2003-07-14,27.280761,27.626621,27.052999,27.179535,84524600
2003-07-15,27.44104,27.542269,26.94334,27.213278,75059000
2003-07-16,27.381993,27.415736,26.766194,27.128925,80138700
2003-07-17,26.724027,26.858997,26.184148,26.302246,116260400
2003-07-18,26.487817,26.614351,26.082908,26.386591,80519000
2003-07-21,26.352844,26.403458,25.821402,26.049162,111325300
2003-07-22,26.243182,26.57217,26.032292,26.437201,91471500
2003-07-23,26.479384,26.690274,26.141959,26.656532,69050400
2003-07-24,26.867432,27.010838,26.21789,26.302246,82999700
2003-07-25,26.260063,26.858992,25.956382,26.825249,82709600
2003-07-28,26.875859,26.985521,26.656533,26.901165,56180800
2003-07-29,26.934905,27.010826,26.352848,26.698708,80560100
2003-07-30,26.749324,26.774631,26.428771,26.504692,56617300
2003-07-31,26.816815,27.272338,26.589053,26.825249,85544100
2003-08-01,26.732453,26.81681,26.403463,26.538433,73545400
2003-08-04,26.504682,26.825234,26.015417,26.529989,96344600
2003-08-05,26.496264,26.555313,25.391199,25.48399,111041800
2003-08-06,25.610504,25.956363,25.391178,25.467098,96816000
2003-08-07,25.492416,25.737049,25.323705,25.568336,67326600
2003-08-08,25.669567,25.770794,25.247787,25.365885,66677100
2003-08-11,25.374315,25.812968,25.332138,25.644255,63712200
2003-08-12,25.737052,26.066041,25.585211,26.032299,59676100
2003-08-13,26.133516,26.209437,25.855141,26.040726,57969700
2003-08-14,26.049168,26.310674,25.872021,26.06604,50271500
2003-08-15,26.150393,26.395026,26.091344,26.293798,28116300
2003-08-18,26.411906,27.002398,26.344421,26.968657,67224100
2003-08-19,27.08675,27.314512,26.867424,27.306074,68205000
2003-08-20,27.078329,27.432626,27.010845,27.238607,58233500
2003-08-21,27.491667,27.685685,27.221727,27.533844,77161400
2003-08-22,28.056857,28.14965,27.314525,27.365137,92989800
2003-08-25,27.29763,27.449471,27.171094,27.424162,43044700
2003-08-26,27.230152,27.491657,26.833679,27.44948,79838500
2003-08-27,27.4073,27.694111,27.306071,27.668802,47532100
2003-08-28,27.7869,27.938741,27.432605,27.913435,55311000
2003-08-29,27.871255,28.225549,27.82064,28.1665,53148800
2003-09-02,28.250851,28.588273,27.947168,28.571402,80303100
2003-09-03,28.765435,28.849793,28.385835,28.554544,85234800
2003-09-04,28.537661,28.866649,28.427997,28.816034,63736100
2003-09-05,28.655775,28.967892,28.402705,28.630466,91024100
2003-09-08,28.68107,29.128156,28.638892,29.10285,69296000
2003-09-09,28.951022,29.010072,28.613597,28.757004,87817500
2003-09-10,28.470182,28.58828,27.930304,28.065273,111624500
2003-09-11,28.073709,28.49549,27.845947,28.377392,96914900
2003-09-12,28.124325,28.546106,27.879692,28.529234,104963000
2003-09-15,28.5461,28.605149,28.208674,28.250854,54594200
2003-09-16,28.276161,29.043801,28.276161,29.018496,87463800
2003-09-17,28.959462,29.102866,28.706391,28.90041,79794700
2003-09-18,28.824494,29.406554,28.681091,29.339067,91469900
2003-09-19,29.347489,29.406538,28.984757,29.170341,69796000
2003-09-22,28.790746,28.849795,28.487064,28.613596,97477500
2003-09-23,28.655776,29.153477,28.605161,29.119734,77826500
2003-09-24,29.111299,29.119737,27.980927,28.023108,115057400
2003-09-25,28.158071,28.461754,27.635061,27.66037,117604800
2003-09-26,27.744721,27.980917,27.432604,27.483219,106581000
2003-09-29,27.635049,27.980908,27.373547,27.955603,96862800
2003-09-30,27.770034,27.803777,27.297642,27.348253,119122500
2003-10-01,27.508527,28.031534,27.348248,27.96405,106653600
2003-10-02,27.921867,28.200244,27.778464,28.056837,83911100
2003-10-03,28.554542,29.077552,28.529236,28.841352,112862800
2003-10-06,28.917269,29.060676,28.731688,29.052238,49162900
2003-10-07,28.816039,29.229385,28.689504,29.229385,80104600
2003-10-08,29.364364,29.38967,28.866663,29.04381,71387400
2003-10-09,29.448718,29.752401,29.04381,29.263134,118216100
2003-10-10,29.330624,29.549949,29.22096,29.533077,68356200
2003-10-13,29.642742,29.836761,29.457158,29.7271,60919800
2003-10-14,29.609,29.887377,29.490902,29.803022,62274900
2003-10-15,30.199473,30.24165,29.549931,29.676466,97045200
2003-10-16,29.608995,29.971727,29.575255,29.912678,73955000
2003-10-17,29.870504,29.937991,29.187218,29.195656,97794400
2003-10-20,29.22939,29.592121,29.102855,29.558378,75544300
2003-10-21,29.642737,29.904242,29.474024,29.735529,73455600
2003-10-22,29.431841,29.465584,29.052238,29.161901,88141400
2003-10-23,28.807614,29.111293,28.723256,28.824482,95409600
2003-10-24,28.503931,28.875096,28.250863,28.849791,101778600
2003-10-27,28.91728,29.060687,28.714827,28.858231,63604500
2003-10-28,29.043804,29.870493,28.993189,29.828316,107375700
2003-10-29,29.693348,29.870495,29.583684,29.794575,74075200
2003-10-30,30.207935,30.368211,29.642747,29.853638,95062600
2003-10-31,29.89579,29.937971,29.57524,29.676466,55473200
2003-11-03,29.887362,30.35132,29.828313,30.165735,71141200
2003-11-04,30.106699,30.25854,29.904246,29.963295,60033900
2003-11-05,29.963291,30.275408,29.651175,30.233231,67412700
2003-11-06,30.191049,30.34289,29.811446,30.317581,90567400
2003-11-07,30.435689,30.520044,30.030777,30.056086,63505200
2003-11-10,30.115132,30.148875,29.600559,29.684914,68896400
2003-11-11,29.651179,29.777711,29.398108,29.575258,75607100
2003-11-12,29.668048,30.334462,29.642742,30.20793,80364600
2003-11-13,30.12356,30.283839,29.988591,30.174175,64243000
2003-11-14,30.207921,30.385068,29.482458,29.558378,90932200
2003-11-17,29.389667,29.448716,28.9004,29.254698,108063100
2003-11-18,29.414967,29.499325,28.529229,28.579844,108588500
2003-11-19,28.689518,29.018509,28.579857,28.858231,86320300
2003-11-20,28.613584,29.254692,28.520795,28.579844,117324500
2003-11-21,28.748565,28.900403,28.453317,28.875097,81787500
2003-11-24,29.119716,29.735515,29.077539,29.676466,92057500
2003-11-25,29.769258,29.904228,29.600545,29.676466,72519800
2003-11-26,29.862052,29.963279,29.364351,29.811438,72842900
2003-11-28,29.743972,29.946428,29.701794,29.845201,24802600
2003-12-01,30.123577,30.376644,29.921124,30.283855,82767300
2003-12-02,30.21636,30.410378,30.013907,30.115133,62504500
2003-12-03,30.23323,30.469426,29.735529,29.735529,107568500
2003-12-04,29.845195,30.123569,29.592128,30.056086,102334800
2003-12-05,29.752397,29.946416,29.490892,29.558378,87490200
2003-12-08,29.541516,29.803021,29.33906,29.7271,86961200
2003-12-09,29.895805,29.912677,28.976323,29.04381,109949500
2003-12-10,29.102854,29.271567,28.790738,29.153469,103504200
2003-12-11,29.102858,29.853627,29.094424,29.777706,108374700
2003-12-12,29.786149,29.811455,29.440289,29.7271,72189400
2003-12-15,30.309164,30.359779,29.229407,29.339067,106091400
2003-12-16,29.347492,29.541511,29.035372,29.398104,89854700
2003-12-17,29.364364,29.52464,29.161908,29.448719,68539900
2003-12-18,29.482467,30.064523,29.482467,29.99704,89978100
2003-12-19,30.039213,30.072956,29.693353,29.912678,89762300
2003-12-22,29.81989,30.098266,29.769278,30.005474,63580000
2003-12-23,30.030775,30.385072,29.971725,30.233231,66999800
2003-12-24,30.245056,30.396957,30.211299,30.295691,44840300
2003-12-26,30.346329,30.456035,30.228184,30.2535,25497600
2003-12-29,30.405384,30.827329,30.396946,30.751379,63296200
2003-12-30,30.827335,30.869532,30.63324,30.852654,48249400
2003-12-31,30.903289,30.920167,30.59105,30.768267,60494600
2004-01-02,30.937041,31.046747,30.56573,30.683874,55234100
2004-01-05,30.869525,31.35898,30.852647,31.299908,69717900
2004-01-06,31.291462,31.578381,31.181755,31.510872,60033000
2004-01-07,31.460246,31.797804,31.28303,31.797804,71830000
2004-01-08,31.941261,32.067846,31.730289,32.050968,76800900
2004-01-09,31.82312,32.36321,31.721854,31.839998,94296500
2004-01-12,31.941273,32.363219,31.797814,32.346344,77668400
2004-01-13,32.29571,32.37166,31.730301,32.025665,92973900
2004-01-14,32.135368,32.278828,31.856883,32.135368,68122400
2004-01-15,32.008777,32.456038,31.75561,32.219749,104427700
2004-01-16,32.388528,32.599501,32.211309,32.548866,77324100
2004-01-20,32.683882,32.911733,32.32945,32.523544,81998100
2004-01-21,32.396968,32.624819,32.067851,32.388531,112180300
2004-01-22,32.531974,32.650118,32.11847,32.19442,90061900
2004-01-23,32.245069,32.456042,31.882196,32.07629,88751300
2004-01-26,32.050976,32.616385,31.932832,32.56575,84538000
2004-01-27,32.498231,32.599501,31.806241,31.848438,97191600
2004-01-28,32.01721,32.118479,31.223954,31.308342,127959700
2004-01-29,31.426504,31.485576,30.937046,31.426504,143925900
2004-01-30,31.392744,31.595276,31.198649,31.283037,84264700
2004-02-02,31.392731,31.62902,31.072052,31.198637,94507900
2004-02-03,31.148001,31.426486,31.088929,31.164879,73488700
2004-02-04,30.90328,31.105815,30.658554,30.658554,109933000
2004-02-05,30.81046,30.979239,30.658562,30.776707,96784500
2004-02-06,30.886398,31.460244,30.827326,31.333662,107174100
2004-02-09,31.510875,31.544632,31.266146,31.325218,58817700
2004-02-10,31.274585,31.569945,31.249266,31.375851,65042700
2004-02-11,31.426502,31.789372,31.283038,31.713425,92503000
2004-02-12,31.662776,31.814676,31.426488,31.434925,70556400
2004-02-13,31.553063,32.042521,31.021411,31.173311,90570400
2004-02-17,31.460259,31.747182,31.409628,31.595282,69678600
2004-02-18,31.654358,31.78938,31.49402,31.688114,70972100
2004-02-19,31.958139,31.983458,31.072055,31.207077,100843800
2004-02-20,31.223956,31.3421,30.844205,31.105812,132347600
2004-02-23,31.223964,31.24928,30.472902,30.759825,125199800
2004-02-24,30.63324,30.928603,30.464461,30.683874,124521900
2004-02-25,30.742926,30.945458,30.658538,30.869511,74457100
2004-02-26,30.776695,31.088934,30.641673,30.945471,71327600
2004-02-27,31.021434,31.173334,30.607929,30.861095,99383900
2004-03-01,30.953913,31.28303,30.776696,31.266151,79700700
2004-03-02,31.207078,31.375856,30.894839,30.903276,91536000
2004-03-03,30.810447,30.911717,30.557281,30.734497,83938300
2004-03-04,30.751373,31.080493,30.709179,31.021418,65905600
2004-03-05,30.734514,31.350557,30.683883,30.911734,118107100
2004-03-08,30.962344,31.072051,30.15221,30.185966,112599500
2004-03-09,30.219728,30.363188,29.974999,30.093143,126140400
2004-03-10,30.169094,30.380067,29.645883,29.696514,134226100
2004-03-11,29.595251,29.98344,29.3674,29.426472,152132000
2004-03-12,29.688074,30.034069,29.662759,29.966557,118369600
2004-03-15,29.839993,29.87375,29.375854,29.443363,115813600
2004-03-16,29.629016,29.74716,29.223949,29.493994,123265100
2004-03-17,29.713386,30.059381,29.68807,29.958115,91684700
2004-03-18,29.848405,29.924356,29.510851,29.82309,111249700
2004-03-19,29.772458,29.924359,29.299882,29.325197,99976700
2004-03-22,29.139553,29.156431,28.717608,28.953899,133870400
2004-03-23,29.190188,29.240822,28.700729,28.717607,125945800
2004-03-24,28.818873,29.22394,28.700725,29.046721,118876800
2004-03-25,29.240806,29.924356,29.215487,29.82309,142122000
2004-03-26,29.78934,30.025632,29.704952,29.72183,78430800
2004-03-29,29.966564,30.346316,29.949689,30.202856,103864000
2004-03-30,30.101591,30.329442,29.97501,30.304127,95716500
2004-03-31,30.312556,30.380069,30.050952,30.245047,85993900
2004-04-01,30.219719,30.59103,30.1944,30.515079,93048600
2004-04-02,31.131126,31.358977,30.818887,31.308342,145964000
2004-04-05,31.232391,31.645898,31.198637,31.603704,67351600
2004-04-06,31.358978,31.434928,31.156442,31.207077,98611400
2004-04-07,31.215508,31.316774,30.937023,31.173311,91004900
2004-04-08,31.519306,31.553063,31.004536,31.173311,77176300
2004-04-12,31.24084,31.426497,31.207084,31.367422,55285700
2004-04-13,31.510896,31.527774,30.76827,30.911734,100624400
2004-04-14,30.726071,31.181773,30.683878,31.063629,113663200
2004-04-15,31.012982,31.105811,30.396942,30.506649,123565500
2004-04-16,30.548849,30.650115,30.202854,30.45602,110736600
2004-04-19,30.388512,30.87797,30.363196,30.827335,85838700
2004-04-20,30.894842,31.046743,30.076267,30.110023,119545100
2004-04-21,30.295683,30.4729,30.084711,30.371634,117850500
2004-04-22,30.380087,31.232416,30.363209,31.156466,137623300
2004-04-23,31.291467,31.443365,31.139567,31.401171,91855600
2004-04-26,31.375846,31.468675,30.928585,31.173311,74392200
2004-04-27,31.181763,31.384295,30.96235,31.11425,87548500
2004-04-28,30.979217,30.987657,30.396933,30.548834,111740700
2004-04-29,30.456021,30.666993,29.789346,30.076269,156917100
2004-04-30,30.093153,30.211297,29.299897,29.342091,150829200
2004-05-03,29.536178,29.975001,29.443349,29.620565,117007200
2004-05-04,29.713398,30.1691,29.561497,29.747154,126176000
2004-05-05,29.890614,30.126905,29.70496,29.983442,97528500
2004-05-06,29.730271,29.907487,29.409592,29.755587,102733300
2004-05-07,29.612117,30.076256,29.460216,29.510851,137686000
2004-05-10,29.257704,29.451802,29.046731,29.257704,156951400
2004-05-11,29.51086,29.856855,29.468663,29.696514,120493600
2004-05-12,29.637442,29.780906,28.920137,29.755587,197765400
2004-05-13,29.586814,29.915931,29.468666,29.544617,137841700
2004-05-14,29.704949,29.797777,29.232369,29.325197,133689900
2004-05-17,29.012967,29.249256,28.785116,29.046721,150652400
2004-05-18,29.249253,29.451788,29.198618,29.308325,96686400
2004-05-19,29.671202,29.966563,29.223941,29.274572,141646900
2004-05-20,29.350518,29.553053,29.164864,29.40959,94938500
2004-05-21,29.54461,29.679633,29.316763,29.553051,111329200
2004-05-24,29.789343,29.924365,29.536176,29.755587,99861800
2004-05-25,29.66277,30.447588,29.493991,30.346319,146321400
2004-05-26,30.261925,30.540407,30.219731,30.540407,93789700
2004-05-27,30.624794,30.80201,30.430699,30.734497,110183400
2004-05-28,30.70074,30.8442,30.557277,30.8442,56379500
2004-06-01,30.607923,30.844211,30.4729,30.802017,90592700
2004-06-02,30.852644,30.937032,30.523524,30.734497,103519800
2004-06-03,30.633252,30.683886,30.228184,30.363207,97301400
2004-06-04,30.666992,30.90328,30.523529,30.540407,91233200
2004-06-07,30.751378,31.308345,30.66699,31.266151,107532600
2004-06-08,31.139566,31.384292,31.097369,31.308342,72530900
2004-06-09,31.207065,31.266137,30.801998,30.869511,98215200
2004-06-10,30.962341,31.088926,30.844197,31.088926,57101300
2004-06-14,30.894839,30.894839,30.464453,30.65011,85129900
2004-06-15,30.852658,31.215532,30.852658,31.046753,91937700
2004-06-16,31.029858,31.139564,30.928592,30.996101,64743300
2004-06-17,30.928604,30.937041,30.591046,30.70919,77844200
2004-06-18,30.633235,31.088937,30.599478,30.751379,78641500
2004-06-21,30.818888,30.911716,30.430699,30.506649,65373100
2004-06-22,30.515082,30.970783,30.396937,30.953905,101524300
2004-06-23,30.861079,31.38429,30.810444,31.325218,94393900
2004-06-24,31.240836,31.519318,31.156445,31.266151,92343200
2004-06-25,31.223971,31.553088,31.207093,31.502457,81005400
2004-06-28,31.637453,31.662769,31.139558,31.240824,94033200
2004-06-29,31.308345,31.721853,31.29147,31.536196,68265900
2004-06-30,31.603709,31.983461,31.519318,31.848438,97809500
2004-07-01,31.780905,31.780905,31.029844,31.257694,122141800
2004-07-02,31.257711,31.266148,30.911716,31.072054,74056400
2004-07-06,30.886402,30.886402,30.236608,30.405384,130232600
2004-07-07,30.34631,30.624796,30.312554,30.464455,95623100
2004-07-08,30.219732,30.489777,30.000319,30.126904,108755400
2004-07-09,30.245058,30.413837,30.067841,30.169107,86014700
2004-07-12,30.017193,30.118459,29.738711,30.042509,81844500
2004-07-13,30.110021,30.219728,29.882171,30.000315,81222000
2004-07-14,29.704955,30.084706,29.57837,29.696514,119489200
2004-07-15,29.806218,29.949681,29.586808,29.595245,90405700
2004-07-16,29.899063,29.915941,29.21551,29.257704,120387100
2004-07-19,29.350528,29.510869,29.088924,29.198627,106387900
2004-07-20,29.31677,30.034076,29.291451,29.899054,117453700
2004-07-21,30.017187,30.0847,28.979202,29.029837,136086800
2004-07-22,29.097355,29.629007,28.90326,29.426472,132135800
2004-07-23,29.215502,29.249258,28.717606,28.869507,107107100
2004-07-26,28.894821,29.03828,28.439119,28.74292,112962200
2004-07-27,28.852622,29.291446,28.726041,29.139545,103474700
2004-07-28,29.038278,29.223935,28.531945,29.012962,154299800
2004-07-29,29.29146,29.468677,29.114244,29.350533,98959800
2004-07-30,29.333656,29.62058,29.240831,29.443363,83007800
2004-08-02,29.207051,29.553045,29.080466,29.502411,81249000
2004-08-03,29.401155,29.477105,28.852625,28.886381,85746500
2004-08-04,28.818882,29.080486,28.700735,28.894833,86721000
2004-08-05,28.987651,29.029848,28.354733,28.354733,109722900
2004-08-06,28.185952,28.19439,27.561472,27.612106,148808600
2004-08-09,27.68806,27.814641,27.553037,27.679619,79281900
2004-08-10,27.814632,28.253455,27.780875,28.025604,105819800
2004-08-11,27.721814,27.882155,27.468647,27.780886,121217700
2004-08-12,27.58679,27.730253,27.316745,27.401136,113691800
2004-08-13,27.553039,27.62899,27.29987,27.443333,91416100
2004-08-16,27.519281,28.008736,27.502403,27.755569,77851300
2004-08-17,27.949658,28.219703,27.839955,28.067802,89573100
2004-08-18,27.899035,28.616341,27.856838,28.565706,106608500
2004-08-19,28.464447,28.565713,28.194402,28.413813,104690200
2004-08-20,28.329417,28.810434,28.278782,28.700727,91962400
2004-08-23,28.734484,28.920141,28.616339,28.76824,83390800
2004-08-24,28.90325,28.953885,28.53194,28.75979,86610500
2004-08-25,28.751355,29.198616,28.607895,29.156422,88394600
2004-08-26,29.080468,29.156418,28.953886,29.029837,57663400
2004-08-27,29.088909,29.266126,29.063591,29.16486,58597200
2004-08-30,29.038281,29.055159,28.641651,28.675407,62355700
2004-08-31,28.70916,28.793548,28.396921,28.70916,81262000
2004-09-01,28.633213,29.088914,28.523506,28.920135,96630600
2004-09-02,28.844199,29.434924,28.827321,29.350533,83054000
2004-09-03,29.063591,29.257686,28.734475,28.810425,90213700
2004-09-07,29.029845,29.207061,28.793553,29.055161,95556500
2004-09-08,28.953891,29.266129,28.844184,28.94545,101466100
2004-09-09,29.072041,29.325208,28.810434,29.190186,104397500
2004-09-10,29.207051,29.696506,29.088907,29.637434,108591600
2004-09-13,29.747142,30.143771,29.654313,30.025627,109350500
2004-09-14,29.915932,30.143783,29.839982,30.067833,76466300
2004-09-15,29.890614,29.915933,29.637448,29.747154,90128700
2004-09-16,29.755585,30.017192,29.645881,29.806219,67121000
2004-09-17,29.730275,29.975004,29.671203,29.899054,83903400
2004-09-20,29.780909,30.185977,29.688081,29.899054,110678100
2004-09-21,29.991885,30.253489,29.890616,30.0172,93688400
2004-09-22,29.907499,29.924377,29.426481,29.493994,101393400
2004-09-23,29.519308,29.662771,29.434921,29.468674,92503200
2004-09-24,29.527739,29.696514,29.325203,29.367397,103247400
2004-09-27,29.215489,29.316759,29.012958,29.114223,86017600
2004-09-28,29.156418,29.274562,28.886373,29.173296,87070300
2004-09-29,29.14798,29.637435,29.139539,29.603682,95096200
2004-09-30,29.553044,29.764017,29.443338,29.65431,74514600
2004-10-01,29.915928,30.506652,29.839977,30.464455,118252700
2004-10-04,30.683881,30.903292,30.591053,30.641687,108032600
2004-10-05,30.574167,30.793581,30.515095,30.683874,89754400
2004-10-06,30.641674,30.96235,30.472895,30.928596,87815500
2004-10-07,30.835778,30.945481,30.523536,30.582611,82374300
2004-10-08,30.447572,30.582595,29.958114,30.025627,115073000
2004-10-11,30.143792,30.261936,30.042522,30.169107,51181600
2004-10-12,29.899057,30.245052,29.704963,30.118467,97884100
2004-10-13,30.422258,30.498208,29.899047,30.050947,132442500
2004-10-14,30.118468,30.194418,29.81467,29.915936,99383700
2004-10-15,29.949689,30.261927,29.772469,30.067833,129183400
2004-10-18,29.966561,30.591041,29.873735,30.498213,108933400
2004-10-19,30.700737,30.861075,30.202841,30.278791,129973500
2004-10-20,30.236601,30.574155,30.0847,30.422255,106524200
2004-10-21,30.582604,31.046743,30.464457,30.886402,122627600
2004-10-22,30.894841,30.953913,30.160657,30.211288,114321100
2004-10-25,30.152221,30.219734,29.949689,30.067833,102863000
2004-10-26,30.08471,30.245049,29.882175,30.22817,98164500
2004-10-27,30.245039,31.131124,30.135333,30.996101,152423400
2004-10-28,30.953903,31.325214,30.861074,31.190191,111113900
2004-10-29,31.148015,31.426501,30.94548,31.139578,100779200
2004-11-01,31.20706,31.375838,31.055159,31.257694,72356000
2004-11-02,31.2999,31.688089,31.240828,31.358973,108930700
2004-11-03,31.865324,31.983471,31.350553,31.569963,140980100
2004-11-04,31.443363,31.882186,31.316781,31.747164,112513700
2004-11-05,32.084719,32.202863,31.738724,32.034084,117017900
2004-11-08,32.025658,32.15224,31.941267,32.067852,66486000
2004-11-09,32.00878,32.194437,31.907514,32.00034,85038700
2004-11-10,32.008792,32.118499,31.772504,31.890648,95122300
2004-11-11,31.991893,32.388523,31.949699,32.312572,99338800
2004-11-12,32.354761,32.709193,32.211298,32.624805,102418100
2004-11-15,32.607946,32.793603,32.489802,32.768288,82696000
2004-11-16,32.624822,32.6417,32.337899,32.56575,97197500
2004-11-17,32.768266,33.181771,32.768266,33.004555,125242500
2004-11-18,32.894845,33.215524,32.818895,33.156452,94901100
2004-11-19,33.114277,33.156471,32.565747,32.641697,118448900
2004-11-22,32.582612,32.9708,32.472905,32.953922,79882600
2004-11-23,32.920184,33.038331,32.582629,32.903309,91925300
2004-11-24,32.987689,33.240855,32.97081,33.190224,74051700
2004-11-26,33.223989,33.316817,33.05521,33.088966,31248900
2004-11-29,33.299919,33.45182,32.886415,33.080509,94765400
2004-11-30,33.164905,33.240855,32.962373,33.013004,87663100
2004-12-01,33.139572,33.721855,33.139572,33.688099,102375000
2004-12-02,33.603736,34.084754,33.553101,33.814709,122005600
2004-12-03,34.050995,34.25353,33.823147,33.865341,114227700
2004-12-06,33.856894,34.118501,33.679677,33.983479,70415100
2004-12-07,34.050981,34.177566,33.358991,33.401188,121439800
2004-12-08,33.418072,33.738751,33.333684,33.595291,10121300
2004-12-09,33.325248,33.915969,33.114275,33.797825,134346000
2004-12-10,33.620625,33.814719,33.536237,33.696575,86177300
2004-12-13,33.949727,34.042555,33.738754,33.99192,74296400
2004-12-14,33.991927,34.253534,33.966611,34.160706,91985000
2004-12-15,34.169141,34.329479,33.882218,34.034119,95179300
2004-12-16,34.042541,34.13537,33.603718,33.713425,86101300
2004-12-17,33.77223,33.917067,33.593316,33.627396,97947000
2004-12-20,33.712579,33.882975,33.303633,33.39735,106397600
2004-12-21,33.559236,33.831867,33.465518,33.806309,83184700
2004-12-22,33.68703,34.019299,33.644432,33.848904,75298000
2004-12-23,33.74666,34.002252,33.687023,33.874454,45782000
2004-12-27,34.061895,34.095975,33.567752,33.729626,67157700
2004-12-28,33.797769,34.078922,33.746653,34.053364,62563100
2004-12-29,34.01079,34.215265,33.993753,34.095989,46594800
2004-12-30,34.138572,34.18117,34.019296,34.070415,41717600
2004-12-31,34.104467,34.181145,33.891474,34.01075,44112300
2005-01-03,34.155619,34.326014,33.542197,33.652954,100970900
2005-01-04,33.797768,33.857409,32.843559,33.039513,136623200
2005-01-05,32.954321,33.192872,32.775407,32.835045,127925500
2005-01-06,32.911738,32.979894,32.664665,32.673183,102934600
2005-01-07,32.852115,33.116225,32.553922,32.843594,123104000
2005-01-10,32.749849,33.116198,32.707251,32.826527,88764200
2005-01-11,32.690203,32.80096,32.434611,32.596485,106398800
2005-01-12,32.741343,32.886177,32.383513,32.869141,127754900
2005-01-13,32.869128,33.099158,32.3835,32.43462,101982400
2005-01-14,32.545376,32.818007,32.536854,32.741329,93460900
2005-01-18,32.613537,33.048045,32.56242,32.988407,91760400
2005-01-19,32.99693,33.01397,32.42611,32.44315,104981000
2005-01-20,32.076811,32.213127,31.795658,31.821217,120963900
2005-01-21,31.931958,31.991596,31.514493,31.565609,138569200
2005-01-24,31.625252,31.693411,31.062949,31.122587,137499000
2005-01-25,31.32706,31.599691,31.233342,31.27594,119171300
2005-01-26,31.488924,31.770076,31.369648,31.650801,107465800
2005-01-27,31.599691,31.753047,31.412256,31.60821,103654700
2005-01-28,31.710471,31.753069,31.199284,31.454876,111648600
2005-01-31,31.82972,31.974554,31.744521,31.8638,89139900
2005-02-01,31.940478,32.076793,31.838239,31.966036,76610300
2005-02-02,32.068279,32.144956,31.787129,32.017162,100160500
2005-02-03,31.846754,31.872312,31.523003,31.650801,90157900
2005-02-04,31.650797,32.221618,31.650797,32.16198,99302000
2005-02-07,32.204603,32.29832,31.966051,32.093845,71551400
2005-02-08,32.085313,32.383503,32.051234,32.153473,72821700
2005-02-09,32.17903,32.204588,31.57413,31.616728,93276600
2005-02-10,31.744515,31.795635,31.420768,31.650801,110373000
2005-02-11,31.548561,32.247179,31.463365,32.119385,108684100
2005-02-14,32.119376,32.323848,32.110854,32.26421,54908900
2005-02-15,32.289783,32.783926,32.221624,32.477215,131406500
2005-02-16,32.40055,32.511308,32.230158,32.357952,80273900
2005-02-17,32.417588,32.494265,31.889365,31.923445,115628300
2005-02-18,31.931974,32.008652,31.744539,31.821217,69158800
2005-02-22,31.54858,31.991607,31.344108,31.429304,121232000
2005-02-23,31.557083,31.582641,31.267412,31.471884,95010100
2005-02-24,31.395216,31.89788,31.318538,31.872322,99334600
2005-02-25,31.84676,32.119391,31.770082,32.051231,79988700
2005-02-28,31.914923,32.034199,31.454857,31.710451,95731300
2005-03-01,31.838227,32.11938,31.804151,32.059742,78460600
2005-03-02,31.872325,32.39203,31.829727,32.042721,107270600
2005-03-03,32.127913,32.144953,31.540053,31.778605,89793800
2005-03-04,32.034192,32.161989,31.8638,31.966036,86622300
2005-03-07,32.034184,32.622047,32.000108,32.426094,93563900
2005-03-08,32.383498,32.553893,32.07679,32.102348,89595200
2005-03-09,32.093813,32.315328,31.923421,32.008617,98063000
2005-03-10,32.042714,32.09383,31.591169,31.966036,97043600
2005-03-11,32.110875,32.221633,31.540055,31.667849,102857500
2005-03-14,31.727478,31.829713,31.548561,31.812674,65576200
2005-03-15,31.880821,31.93194,31.514476,31.557074,93856300
2005-03-16,31.446334,31.676367,31.122583,31.199261,159578000
2005-03-17,31.190744,31.429295,31.131106,31.27594,100429600
2005-03-18,31.31001,31.34409,30.96922,31.105536,108899400
2005-03-21,31.182207,31.310005,30.884018,31.165171,92752500
2005-03-22,31.190771,31.310047,30.764784,30.781824,114016300
2005-03-23,30.747714,31.088504,30.730674,30.892548,97444900
2005-03-24,31.003307,31.224822,30.901072,30.901072,77566800
2005-03-28,31.020343,31.190738,30.935147,30.960705,59739000
2005-03-29,30.901064,31.165177,30.619911,30.713629,119554300
2005-03-30,30.866986,31.335571,30.858468,31.292973,114711000
2005-03-31,31.292987,31.310027,31.045914,31.156672,86578900
2005-04-01,31.369649,31.420769,30.781789,30.841427,143814300
2005-04-04,30.88404,31.18223,30.696605,31.062954,100090300
2005-04-05,31.088517,31.24187,31.028876,31.148155,66266600
2005-04-06,31.233348,31.446342,31.028873,31.097033,82168900
2005-04-07,31.122575,31.480405,31.105535,31.471884,88618000
2005-04-08,31.52302,31.582657,31.182229,31.216309,92332900
2005-04-11,31.310018,31.335576,31.011828,31.079985,70976000
2005-04-12,31.045898,31.301493,30.594354,31.233334,144848500
2005-04-13,31.148139,31.182216,30.653993,30.722153,108995500
2005-04-14,30.722159,30.756236,30.245053,30.287651,158057900
2005-04-15,30.02354,30.134294,29.546434,29.597553,170013300
2005-04-18,29.571986,29.819059,29.512348,29.606066,110084000
2005-04-19,29.836097,29.904254,29.606064,29.810539,96922100
2005-04-20,29.99798,30.066139,29.469757,29.563475,140457400
2005-04-21,29.9213,30.423964,29.784984,30.347286,124505100
2005-04-22,30.210981,30.219503,29.665719,29.895752,114996800
2005-04-25,30.074667,30.210982,29.946873,30.142826,72170100
2005-04-26,30.066129,30.415438,29.853136,29.861654,104958800
2005-04-27,29.708311,30.032062,29.589035,29.904264,112539300
2005-04-28,29.7509,29.946856,29.580508,29.606066,98181900
2005-04-29,29.819061,29.87018,29.265277,29.802021,144435900
2005-05-02,29.904257,30.040573,29.725344,29.921297,67648800
2005-05-03,29.861664,30.185415,29.844624,30.074657,103428700
2005-05-04,30.066144,30.526211,30.023546,30.441011,90480600
2005-05-05,30.45804,30.602874,30.270605,30.466558,79341700
2005-05-06,30.645498,30.688096,30.432505,30.551781,77310200
2005-05-09,30.560288,30.722165,30.381374,30.696604,66298400
2005-05-10,30.551756,30.636952,30.347281,30.475079,77194700
2005-05-11,30.517685,30.696599,30.074659,30.628443,131952400
2005-05-12,30.696612,30.84145,30.381383,30.543257,116602200
2005-05-13,30.662535,31.071482,30.577336,30.875528,133273500
2005-05-16,30.875513,31.131104,30.781795,31.079985,79093200
2005-05-17,30.969229,31.301501,30.849953,31.267422,91665900
2005-05-18,31.352624,31.82973,31.275946,31.693415,128105900
2005-05-19,31.770082,31.966035,31.693404,31.957514,92619700
2005-05-20,31.906394,32.110866,31.821195,32.085308,66530100
2005-05-23,32.085311,32.366464,32.034191,32.247185,93068200
2005-05-24,32.170498,32.374973,32.119382,32.349415,100830000
2005-05-25,32.238678,32.272757,32.025684,32.21312,76470600
2005-05-26,32.357952,32.605025,32.357952,32.536865,84066800
2005-05-27,32.494252,32.58797,32.392017,32.55389,50076900
2005-05-31,32.536864,32.579465,32.306831,32.44315,75281500
2005-06-01,32.400538,32.954322,32.39202,32.707249,110875700
2005-06-02,32.656122,32.937271,32.63056,32.937271,75926500
2005-06-03,32.91173,32.920249,32.392026,32.460182,96998400
2005-06-06,32.47723,32.536868,32.340915,32.468712,52681400
2005-06-07,32.502806,32.775437,32.153496,32.196095,108953400
2005-06-08,32.272755,32.332393,32.000124,32.127918,79211900
2005-06-09,32.085317,32.426107,31.949001,32.33239,99383300
2005-06-10,32.289802,32.289802,31.846776,31.99161,85971700
2005-06-13,31.931954,32.332382,31.914914,32.144947,82331300
2005-06-14,32.110877,32.238674,31.949003,32.017162,62593600
2005-06-15,32.230142,32.264219,31.735996,32.119385,103952000
2005-06-16,32.153483,32.374995,32.085324,32.289799,90450100
2005-06-17,32.498701,32.583976,32.191707,32.294037,83915700
2005-06-20,32.166125,32.473119,32.046739,32.294037,67580000
2005-06-21,32.268467,32.413434,32.149081,32.276993,97845600
2005-06-22,32.404917,32.490191,32.089396,32.242893,75221100
2005-06-23,32.294041,32.558398,31.833552,31.884716,122163300
2005-06-24,31.876199,31.901781,31.518038,31.526567,142144100
2005-06-27,31.509507,31.603311,31.296317,31.381592,72780800
2005-06-28,31.509505,31.773858,31.466867,31.680058,73330300
2005-06-29,31.765344,31.77387,31.526572,31.611847,71513600
2005-06-30,31.671534,31.731227,31.338958,31.36454,87803700
2005-07-01,31.432757,31.552143,31.27926,31.321898,55254800
2005-07-05,31.211042,31.714171,31.211042,31.645952,79288700
2005-07-06,31.577725,31.790916,31.432758,31.492451,79101000
2005-07-07,31.193985,31.628891,31.1684,31.60331,119466300
2005-07-08,31.620386,32.242901,31.543637,32.20879,101320700
2005-07-11,32.294043,32.541344,32.23435,32.507233,96283700
2005-07-12,32.507239,32.797178,32.413435,32.660736,86059300
2005-07-13,32.67778,32.771584,32.549864,32.737473,72135400
2005-07-14,32.976261,33.155343,32.848348,33.061539,99135200
2005-07-15,33.112712,33.25768,32.959215,33.163876,67239200
2005-07-18,33.078594,33.163869,32.993316,33.027428,58644000
2005-07-19,33.18091,33.428211,33.121217,33.411156,77860900
2005-07-20,33.206501,33.743741,33.172393,33.649937,91433100
2005-07-21,33.735223,33.846079,33.436754,33.658474,127286000
2005-07-22,33.666992,33.760797,33.445276,33.615826,71666600
2005-07-25,33.64995,33.794921,33.428233,33.487926,51872700
2005-07-26,33.590244,33.70963,33.419691,33.615826,67324900
2005-07-27,33.641401,33.905755,33.453793,33.871647,78351100
2005-07-28,33.897242,34.04221,33.803438,34.033684,66163700
2005-07-29,33.999556,34.042194,33.701092,33.752258,74725700
2005-08-01,33.803429,33.965455,33.701099,33.811958,59748300
2005-08-02,33.854604,34.229817,33.811966,34.178654,79284100
2005-08-03,34.033679,34.221287,34.008097,34.161594,61916400
2005-08-04,34.008108,34.059271,33.74375,33.829025,72035500
2005-08-05,33.77786,33.931357,33.624362,33.667,66029500
2005-08-08,33.701106,33.777854,33.377056,33.419693,63415400
2005-08-09,33.573196,33.760804,33.522032,33.641418,62143600
2005-08-10,33.726677,33.846063,33.232077,33.351463,102317500
2005-08-11,33.368516,33.718148,33.342931,33.624344,92446700
2005-08-12,33.360008,33.53056,33.232095,33.436756,86367300
2005-08-15,33.377061,33.794916,33.325898,33.641418,63061100
2005-08-16,33.513512,33.539097,33.035968,33.095661,94596000
2005-08-17,33.189441,33.402631,33.078585,33.291775,74470500
2005-08-18,33.146828,33.342963,33.061553,33.121246,72559400
2005-08-19,33.163857,33.257661,33.078582,33.104164,52024300
2005-08-22,33.155358,33.411185,32.916582,33.121246,88056300
2005-08-23,33.121232,33.189451,32.925097,33.027428,57482900
2005-08-24,32.959207,33.411169,32.79718,32.831291,95025700
2005-08-25,32.890991,32.993322,32.822772,32.908047,52328800
2005-08-26,32.856885,32.916578,32.635168,32.797192,63840700
2005-08-29,32.626636,33.129765,32.626636,33.053017,74940400
2005-08-30,32.88248,32.967755,32.677816,32.933643,87373600
2005-08-31,32.950692,33.266213,32.814251,33.240631,93426300
2005-09-01,33.257679,33.385595,33.070071,33.189457,74884400
2005-09-02,33.257673,33.283255,33.035957,33.061539,53244900
2005-09-06,33.215039,33.607308,33.172401,33.547615,78106600
2005-09-07,33.51348,33.666978,33.436732,33.607285,57440100
2005-09-08,33.50497,33.743742,33.487914,33.598774,73529700
2005-09-09,33.607306,33.846078,33.522031,33.786385,75342100
2005-09-12,33.794917,33.991052,33.75228,33.880192,51689900
2005-09-13,33.837555,34.03369,33.718169,33.794918,66145800
2005-09-14,33.811954,33.837536,33.385574,33.411156,98644000
2005-09-15,33.479375,33.547597,33.300296,33.3941,80421500
2005-09-16,33.470859,33.649938,33.351473,33.598774,71034100
2005-09-19,33.530546,33.581713,33.180914,33.334412,73387500
2005-09-20,33.394114,33.718164,33.095649,33.197979,115202800
2005-09-21,33.104174,33.146812,32.805709,32.831291,116404300
2005-09-22,32.780135,33.027436,32.609585,32.950687,118686100
2005-09-23,32.831285,33.155335,32.754537,33.044476,70154000
2005-09-26,33.232099,33.283263,32.873938,33.053017,69327600
2005-09-27,33.078591,33.172395,32.839816,32.976257,64089500
2005-09-28,33.052999,33.215025,32.882449,32.984779,72044500
2005-09-29,32.942146,33.436745,32.788648,33.428219,117634600
2005-09-30,33.402635,33.666992,33.368527,33.649937,79248500
2005-10-03,33.718162,33.897241,33.692577,33.735218,81685600
2005-10-04,33.786403,34.008122,33.504993,33.513519,85348600
2005-10-05,33.522038,33.54762,33.027435,33.053017,106152200
2005-10-06,33.027443,33.138303,32.336706,32.618118,162213700
2005-10-07,32.746002,32.89097,32.558394,32.694836,91119900
2005-10-10,32.635167,32.797191,32.456088,32.515781,64012000
2005-10-11,32.609587,32.609587,32.23437,32.353756,114736900
2005-10-12,32.166132,32.456071,31.918831,31.969997,146109500
2005-10-13,31.952939,32.328153,31.833553,32.217293,138569600
2005-10-14,32.302569,32.464592,32.097905,32.456066,131463200
2005-10-17,32.46461,32.566941,32.25142,32.558414,64080400
2005-10-18,32.524317,32.558428,32.328182,32.328182,88070400
2005-10-19,32.166137,32.976257,32.072333,32.976257,132879900
2005-10-20,33.010368,33.129754,32.490184,32.669266,132576900
2005-10-21,32.976285,33.044508,32.686349,32.873955,110032000
2005-10-24,33.027413,33.411156,32.805697,33.3941,110820900
2005-10-25,33.334401,33.419675,33.061517,33.266178,86665800
2005-10-26,33.240629,33.487931,33.053021,33.095661,89878100
2005-10-27,33.070059,33.087115,32.430489,32.430489,132231100
2005-10-28,32.541346,32.737481,32.336682,32.677788,95243900
2005-10-31,32.788647,33.300302,32.763062,33.146805,115279100
2005-11-01,33.070079,33.266214,33.010386,33.121246,73502300
2005-11-02,33.027415,33.64993,33.010359,33.556126,101409900
2005-11-03,33.8887,34.187165,33.837534,34.05925,137054000
2005-11-04,34.110431,34.306566,33.97399,34.178654,100944500
2005-11-07,34.289506,34.357728,34.06779,34.221287,65324500
2005-11-08,34.178653,34.408895,34.101904,34.229816,78859700
2005-11-09,34.21278,34.391862,34.136031,34.246891,72458800
2005-11-10,34.26392,34.698827,34.0422,34.622078,120763100
2005-11-11,34.767067,34.894979,34.690319,34.7159,80057200
2005-11-14,34.767067,34.843816,34.622096,34.7159,53652400
2005-11-15,34.732958,34.877929,34.434493,34.553879,79543500
2005-11-16,34.64767,34.775582,34.502699,34.767056,65895700
2005-11-17,34.886452,35.236084,34.835286,35.227558,94425500
2005-11-18,35.406636,35.517496,35.193446,35.346943,108820200
2005-11-21,35.304301,35.457798,35.167859,35.432213,69731400
2005-11-22,35.364,35.705103,35.270196,35.560135,88814000
2005-11-23,35.585704,35.833006,35.568649,35.645397,64101200
2005-11-25,35.679496,35.764771,35.585692,35.722134,22930200
2005-11-28,35.815979,35.815979,35.389599,35.42371,74716200
2005-11-29,35.619819,35.688038,35.253132,35.253132,77443000
2005-11-30,35.201966,35.381048,35.125217,35.167858,88044400
2005-12-01,35.398109,35.858601,35.389583,35.82449,91914100
2005-12-02,35.764773,35.9268,35.70508,35.909744,72929200
2005-12-05,35.867117,35.867117,35.500429,35.645397,61519900
2005-12-06,35.841531,36.080306,35.730674,35.764782,81509400
2005-12-07,35.815954,35.841535,35.500433,35.696568,83885500
2005-12-08,35.781841,35.815952,35.193437,35.440739,112043200
2005-12-09,35.440756,35.619835,35.287259,35.577198,56526900
2005-12-12,35.705101,35.764794,35.543078,35.705101,44863600
2005-12-13,35.662459,35.995035,35.611292,35.850067,76611600
2005-12-14,35.773324,35.901236,35.56866,35.730686,73581600
2005-12-15,35.815964,35.875657,35.483388,35.790382,72607200
2005-12-16,35.782683,35.851067,35.517688,35.543335,63743000
2005-12-19,35.620258,35.654452,34.962052,34.979145,75341700
2005-12-20,35.004776,35.17574,34.833812,35.004776,70257700
2005-12-21,35.064615,35.397993,35.004778,35.158646,68935000
2005-12-22,35.141567,35.440752,35.133017,35.389465,59149500
2005-12-23,35.483493,35.55188,35.303982,35.389465,38000400
2005-12-27,35.49205,35.628821,35.021901,35.081738,55656300
2005-12-28,35.098804,35.244121,34.936387,35.038967,50302400
2005-12-29,35.073173,35.150107,34.748345,34.808182,47301700
2005-12-30,34.654325,34.688518,34.500457,34.543198,60026500
2006-01-03,34.748358,35.466406,34.329496,35.312538,109350400
2006-01-04,35.397997,35.680088,35.321063,35.680088,92769400
2006-01-05,35.688659,35.902364,35.654466,35.833977,77656900
2006-01-06,36.12461,36.500732,35.953649,36.483635,110053900
2006-01-09,36.483642,36.688797,36.346871,36.62896,80768800
2006-01-10,36.466552,36.688804,36.372522,36.654613,84369400
2006-01-11,36.757173,37.022167,36.646045,36.936684,100761400
2006-01-12,36.893939,37.005066,36.628944,36.757168,82429200
2006-01-13,36.705884,36.799915,36.526373,36.740078,64572100
2006-01-17,36.457985,36.577659,36.329761,36.500725,77962100
2006-01-18,35.927996,36.295568,35.919449,36.081863,121021900
2006-01-19,36.26136,36.603288,36.150236,36.346844,111094000
2006-01-20,36.295579,36.321226,35.175769,35.26125,188569400
2006-01-23,35.355282,35.432216,35.115934,35.269798,111381900
2006-01-24,35.355265,35.645903,35.312525,35.423649,77956900
2006-01-25,35.59463,35.620274,35.115934,35.269798,99826400
2006-01-26,35.474937,35.637351,35.244136,35.517677,112600600
2006-01-27,35.731397,36.235739,35.68011,35.996391,110830400
2006-01-30,36.0562,36.175874,35.96217,36.064747,53942600
2006-01-31,36.047673,36.133156,35.739941,35.902355,100988100
2006-02-01,35.680137,36.047706,35.645944,36.030613,89168700
2006-02-02,35.910904,35.970745,35.398015,35.415112,94047400
2006-02-03,35.150109,35.24414,34.859471,34.979145,121094200
2006-02-06,34.808194,35.056089,34.697067,34.885128,58162800
2006-02-07,34.825289,34.987703,34.568841,34.731258,87327000
2006-02-08,34.979143,35.175754,34.782536,35.133011,89907800
2006-02-09,35.22705,35.36382,34.731257,34.799641,78213400
2006-02-10,34.774,35.098831,34.414974,35.013348,102575900
2006-02-13,34.791095,34.825288,34.449166,34.611584,70643100
2006-02-14,34.679964,35.064632,34.543193,34.962055,94340300
2006-02-15,34.868022,35.269784,34.816731,35.184303,92254300
2006-02-16,35.312555,35.51771,35.175784,35.509163,103859600
2006-02-17,35.44074,35.44074,35.218489,35.227036,81770200
2006-02-21,35.227036,35.278326,34.714146,34.83382,85101400
2006-02-22,34.859486,35.50915,34.774005,35.269798,91983900
2006-02-23,35.20996,35.509148,35.115933,35.17577,66517100
2006-02-24,35.209961,35.295445,35.056094,35.269798,57085400
2006-02-27,35.355275,35.79123,35.329631,35.66301,64945000
2006-02-28,35.56897,35.663,35.021887,35.133011,117564600
2006-03-01,35.244134,35.705736,35.17575,35.611706,80962300
2006-03-02,35.517697,35.765595,35.398023,35.637371,69856500
2006-03-03,35.432205,35.910901,35.380915,35.432205,112066100
2006-03-06,35.509131,35.586065,35.013335,35.124462,99581000
2006-03-07,35.064617,35.107357,34.748335,34.919296,96441100
2006-03-08,34.842378,35.12447,34.620127,34.936409,103961900
2006-03-09,35.047538,35.175762,34.594486,34.637226,108556700
2006-03-10,34.60303,34.868025,34.355132,34.671417,124474900
2006-03-13,34.825285,34.996246,34.722704,34.773994,69169100
2006-03-14,34.73981,35.406567,34.73981,35.363827,118201000
2006-03-15,35.500592,35.66301,35.321081,35.66301,84375800
2006-03-16,35.774139,35.833976,35.329637,35.363827,101371200
2006-03-17,35.362962,35.576816,35.268865,35.457058,78219600
2006-03-20,35.559719,35.653815,35.414299,35.54261,60240100
2006-03-21,35.166218,35.936092,35.140556,35.166218,136566000
2006-03-22,34.969488,35.311653,34.952379,35.251774,112282800
2006-03-23,35.149109,35.260314,34.918146,35.149109,75158200
2006-03-24,35.268856,35.499819,35.08922,35.328735,81795500
2006-03-27,35.311646,35.508392,35.277432,35.337311,54400400
2006-03-28,35.405749,35.645265,35.063584,35.191895,100522800
2006-03-29,35.243202,36.013076,35.217537,35.8591,130669100
2006-03-30,35.936116,36.184188,35.747926,35.970333,115915600
2006-03-31,36.038741,36.090064,35.790669,35.867657,71074600
2006-04-03,36.055861,36.244051,35.842007,35.910439,80730700
2006-04-04,35.970303,36.192714,35.867654,36.10717,89952600
2006-04-05,36.184172,36.500675,36.107184,36.449352,91628200
2006-04-06,36.43224,36.731635,36.303926,36.551998,91712800
2006-04-07,36.680322,36.825741,36.184178,36.201286,116604300
2006-04-10,36.269694,36.355234,36.004513,36.149933,58981900
2006-04-11,36.261148,36.295365,35.679463,35.8591,91481900
2006-04-12,35.876209,35.995971,35.756452,35.867657,58751200
2006-04-13,35.841984,36.209814,35.747888,36.013065,63476900
2006-04-17,35.961767,36.107186,35.405744,35.636707,104072100
2006-04-18,35.730789,36.40657,35.730789,36.321026,124291700
2006-04-19,36.389474,36.48357,36.184172,36.48357,79050300
2006-04-20,36.475005,36.628981,36.252598,36.355247,81408000
2006-04-21,36.492108,36.543434,35.773557,35.927532,130181200
2006-04-24,35.884765,35.987415,35.68802,35.893318,78556400
2006-04-25,35.98741,36.013072,35.628137,35.816326,77660800
2006-04-26,35.807766,35.97885,35.670899,35.807766,82537000
2006-04-27,35.645237,36.346682,35.499817,36.149933,173950100
2006-04-28,35.927535,36.115728,35.739342,35.799221,88876600
2006-05-01,35.859102,35.970307,35.3373,35.448502,92875500
2006-05-02,35.602489,35.696586,35.414299,35.54261,85148100
2006-05-03,35.559696,35.619575,35.311624,35.491264,74971600
2006-05-04,35.525507,35.919002,35.525507,35.782135,88696800
2006-05-05,36.013089,36.107185,35.876222,36.064415,80392200
2006-05-08,35.995961,36.167042,35.987405,36.09861,45079100
2006-05-09,36.013077,36.081512,35.901875,35.961754,48528800
2006-05-10,35.867651,35.910421,35.542592,35.645241,92424200
2006-05-11,35.611018,35.628127,34.755601,34.849697,140989700
2006-05-12,34.695737,34.74706,34.370678,34.37923,153920800
2006-05-15,34.233807,34.507541,34.037062,34.353565,127896500
2006-05-16,34.362113,34.4391,34.019948,34.096935,132397500
2006-05-17,33.942964,34.05417,33.558026,33.635014,207897100
2006-05-18,33.780454,33.925873,33.361298,33.404068,139690900
2006-05-19,33.532387,33.76335,33.147448,33.660698,194306300
2006-05-22,33.369835,33.566584,33.036223,33.335621,169591800
2006-05-23,33.583699,33.686351,32.993462,33.010571,142243900
2006-05-24,32.959242,33.395506,32.702617,33.232975,234981600
2006-05-25,33.455392,33.686355,33.20732,33.669247,123510900
2006-05-26,33.746209,33.857414,33.558016,33.780426,91319600
2006-05-30,33.617909,33.643573,33.027672,33.053333,105606200
2006-05-31,33.113209,33.412608,32.96779,33.207306,137066200
2006-06-01,33.301404,33.994293,33.224416,33.994293,119357400
2006-06-02,34.182493,34.216711,33.626474,33.90876,128864100
2006-06-05,33.840328,33.840328,33.1731,33.1731,103190600
2006-06-06,33.232975,33.318518,32.805266,33.147434,127271000
2006-06-07,33.190203,33.506706,32.890808,32.899361,130754700
2006-06-08,32.736825,32.984897,32.0696,32.84803,280562200
2006-06-09,32.984899,33.138875,32.599961,32.634178,144146200
2006-06-12,32.67696,32.728283,31.98407,31.992626,145607500
2006-06-13,32.069615,32.334792,31.787325,31.864313,207099500
2006-06-14,31.958398,32.257793,31.821532,32.189362,201876800
2006-06-15,32.37756,33.181655,32.33479,33.061897,200700400
2006-06-16,32.998552,33.109832,32.698956,32.818794,120006100
2006-06-19,32.955735,32.989976,32.450699,32.553417,129450100
2006-06-20,32.60478,32.938617,32.47638,32.596222,102871700
2006-06-21,32.647603,33.3752,32.639044,33.10984,129548100
2006-06-22,33.032775,33.109814,32.51918,32.690376,143100500
2006-06-23,32.664713,32.98143,32.467835,32.656155,88050200
2006-06-26,32.673272,32.861591,32.587674,32.741753,65157700
2006-06-27,32.758864,32.810224,32.09119,32.125427,128227500
2006-06-28,32.20246,32.39078,31.997024,32.365101,91576300
2006-06-29,32.510637,33.34951,32.442159,33.34951,181997200
2006-06-30,33.486459,33.50358,33.109823,33.186863,82719200
2006-07-03,33.289572,33.383732,33.221094,33.383732,21598500
2006-07-05,33.07559,33.10983,32.604794,32.656155,93724000
2006-07-06,32.758884,32.938642,32.536324,32.621925,70615200
2006-07-07,32.442163,32.673278,32.159683,32.262402,108063300
2006-07-10,32.347983,32.467822,31.817265,31.979906,105109800
2006-07-11,31.911427,32.305187,31.740231,32.219585,136114200
2006-07-12,32.151112,32.21959,31.534796,31.611835,154458900
2006-07-13,31.363603,31.706002,31.081127,31.081127,177745500
2006-07-14,31.072553,31.141034,30.635998,30.764395,172448500
2006-07-17,30.77297,31.029767,30.704489,30.841448,134311000
2006-07-18,31.004082,31.098241,30.422006,30.944162,206964900
2006-07-19,30.918486,31.526244,30.892808,31.346483,192517600
2006-07-20,31.457765,31.500564,30.85001,30.884251,152292100
2006-07-21,30.713033,30.781511,30.490473,30.558954,119343000
2006-07-24,30.678802,31.183838,30.644561,31.166718,130269300
2006-07-25,31.235206,31.449205,31.021208,31.346483,108869600
2006-07-26,31.252335,31.560493,31.012658,31.320816,107170500
2006-07-27,31.449199,31.705996,31.02976,31.115358,99698700
2006-07-28,31.269428,31.791584,31.243749,31.765905,93556100
2006-07-31,31.74024,31.945676,31.577599,31.757357,78015300
2006-08-01,31.47488,31.500558,31.038321,31.226641,98552800
2006-08-02,31.337931,31.783048,31.337931,31.577608,87370600
2006-08-03,31.260884,31.962799,31.226644,31.774479,99205600
2006-08-04,32.056954,32.211034,31.346478,31.628958,123493800
2006-08-07,31.594722,31.620401,31.269444,31.423523,69634800
2006-08-08,31.50912,31.58616,31.038321,31.226641,124139900
2006-08-09,31.663201,31.937119,31.183844,31.269442,145342200
2006-08-10,31.183829,31.569027,31.081111,31.491987,102481300
2006-08-11,31.372163,31.4064,31.132483,31.269442,86903200
2006-08-14,31.534786,31.902863,31.414948,31.474867,109281100
2006-08-15,31.842969,32.313765,31.748809,32.270966,133712100
2006-08-16,32.510638,33.049915,32.3908,33.032795,135452100
2006-08-17,32.921507,33.366624,32.904387,33.152626,129492200
2006-08-18,33.067009,33.238209,32.76741,33.203968,97754500
2006-08-21,32.955741,33.007102,32.750302,32.88726,66668400
2006-08-22,32.835913,33.221111,32.698954,32.895832,102058600
2006-08-23,32.921504,33.101262,32.459267,32.647587,96056300
2006-08-24,32.741753,32.827351,32.459273,32.741753,78985300
2006-08-25,32.673289,33.075607,32.579132,32.801689,73572900
2006-08-28,32.775979,33.203975,32.73318,33.049896,80035000
2006-08-29,33.024229,33.178305,32.68183,33.152626,104842000
2006-08-30,33.144064,33.40942,33.041343,33.306702,75687200
2006-08-31,33.349523,33.409443,33.178324,33.272484,61207200
2006-09-01,33.452225,33.563502,33.298146,33.452225,69388500
2006-09-05,33.469319,33.794598,33.255321,33.777477,85582800
2006-09-06,33.469331,33.54637,33.049896,33.101254,97888600
2006-09-07,32.998543,33.298143,32.835905,32.947186,115877400
2006-09-08,32.989979,33.229656,32.921498,33.144058,96627000
2006-09-11,32.878714,33.512151,32.801675,33.34951,142377500
2006-09-12,33.340927,34.068519,33.340927,33.965801,124102400
2006-09-13,33.991513,34.222632,33.923035,34.196953,116054300
2006-09-14,34.111352,34.428072,34.034312,34.231194,98116000
2006-09-15,34.516384,34.653422,34.259439,34.353653,137825600
2006-09-18,34.362206,34.602024,34.208038,34.362206,117806700
2006-09-19,34.447868,34.473562,33.848328,34.130966,159060800
2006-09-20,34.430729,34.721934,34.422162,34.62772,116635500
2006-09-21,34.713389,34.833296,34.327973,34.41362,121886900
2006-09-22,34.387924,34.396487,34.002505,34.148106,100996400
2006-09-25,34.293695,34.824715,33.985359,34.747631,136473400
2006-09-26,34.704824,34.944639,34.602046,34.918945,113375600
2006-09-27,34.833287,35.073105,34.687686,34.876114,113003800
2006-09-28,34.918928,35.021705,34.627722,34.970318,85943600
2006-09-29,35.030272,35.055966,34.790454,34.816151,85438200
2006-10-02,34.773328,34.858978,34.327958,34.379345,97068800
2006-10-03,34.276563,34.670545,34.156655,34.524944,116261400
2006-10-04,34.464995,35.381434,34.379344,35.372868,149209500
2006-10-05,35.372884,35.595572,35.270106,35.544182,91799900
2006-10-06,35.424271,35.595569,35.321493,35.467094,85450400
2006-10-09,35.424259,35.749725,35.389999,35.58699,62786100
2006-10-10,35.629808,35.758282,35.38143,35.646938,98181800
2006-10-11,35.484209,35.826804,35.26152,35.578423,136561300
2006-10-12,35.766866,36.186546,35.715479,36.143723,95260200
2006-10-13,36.169404,36.417786,36.09232,36.340702,80470200
2006-10-16,36.340709,36.50344,36.315016,36.374969,62017400
2006-10-17,36.118002,36.143698,35.766843,35.972401,146149100
2006-10-18,36.160839,36.237923,35.672642,35.801113,120366100
2006-10-19,35.706911,36.066637,35.621264,35.886776,108198400
2006-10-20,36.006661,36.040921,35.664065,35.972401,105454300
2006-10-23,35.903892,36.469176,35.818245,36.340702,126960500
2006-10-24,36.212223,36.357827,35.903888,36.092316,103541700
2006-10-25,36.10945,36.417786,36.015236,36.340702,125399500
2006-10-26,36.46917,36.760372,36.160834,36.674725,130260700
2006-10-27,36.589096,36.674744,36.040946,36.152287,129375000
2006-10-30,36.109443,36.529123,36.023796,36.383518,103899900
2006-10-31,36.452055,36.623349,36.237933,36.469185,135811800
2006-11-01,36.597635,36.631895,35.818233,35.972401,148960600
2006-11-02,35.809681,36.092319,35.749727,36.006672,100216400
2006-11-03,36.058061,36.135145,35.638385,35.91246,119263300
2006-11-06,36.032353,36.580503,36.023789,36.434902,101283300
2006-11-07,36.434911,36.905977,36.374957,36.683292,139706500
2006-11-08,36.47775,37.000207,36.374973,36.854603,180245700
2006-11-09,37.051578,37.128662,36.546252,36.683292,124278000
2006-11-10,36.691872,36.86317,36.546267,36.854603,82419400
2006-11-13,36.87172,37.291399,36.828896,37.231445,89146200
2006-11-14,37.257134,37.659684,37.034449,37.625423,121962800
2006-11-15,37.676813,38.027972,37.616856,37.779591,116565900
2006-11-16,37.908065,38.045103,37.702511,37.942326,113513200
2006-11-17,37.736771,37.942326,37.642557,37.942326,95162500
2006-11-20,37.822418,38.096493,37.693944,38.019409,107184100
2006-11-21,38.045115,38.122199,37.899514,38.070812,68092200
2006-11-22,38.182156,38.327757,37.908077,38.310627,69852700
2006-11-24,38.027986,38.421969,38.010856,38.242107,51762900
2006-11-27,38.12219,38.207841,37.377048,37.377048,159506300
2006-11-28,37.2657,37.548342,37.120099,37.488388,118268400
2006-11-29,37.685373,37.839541,37.394168,37.745327,139515500
2006-11-30,37.728218,37.925209,37.505533,37.719654,123457100
2006-12-01,37.685378,37.985147,37.051577,37.394173,144559600
2006-12-04,37.505531,38.096505,37.505531,37.908077,89782400
2006-12-05,38.019404,38.156441,37.848106,38.045097,84697500
2006-12-06,37.925207,38.027988,37.745346,37.908077,78207500
2006-12-07,37.976587,38.096494,37.428436,37.428436,124936100
2006-12-08,37.308541,37.908079,37.231457,37.599747,133798700
2006-12-11,37.539791,38.002291,37.47127,37.736782,72931300
2006-12-12,37.728202,37.796722,37.308525,37.51408,110985900
2006-12-13,37.771032,37.779599,37.359919,37.582607,79035500
2006-12-14,37.659693,38.173583,37.633996,38.002285,109104200
2006-12-15,38.314434,38.383035,38.031448,38.100052,99942300
2006-12-18,38.22866,38.374438,37.559785,37.722717,121588700
2006-12-19,37.431162,37.782749,37.199628,37.602665,136535200
2006-12-20,37.645542,37.825622,37.448307,37.465458,67213400
2006-12-21,37.508361,37.551237,37.053868,37.19965,102952300
2006-12-22,37.216791,37.225365,36.813751,36.813751,92858600
2006-12-26,36.813746,36.976675,36.77087,36.968102,50848600
2006-12-27,37.053859,37.216792,36.95953,37.156765,54129200
2006-12-28,37.045269,37.199625,36.916639,36.976665,69016000
2006-12-29,37.0367,37.396864,36.976673,37.010975,75152500
2007-01-03,37.268256,37.782776,36.462179,37.079601,167689500
2007-01-04,37.131044,37.911396,37.002416,37.782768,136853500
2007-01-05,37.68842,37.68842,37.28538,37.602665,138958800
2007-01-08,37.636973,37.834204,37.42259,37.628399,106401600
2007-01-09,37.739896,37.980007,37.414037,37.817074,121577500
2007-01-10,37.697001,38.297272,37.576947,38.26297,121070100
2007-01-11,38.340159,38.794652,38.28871,38.657448,174029800
2007-01-12,38.605968,38.888951,38.563092,38.854652,104217300
2007-01-16,38.888957,38.931836,38.700302,38.82893,95690500
2007-01-17,38.666006,38.837512,38.443049,38.51165,127142600
2007-01-18,38.408757,38.451633,37.688432,37.799911,189029800
2007-01-19,37.705587,37.971419,37.654134,37.87709,127544300
2007-01-22,37.911374,37.928525,37.311102,37.465458,123441700
2007-01-23,37.43974,37.714149,37.302536,37.37114,133103600
2007-01-24,37.611252,38.005715,37.534074,37.988564,117615300
2007-01-25,38.040012,38.134341,37.37114,37.499767,158337600
2007-01-26,37.568369,37.58552,37.122453,37.36256,146284300
2007-01-29,37.268243,37.654132,37.216793,37.396873,104191500
2007-01-30,37.456904,37.551233,37.319699,37.414028,69605900
2007-01-31,37.371133,37.894223,37.156751,37.791321,157772500
2007-02-01,37.96283,38.07431,37.602666,37.731297,147365600
2007-02-02,37.834224,37.945704,37.679869,37.868526,98189200
2007-02-05,37.851353,38.04001,37.696997,37.834202,96347800
2007-02-06,37.902822,37.928547,37.422604,37.782768,121110200
2007-02-07,37.9714,38.288688,37.834195,38.125755,117823800
2007-02-08,38.074331,38.245834,37.928549,38.117207,89521900
2007-02-09,38.220093,38.348724,37.499768,37.628399,133472000
2007-02-12,37.619817,37.636968,37.37971,37.482613,126940000
2007-02-13,37.542652,37.731309,37.474051,37.611256,93648000
2007-02-14,37.765612,38.340156,37.765612,38.245827,133370000
2007-02-15,38.271549,38.468781,38.202945,38.468781,110452500
2007-02-16,38.297281,38.443062,38.220103,38.340157,72342200
2007-02-20,38.280127,38.691741,38.100046,38.631714,93629000
2007-02-21,38.520237,38.768921,38.443062,38.75177,95864000
2007-02-22,38.897525,39.060454,38.648841,38.948975,116344400
2007-02-23,38.948999,38.983301,38.640291,38.811794,113467100
2007-02-26,39.000454,39.017605,38.383032,38.623142,101623700
2007-02-27,38.048594,38.142923,36.925232,37.036709,317813200
2007-02-28,37.002409,37.5255,36.813752,37.156765,214978700
2007-03-01,36.487899,37.336855,36.222067,36.985268,231806500
2007-03-02,36.685115,36.993826,36.419283,36.427856,183359400
2007-03-05,36.14489,36.702282,36.067712,36.14489,171885400
2007-03-06,36.470738,36.865205,36.445014,36.745148,155551800
2007-03-07,36.753713,36.856616,36.573633,36.599358,119979300
2007-03-08,36.985258,37.079586,36.736573,36.848053,120900700
2007-03-09,37.156764,37.165338,36.573644,36.813751,128597600
2007-03-12,36.762307,37.113894,36.728008,37.053867,81310100
2007-03-13,36.873771,37.07958,36.324953,36.333527,171231800
2007-03-14,36.384982,36.873774,36.101996,36.8652,192586700
2007-03-15,36.788042,36.925247,36.633686,36.779465,111627400
2007-03-16,36.845522,36.931331,36.56236,36.751137,108328800
2007-03-19,36.948495,37.231656,36.854107,37.128689,95913200
2007-03-20,37.120106,37.403271,37.077203,37.394691,78755700
2007-03-21,37.446162,38.132617,37.197321,38.115456,173333500
2007-03-22,38.132625,38.141208,37.832302,37.978172,114856300
2007-03-23,37.978169,38.072557,37.815137,37.85804,68530300
2007-03-26,37.875229,38.029682,37.437614,38.01252,114237300
2007-03-27,37.952433,37.961016,37.712175,37.746498,76419200
2007-03-28,37.583467,37.780823,37.334626,37.343208,142795000
2007-03-29,37.600626,37.626367,36.982814,37.386108,124407000
2007-03-30,37.377509,37.643508,37.085765,37.351765,120418700
2007-04-02,37.471907,37.549133,37.154422,37.403263,89617700
2007-04-03,37.600624,38.02108,37.574883,37.892368,105814500
2007-04-04,37.918091,38.081126,37.866609,38.046803,85147200
2007-04-05,38.003916,38.252757,37.952431,38.235596,54220200
2007-04-09,38.364286,38.39861,38.081125,38.14119,63050200
2007-04-10,38.13262,38.338558,38.106879,38.338558,76364500
2007-04-11,38.304231,38.321393,37.815132,37.935261,114012300
2007-04-12,37.875205,38.287078,37.712173,38.235596,113801300
2007-04-13,38.244173,38.372885,38.003915,38.31282,94572000
2007-04-16,38.467271,38.741853,38.467271,38.664627,72803200
2007-04-17,38.741867,38.78477,38.578832,38.750446,81852300
2007-04-18,38.553075,38.810496,38.46727,38.621719,82002500
2007-04-19,38.4501,38.82765,38.372874,38.741844,95413000
2007-04-20,39.059339,39.188047,38.784757,38.956371,122377400
2007-04-23,39.007851,39.12798,38.904884,39.016434,85303300
2007-04-24,39.153722,39.325337,38.896302,39.213787,108143700
2007-04-25,39.342506,39.7458,39.213798,39.737221,106818100
2007-04-26,39.831592,40.028951,39.754369,39.943142,99308300
2007-04-27,39.788701,40.071866,39.720057,39.960316,96536500
2007-04-30,39.891661,39.925981,39.402558,39.436882,93290500
2007-05-01,39.445463,39.591334,39.179461,39.402557,135044400
2007-05-02,39.548435,39.968891,39.514111,39.831596,91971600
2007-05-03,39.908819,40.089017,39.840176,39.977467,98003600
2007-05-04,40.131936,40.234903,39.831609,40.011806,93591800
2007-05-07,40.037548,40.140515,39.960321,40.011806,47487900
2007-05-08,39.874502,40.131923,39.728629,40.097599,95138900
2007-05-09,39.891667,40.30354,39.865922,40.183411,116021000
2007-05-10,40.046124,40.140512,39.531283,39.634251,171196300
2007-05-11,39.677152,40.140507,39.625666,40.140507,104767900
2007-05-14,40.131932,40.22632,39.634249,39.865929,118899200
2007-05-15,39.831616,40.071878,39.462649,39.557034,179438500
2007-05-16,39.642819,39.951724,39.393978,39.943142,144420500
2007-05-17,39.891663,39.960307,39.720048,39.754372,109869100
2007-05-18,39.883089,40.080444,39.797283,40.080444,104961700
2007-05-21,40.106188,40.535223,40.04612,40.337864,112831400
2007-05-22,40.363609,40.569544,40.217736,40.372189,98029100
2007-05-23,40.492313,40.646766,40.157666,40.183411,119220600
2007-05-24,40.209166,40.363619,39.445485,39.608517,206268600
2007-05-25,39.694303,39.951726,39.625659,39.857338,87143200
2007-05-29,39.900246,40.209151,39.823019,40.166248,99702400
2007-05-30,39.883085,40.500896,39.771535,40.492313,132036500
2007-05-31,40.603865,40.77548,40.509477,40.681091,109457700
2007-06-01,40.826965,40.989998,40.646768,40.706833,125089800
2007-06-04,40.560951,40.878436,40.53521,40.826954,64782700
2007-06-05,40.715404,40.826954,40.329272,40.826954,151160400
2007-06-06,40.646771,40.655354,40.294963,40.389351,183166500
2007-06-07,40.25205,40.509471,39.745789,39.762951,221373300
2007-06-08,39.745795,40.269218,39.608504,40.252056,177587800
2007-06-11,40.226321,40.49232,40.12335,40.174835,97100400
2007-06-12,39.9603,40.363594,39.857332,39.934559,153967700
2007-06-13,40.106189,40.406512,39.934574,40.372189,147985300
2007-06-14,40.415072,40.749722,40.406493,40.638172,101531900
2007-06-15,41.013474,41.107936,40.919015,41.013474,100378400
2007-06-18,41.090762,41.107937,40.936188,41.022064,75713200
2007-06-19,40.90184,41.09935,40.798788,41.013474,109621300
2007-06-20,41.073567,41.150851,40.56691,40.627022,161889500
2007-06-21,40.609847,41.039217,40.429512,40.996281,143181300
2007-06-22,40.91041,40.970521,40.481039,40.609852,153328700
2007-06-25,40.618426,40.858876,40.206231,40.438091,136602600
2007-06-26,40.627026,40.635612,40.137544,40.206242,128211900
2007-06-27,40.163308,40.841714,40.103197,40.824539,141196200
2007-06-28,40.807358,41.090741,40.764421,40.807358,116546300
2007-06-29,41.03063,41.116506,40.541148,40.876057,124794700
2007-07-02,40.970519,41.262491,40.944758,41.245316,80863100
2007-07-03,41.296836,41.494346,41.253899,41.48576,34803300
2007-07-05,41.511519,41.880778,41.468583,41.786316,73588500
2007-07-06,41.829275,42.001024,41.648941,41.958088,65804300
2007-07-09,41.992426,42.061124,41.837853,41.983837,66768800
2007-07-10,41.751991,41.99244,41.588831,41.631767,104383100
2007-07-11,41.537286,41.915134,41.49435,41.915134,99637600
2007-07-12,42.052524,42.65364,42.009585,42.559181,107667100
2007-07-13,42.619313,42.911285,42.567787,42.851173,74232200
2007-07-16,42.842574,43.005737,42.730937,42.808224,77799500
2007-07-17,42.902688,43.19466,42.868337,43.134548,124833700
2007-07-18,42.894102,43.083023,42.627892,43.083023,144915900
2007-07-19,43.289117,43.503802,43.203244,43.21183,116563800
2007-07-20,43.186068,43.24618,42.713762,42.979969,163721300
2007-07-23,43.125959,43.203246,42.868334,42.997147,107464100
2007-07-24,42.679408,43.022903,42.121226,42.361675,175496200
2007-07-25,42.57638,42.653664,42.129834,42.421806,170258700
2007-07-26,42.129816,42.4819,41.262486,42.061115,318522000
2007-07-27,41.983825,42.181335,41.21096,41.21096,246387600
2007-07-30,41.408481,41.846438,41.176621,41.691864,166517200
2007-07-31,42.052537,42.069713,40.730076,40.815948,260224500
2007-08-01,40.695719,41.15944,40.343635,41.133678,301153900
2007-08-02,41.159441,41.588811,41.039217,41.511524,177369900
2007-08-03,41.434265,41.48579,40.489651,40.721508,166048400
2007-08-06,40.764431,41.236738,40.386583,41.193802,190869100
2007-08-07,41.116501,41.751967,40.773003,41.48576,167109700
2007-08-08,41.657513,42.129823,41.563054,41.940899,164831200
2007-08-09,41.382727,42.052547,40.953356,40.970531,242418200
2007-08-10,40.532575,41.073583,40.043093,40.601273,247006400
2007-08-13,40.944758,41.116506,40.773009,40.876057,116935100
2007-08-14,40.961927,40.996278,40.128948,40.180473,153529800
2007-08-15,40.086015,40.438099,39.338912,39.416199,214854100
2007-08-16,39.098475,39.424798,38.119511,39.029778,362468700
2007-08-17,39.768284,40.00873,39.149989,39.768284,223246600
2007-08-20,39.922871,40.120381,39.570787,39.957218,144715100
2007-08-21,39.91427,40.472453,39.836983,40.377991,115027200
2007-08-22,40.687147,40.961944,40.592685,40.927593,115814100
2007-08-23,41.039223,41.090745,40.558327,40.815948,118663400
2007-08-24,40.687137,41.417065,40.635611,41.391304,88189200
2007-08-27,41.271078,41.391301,41.082154,41.116505,72490400
2007-08-28,40.876065,40.961941,40.111786,40.13755,106024800
2007-08-29,40.403741,41.322593,40.403741,41.288246,113201000
2007-08-30,41.073578,41.855032,41.004877,41.502949,138930000
2007-08-31,41.958055,42.129803,41.743369,41.96664,94687200
2007-09-04,42.018176,42.937028,42.001001,42.662231,98480900
2007-09-05,42.559198,42.636485,41.966665,42.232876,114049300
2007-09-06,42.275807,42.387445,41.915138,42.198521,99222600
2007-09-07,41.674679,41.73479,41.176611,41.417057,152438000
2007-09-10,41.751974,41.863611,41.056396,41.391304,125199400
2007-09-11,41.657519,42.069718,41.588822,42.018192,103064500
2007-09-12,41.940918,42.39605,41.889392,42.026791,93993400
2007-09-13,42.327338,42.37886,42.026777,42.232876,80807500
2007-09-14,41.906535,42.344495,41.846424,42.267208,99801200
2007-09-17,42.078294,42.164167,41.72621,41.915134,84882300
2007-09-18,42.155585,43.00574,41.932314,42.97139,151452100
2007-09-19,43.186074,43.443696,42.919864,43.083023,127025800
2007-09-20,42.98856,43.160305,42.868333,42.962795,109970600
2007-09-21,43.199936,43.406143,42.967955,43.268673,86829500
2007-09-24,43.380353,43.784169,43.242883,43.46627,107226800
2007-09-25,43.32022,43.878693,43.26867,43.878693,101102200
2007-09-26,44.127851,44.256727,43.921645,44.093483,96124600
2007-09-27,44.351244,44.377022,44.127857,44.316879,73423200
2007-09-28,44.282514,44.402799,43.973206,44.170818,75546000
2007-10-01,44.205175,44.815197,44.145032,44.677727,100404100
2007-10-02,44.712107,44.729291,44.437167,44.686329,71046000
2007-10-03,44.54027,44.737883,44.248146,44.377026,106785000
2007-10-04,44.462937,44.531674,44.110671,44.480122,84129300
2007-10-05,44.823783,45.450992,44.729275,45.382256,115674700
2007-10-08,45.365081,45.674389,45.287754,45.665798,63022400
2007-10-09,45.768904,45.923558,45.562697,45.863415,93965600
2007-10-10,45.872,46.026654,45.717346,45.975101,91777500
2007-10-11,46.215679,46.344555,44.918305,45.244797,239786700
2007-10-12,45.451012,46.000892,45.365092,45.992298,131676000
2007-10-15,46.061014,46.146931,45.279154,45.640011,121578700
2007-10-16,45.356495,45.777495,45.261984,45.425228,193676600
2007-10-17,46.069619,46.103987,45.261984,46.009476,183985200
2007-10-18,45.820457,46.3016,45.640025,46.207088,144491200
2007-10-19,46.198495,46.198495,45.012816,45.055775,245111500
2007-10-22,44.815216,45.640035,44.69493,45.597076,207052100
2007-10-23,46.061022,46.576533,45.829041,46.550758,162360600
2007-10-24,46.172723,46.344558,45.193247,46.198498,298293400
2007-10-25,46.301597,46.378924,45.322124,45.57988,233833100
2007-10-26,46.464847,46.567949,45.914965,46.335968,146690300
2007-10-29,46.559344,46.679633,46.258629,46.524979,101896600
2007-10-30,46.34456,46.877258,46.310195,46.619499,114616600
2007-10-31,46.799936,47.315447,46.430485,47.281078,148431900
2007-11-01,46.980362,47.057689,46.37034,46.396114,181974200
2007-11-02,46.756969,46.868665,46.052436,46.756969,217882900
2007-11-05,46.275821,46.739783,46.04384,46.456249,150588900
2007-11-06,46.67964,46.988945,46.207085,46.980354,131884700
2007-11-07,46.585119,46.894426,45.803259,45.837624,197908200
2007-11-08,45.657193,45.820441,43.646696,44.44574,380626400
2007-11-09,43.586576,43.921659,42.95937,42.95937,309414900
2007-11-12,42.890618,43.165561,41.799454,41.868187,283216000
2007-11-13,42.435268,43.638132,42.4009,43.595173,255625900
2007-11-14,44.153636,44.196595,42.873449,43.036694,263284100
2007-11-15,42.959357,43.423319,42.418068,42.804703,251548800
2007-11-16,43.096834,43.380368,42.392301,43.199936,263623700
2007-11-19,43.096824,43.345989,42.452434,42.701599,198651100
2007-11-20,42.925016,43.629549,42.040053,42.873466,300763600
2007-11-21,42.486806,43.105418,41.971291,42.36652,212225400
2007-11-23,42.641478,42.933602,42.418088,42.821907,46463300
2007-11-26,42.933586,43.277258,42.014255,42.082989,150352100
2007-11-27,42.443845,43.002315,42.186086,42.924988,211369300
2007-11-28,43.500649,44.419979,43.474871,44.230957,216868100
2007-11-29,44.059123,44.583227,43.990389,44.419983,172087300
2007-11-30,44.858155,44.892523,43.775581,44.084888,171417400
2007-12-03,43.895883,44.273924,43.663902,43.715454,108625700
2007-12-04,43.380364,43.766996,43.285853,43.535015,113374100
2007-12-05,43.990387,44.677736,43.956019,44.316879,137614200
2007-12-06,44.359871,44.995668,44.342687,44.952709,99724500
2007-12-07,44.926905,45.141702,44.746476,44.961273,88992300
2007-12-10,45.072972,45.270585,44.952686,45.141708,75657900
2007-12-11,45.210426,45.399448,43.998972,44.093483,167064300
2007-12-12,44.892524,45.047178,43.724029,44.488705,162975200
2007-12-13,44.102074,44.35983,43.801357,44.248135,153476200
2007-12-14,43.895887,44.334071,43.749824,43.792786,128396700
2007-12-17,43.629533,43.809964,42.710202,42.727386,134377000
2007-12-18,43.165544,43.191318,42.254804,42.864826,154251700
2007-12-19,42.86486,43.13121,42.624289,42.85627,137970900
2007-12-20,43.492046,43.784169,43.131189,43.73262,167341700
2007-12-21,44.449086,44.638306,44.277069,44.595299,107573500
2007-12-24,44.732896,45.068331,44.681293,44.930717,34499800
2007-12-26,44.836117,45.266158,44.724305,45.154346,58492100
2007-12-27,45.008136,45.154349,44.474882,44.612495,65778900
2007-12-28,44.758723,44.861932,44.234072,44.569504,67545400
2007-12-31,44.354464,44.449074,44.044834,44.053436,70135600
2008-01-02,44.096449,44.268466,43.115955,43.356777,152344100
2008-01-03,43.356779,43.657807,43.133159,43.537395,114103700
2008-01-04,42.84073,42.857932,41.464596,41.628014,212617600
2008-01-07,41.628013,41.800027,40.793732,41.430191,235083600
2008-01-08,41.516205,41.937644,40.355091,40.355091,261669800
2008-01-09,40.518503,41.249572,39.959448,41.215168,254011800
2008-01-10,40.793724,41.636605,40.673313,41.275372,249958500
2008-01-11,41.051757,41.086161,40.165872,40.4669,211685200
2008-01-14,41.017346,41.292572,40.690517,41.172161,168048500
2008-01-15,40.742129,40.871143,39.864844,40.036861,241094900
2008-01-16,39.727219,40.346479,39.099359,39.606808,265625900
2008-01-17,39.770236,40.062665,38.875749,39.056366,254098800
2008-01-18,39.254193,39.684235,38.686539,39.004768,273063300
2008-01-22,36.837348,38.505908,36.751338,37.998459,325732000
2008-01-23,36.587907,37.972641,35.78803,37.852226,390129000
2008-01-24,38.007044,38.643507,37.895236,38.626305,250249100
2008-01-25,39.451978,39.451978,37.792019,37.835026,199299100
2008-01-28,37.860845,38.222078,37.473807,38.127472,163711200
2008-01-29,38.325303,38.428512,37.878059,38.196289,138520000
2008-01-30,38.058652,38.97894,37.998447,38.161861,220824400
2008-01-31,37.731838,39.211181,37.688834,38.815544,246824100
2008-02-01,39.13377,39.460603,38.60052,39.211178,161920300
2008-02-04,39.202578,39.228379,38.652122,38.660725,100209900
2008-02-05,37.98986,38.359696,37.534017,37.559818,188990400
2008-02-06,37.77483,37.989851,36.785737,36.820141,178285000
2008-02-07,36.407307,37.663027,36.252492,37.078171,286254800
2008-02-08,37.155572,37.645819,36.931949,37.499603,173781300
2008-02-11,37.645819,38.032857,37.448,37.903843,119562300
2008-02-12,38.136083,38.428511,37.422212,37.688839,145412400
2008-02-13,38.179076,38.600518,37.981257,38.514507,148685900
2008-02-14,38.574711,38.574711,37.749032,37.817841,170868900
2008-02-15,37.611431,37.826452,37.370609,37.688839,100053300
2008-02-19,38.187672,38.273679,37.215778,37.620018,110507600
2008-02-20,37.207196,37.921067,37.189998,37.792053,137338800
2008-02-21,38.153267,38.247877,37.275982,37.430798,127857000
2008-02-22,37.55981,37.577012,36.639522,37.568413,157364700
2008-02-25,37.525418,37.903853,37.275993,37.757641,121444300
2008-02-26,37.54261,38.256477,37.301784,37.903843,148375900
2008-02-27,37.645831,38.239287,37.559821,38.093075,125682600
2008-02-28,37.946846,38.29948,37.800634,37.946846,129196700
2008-02-29,37.542606,37.645815,36.854538,36.940548,188724500
2008-03-03,36.914762,36.974971,36.329909,36.699741,132963800
2008-03-04,36.467514,37.017966,36.140681,36.906155,183851000
2008-03-05,36.974968,37.448013,36.768547,37.086777,183208300
2008-03-06,37.060954,37.215769,36.209471,36.269676,152752200
2008-03-07,36.054675,36.673936,35.590233,36.183689,242552400
2008-03-10,36.132069,36.243881,35.4096,35.487007,146801900
2008-03-11,36.003064,36.854544,35.702033,36.837345,196755300
2008-03-12,36.983579,37.362014,36.639544,36.734154,155566100
2008-03-13,36.32128,37.267373,35.960047,37.017948,208967900
2008-03-14,37.267376,37.31038,35.899845,36.338486,309589800
2008-03-17,35.512832,36.13209,35.306411,35.676247,193130600
2008-03-18,36.329901,37.275991,36.218089,37.267391,216300400
2008-03-19,37.422203,37.49961,36.321298,36.347099,216157200
2008-03-20,36.452986,37.098553,36.237798,37.089947,128397000
2008-03-24,37.253472,38.527388,37.253472,38.372456,125018000
2008-03-25,38.475759,38.794237,38.11424,38.587658,118107500
2008-03-26,38.44994,38.604877,38.114246,38.475765,124824600
2008-03-27,38.251935,38.312188,37.623585,37.623585,143868600
2008-03-28,37.890445,38.165887,37.296525,37.434246,111822300
2008-03-31,37.571942,37.89042,37.39979,37.632195,113644800
2008-04-01,38.234725,39.259025,38.226119,39.24181,137494400
2008-04-02,39.336485,39.611926,38.880283,39.155727,132486800
2008-04-03,38.983584,39.517251,38.85447,39.24181,140033800
2008-04-04,39.396771,39.896008,39.078293,39.474239,139261000
2008-04-07,39.715245,39.947649,39.293477,39.388157,102297100
2008-04-08,39.086884,39.353719,38.88891,39.086884,97435200
2008-04-09,39.13853,39.155745,38.415495,38.6479,127182300
2008-04-10,38.673715,39.457002,38.673715,39.198776,112773800
2008-04-11,38.751184,38.820042,37.976503,38.114223,120135400
2008-04-14,38.053973,38.286378,37.830179,37.942078,89274600
2008-04-15,38.079806,38.174486,37.597782,37.993729,124232300
2008-04-16,38.467142,39.147139,38.432714,39.052456,134027900
2008-04-17,39.095496,39.138537,38.716765,38.966385,124953100
2008-04-18,39.999296,40.395243,39.784107,40.205875,133022500
2008-04-21,40.12838,40.52433,40.016484,40.489899,83303200
2008-04-22,40.240307,40.257523,39.534488,39.887398,104689600
2008-04-23,40.180021,40.507108,39.827111,40.326347,131086200
2008-04-24,40.343586,41.135482,39.930424,40.687889,166509000
2008-04-25,40.730918,40.756739,40.085352,40.584591,121945400
2008-04-28,40.679268,40.98914,40.567372,40.662056,71244000
2008-04-29,40.584594,41.109652,40.507126,40.971931,91270600
2008-04-30,41.058009,41.367882,40.481302,40.636238,132152700
2008-05-01,40.653448,41.935974,40.644842,41.918758,143596900
2008-05-02,42.314705,42.340527,41.608887,41.979012,124990000
2008-05-05,41.979018,42.202813,41.66054,41.858513,75624700
2008-05-06,41.738014,42.288897,41.436748,42.116745,139582600
2008-05-07,42.125347,42.374967,41.20434,41.35067,140008300
2008-05-08,41.522821,41.918767,41.367885,41.660542,128058700
2008-05-09,41.350663,41.712179,41.230158,41.49699,97062000
2008-05-12,41.557254,42.340541,41.488396,42.254467,89606500
2008-05-13,42.271665,42.461032,41.970399,42.366348,85448100
2008-05-14,42.529901,42.977494,42.211423,42.271675,143598200
2008-05-15,42.280277,43.054958,42.159772,43.011921,157248900
2008-05-16,43.097987,43.132418,42.56432,43.046341,146563200
2008-05-19,43.080796,43.442315,42.469661,42.736496,140048700
2008-05-20,42.581553,42.581553,42.082313,42.409401,137163700
2008-05-21,42.461042,42.693443,41.333452,41.471172,192806700
2008-05-22,41.574482,41.910176,41.41094,41.617519,153198200
2008-05-23,41.471173,41.617499,41.1613,41.488388,121698400
2008-05-27,41.574458,42.271671,41.565852,42.220024,106984300
2008-05-28,42.417999,42.486861,41.9618,42.392178,121363000
2008-05-29,42.417995,43.011918,42.392174,42.770905,143993000
2008-05-30,42.934445,43.244317,42.822546,43.046341,94153600
2008-06-02,42.968895,42.968895,42.142571,42.521305,144359900
2008-06-03,42.684841,42.951676,41.892945,42.288895,167606900
2008-06-04,42.159774,43.123818,42.125343,42.831161,174870800
2008-06-05,42.94306,43.562804,42.779518,43.511158,126653700
2008-06-06,43.132429,43.218503,42.194206,42.202812,189136000
2008-06-09,42.288884,42.340527,41.273193,41.979012,208897300
2008-06-10,41.54864,42.125344,41.453956,41.781044,162798500
2008-06-11,41.69496,41.763822,40.756737,40.773952,170366900
2008-06-12,41.066636,41.41094,40.455501,40.817017,189913200
2008-06-13,41.066603,41.720778,40.851414,41.634701,167855000
2008-06-16,41.419527,42.194208,41.37649,42.004841,136343900
2008-06-17,42.133953,42.228637,41.720791,41.781044,122932000
2008-06-18,41.540049,41.703594,41.169927,41.333469,169338100
2008-06-19,41.255977,42.185591,40.980536,41.979012,221304200
2008-06-20,41.629326,41.646551,40.664606,40.84549,197434200
2008-06-23,41.009136,41.121113,40.466481,40.526775,131488800
2008-06-24,40.337269,40.802399,39.975498,40.320042,178293800
2008-06-25,40.492314,41.345057,40.432019,40.974674,179023400
2008-06-26,40.216684,40.2253,39.312262,39.320877,190028300
2008-06-27,39.277807,39.536216,38.735155,39.320877,181351800
2008-06-30,39.200278,39.475915,38.890193,38.907417,132912400
2008-07-01,38.597339,39.501762,38.485362,39.458694,245494300
2008-07-02,39.579278,39.734322,38.450902,38.511196,199576400
2008-07-03,38.743776,38.829913,38.140826,38.442303,123118300
2008-07-07,38.795463,39.15723,38.106379,38.674873,181011300
2008-07-08,38.71794,39.630975,38.562896,39.596523,206151200
2008-07-09,39.587894,39.648188,38.528427,38.545654,168500300
2008-07-10,38.605963,39.122775,38.226968,39.002186,238811500
2008-07-11,38.597343,38.993565,37.770439,38.382004,265514700
2008-07-14,38.881597,38.916052,37.959946,38.097763,177389800
2008-07-15,37.908235,38.700684,37.296674,38.10635,283891100
2008-07-16,38.209735,39.088319,37.830737,39.053864,186047800
2008-07-17,39.286432,39.467315,38.743777,39.312271,197555100
2008-07-18,38.881582,38.907421,38.407837,38.407837,160661000
2008-07-21,38.761002,38.924658,38.321712,38.571503,128107800
2008-07-22,37.925486,38.597346,37.779057,38.571503,152524500
2008-07-23,38.631799,39.52761,38.519825,39.079704,169259100
2008-07-24,39.260582,39.286421,38.459521,38.493973,145561000
2008-07-25,38.743771,39.174448,38.554271,38.993565,111616700
2008-07-28,38.984949,39.208903,38.080526,38.26141,124028500
2008-07-29,38.425074,39.226135,38.390619,39.053864,142290900
2008-07-30,39.165834,39.467307,38.657634,39.251968,165679900
2008-07-31,38.864362,39.75156,38.778227,39.157223,180473100
2008-08-01,39.20029,39.234745,38.244188,38.657639,180350400
2008-08-04,38.649022,38.69209,38.15805,38.270027,116298000
2008-08-05,38.66624,39.596505,38.623172,39.56205,151657400
2008-08-06,39.579275,40.320041,39.260575,40.164997,133463700
2008-08-07,39.92383,40.354508,39.691267,39.854923,152805800
2008-08-08,39.829091,40.862715,39.751569,40.759354,143121500
2008-08-11,40.742116,41.586244,40.604299,41.129726,157290100
2008-08-12,41.121111,41.482879,40.922997,41.172791,140549300
2008-08-13,41.10389,41.44843,40.699052,41.086662,169652100
2008-08-14,40.94884,41.741286,40.905773,41.560402,158069200
2008-08-15,41.629296,41.83602,41.310593,41.482864,123115900
2008-08-18,41.603464,41.61208,40.707654,41.000515,151399100
2008-08-19,40.793797,40.991909,40.26837,40.492321,155410600
2008-08-20,40.776565,40.966064,40.259753,40.561226,155466700
2008-08-21,40.259757,40.552618,39.949668,40.371731,118916200
2008-08-22,40.587081,41.069441,40.552629,40.905785,96515500
2008-08-25,40.621525,40.664592,39.941053,40.044418,128076500
2008-08-26,40.070217,40.285556,39.725674,39.992695,107225500
2008-08-27,40.009977,40.561244,39.87216,40.251156,108489900
2008-08-28,40.414801,40.72489,40.337282,40.578461,112808600
2008-08-29,40.147785,40.587075,39.553448,39.725719,133184300
2008-09-02,40.371726,40.552613,39.053854,39.234737,162277500
2008-09-03,39.148606,39.312262,38.580111,38.864357,161682900
2008-09-04,38.640389,38.683456,37.606762,37.606762,219004700
2008-09-05,37.279471,37.710149,36.874636,37.425903,247977500
2008-09-08,37.916862,38.089133,36.762645,37.356979,311065100
2008-09-09,37.339759,37.718757,36.478403,36.564541,214180600
2008-09-10,36.917684,37.193317,36.564528,36.866001,160658100
2008-09-11,36.349189,37.632606,36.323346,37.555084,203398200
2008-09-12,37.236389,37.649839,36.952144,37.408661,172094300
2008-09-15,36.521472,37.288077,36.202768,36.245838,616772300
2008-09-16,35.729026,36.90047,35.685959,36.530087,349506500
2008-09-17,36.064951,36.538696,34.617874,34.635101,340088000
2008-09-18,35.401715,36.151096,34.023547,35.806553,423934000
2008-09-19,37.726957,37.778675,36.287522,36.977074,263394000
2008-09-22,36.839152,36.925345,35.166994,35.23595,164698200
2008-09-23,35.511763,35.985827,34.85669,34.968742,184011200
2008-09-24,35.175612,35.56348,34.92565,35.210087,159270800
2008-09-25,35.537636,36.218566,35.365248,35.770359,148586800
2008-09-26,34.744634,35.761719,34.66706,35.408325,182678600
2008-09-29,34.701546,34.804981,32.046784,32.598423,307954400
2008-09-30,32.512242,33.874099,32.408807,33.537945,195436700
2008-10-01,33.477587,33.589639,32.779417,33.184528,174033300
2008-10-02,32.969051,32.969051,31.581334,31.676147,192124000
2008-10-03,32.115738,32.908721,31.115892,31.184849,272116100
2008-10-06,30.391863,30.624586,28.366315,30.047091,394046600
2008-10-07,30.288423,30.34014,27.814668,28.142204,329365700
2008-10-08,27.538855,29.409255,27.444042,27.918106,452066500
2008-10-09,28.573177,29.030002,26.694155,27.168221,352433900
2008-10-10,26.306294,27.995688,25.323685,26.995842,472339100
2008-10-13,28.32322,30.383247,27.926731,30.279816,276998700
2008-10-14,31.158998,31.158998,28.607664,28.969679,341595900
2008-10-15,28.642137,28.745569,26.32353,26.375246,312088500
2008-10-16,26.556242,27.814669,25.211622,27.806047,494783500
2008-10-17,27.297519,29.004154,27.073415,27.840538,326571300
2008-10-20,28.237026,28.667994,27.323375,28.61628,232783400
2008-10-21,28.150828,28.667988,27.133743,27.133743,239932400
2008-10-22,27.038937,27.237182,25.608122,26.383865,289993600
2008-10-23,26.28043,26.797592,24.909951,26.28043,377966900
2008-10-24,24.332457,26.073568,24.211786,25.435736,322129500
2008-10-27,25.142676,26.03047,24.703088,24.728947,239302300
2008-10-28,25.582264,27.478522,24.866857,27.461285,327239500
2008-10-29,27.504375,28.512842,26.935498,27.392324,341316000
2008-10-30,28.159448,28.495606,27.564713,28.305979,255292100
2008-10-31,27.900876,28.814529,27.659535,28.349083,224261000
2008-11-03,28.280124,28.693853,28.021541,28.288742,128455500
2008-11-04,28.840379,29.314443,28.42665,29.090342,182487600
2008-11-05,28.900714,28.96105,27.512998,27.573334,183893900
2008-11-06,27.142372,27.469908,26.202861,26.340771,220677200
2008-11-07,26.65107,27.133754,26.366631,26.883793,176946200
2008-11-10,27.556103,27.556103,26.202863,26.52178,142584500
2008-11-11,26.27181,26.513153,25.616738,25.944275,162869800
2008-11-12,25.556398,25.685688,24.694462,24.746178,184946400
2008-11-13,24.659988,26.314905,23.513613,26.254568,317943900
2008-11-14,25.668458,26.220097,24.884097,24.978909,259407000
2008-11-17,24.556556,25.194389,24.358312,24.453125,202835200
2008-11-18,24.6169,24.780668,23.608435,24.427275,252661800
2008-11-19,24.47899,24.806527,23.091274,23.151609,244180600
2008-11-20,22.867167,23.660148,21.953513,22.031088,342472400
2008-11-21,22.418946,22.996443,21.591487,22.987823,282746800
2008-11-24,23.461895,24.685844,23.255031,24.392786,225058200
2008-11-25,24.659989,24.685846,23.720479,24.280737,202968700
2008-11-26,24.030776,25.306443,23.970441,25.297823,164912000
2008-11-28,25.013377,25.159906,24.849609,25.099571,41238200
2008-12-01,24.565174,24.573794,23.177457,23.211935,149161500
2008-12-02,23.530856,24.039398,23.134366,23.987682,181743000
2008-12-03,23.384329,24.746188,23.332613,24.668615,230944900
2008-12-04,24.280734,24.806515,23.548088,23.970436,188868700
2008-12-05,23.703245,25.056484,23.22918,24.944433,212283700
2008-12-08,25.504684,26.254567,25.375394,25.927032,185782500
2008-12-09,25.582262,26.573488,25.487449,25.866701,178148300
2008-12-10,25.944276,26.254572,25.530547,25.780508,162335100
2008-12-11,25.69431,26.090802,24.944427,25.073717,167161400
2008-12-12,24.728944,25.737409,24.539317,25.58226,158600100
2008-12-15,25.625348,25.651206,24.772032,25.134045,107887000
2008-12-16,25.358164,26.426965,25.082345,26.340771,169300100
2008-12-17,26.073566,26.375244,25.702934,26.021851,159813500
2008-12-18,26.02185,26.202856,25.306443,25.565023,142656400
2008-12-19,25.835203,26.215006,25.602142,25.77478,118308900
2008-12-22,25.774772,25.826563,24.808002,25.213699,95379600
2008-12-23,25.317282,25.567607,24.937479,25.084221,68764800
2008-12-24,25.205075,25.213705,25.015172,25.153282,27194700
2008-12-26,25.205076,25.23097,25.006542,25.144651,20937000
2008-12-29,25.213708,25.239605,24.566318,24.937489,52688300
2008-12-30,25.006537,25.541714,24.980642,25.455395,77089500
2008-12-31,25.429505,25.964682,25.420874,25.671198,89189700
2009-01-02,25.679824,26.871022,25.628033,26.784704,107891500
2009-01-05,26.612069,27.043663,26.404904,26.776075,91751900
2009-01-06,26.97461,27.302621,26.853764,27.043665,136791700
2009-01-07,26.525756,26.672498,26.059636,26.275433,133879800
2009-01-08,26.223629,26.586168,25.964674,26.551641,131926600
2009-01-09,26.560283,26.577547,25.826573,25.956051,117137900
2009-01-12,25.99057,26.025096,25.205069,25.481289,102726200
2009-01-13,25.472663,25.878361,25.187811,25.489927,186266700
2009-01-14,25.196435,25.274122,24.574939,24.713049,136294000
2009-01-15,24.661265,25.32592,24.229672,25.118755,192567200
2009-01-16,25.464027,25.550346,24.773478,25.394972,175478100
2009-01-20,25.291393,25.403608,24.134722,24.134722,135105800
2009-01-21,24.54042,25.196443,24.255569,25.161915,149179600
2009-01-22,24.618101,25.230963,24.393672,24.825266,200602700
2009-01-23,24.419569,25.334547,24.290089,24.946112,170164100
2009-01-26,24.980644,25.541716,24.816638,25.127386,140398700
2009-01-27,25.136026,25.524459,25.136026,25.308662,110591300
2009-01-28,25.731615,26.456692,25.731615,26.197737,139722800
2009-01-29,25.878365,26.240904,25.446771,25.533091,130731800
2009-01-30,25.722979,25.835195,24.980639,25.084221,140334200
2009-02-02,24.842536,25.558981,24.808007,25.386343,126796100
2009-02-03,25.438133,26.266794,25.058332,25.783409,120541100
2009-02-04,25.843834,26.646599,25.714356,25.817938,175780900
2009-02-05,25.446764,26.560276,25.4295,26.387638,217578900
2009-02-06,26.482592,27.199037,26.396273,27.078192,164513200
2009-02-09,27.095452,27.337145,26.922815,27.190403,98856900
2009-02-10,27.017769,27.345781,25.981945,26.18911,232795200
2009-02-11,26.223631,26.35311,25.662559,26.068258,169117200
2009-02-12,25.766144,26.422166,25.584874,26.387638,201151400
2009-02-13,26.309957,26.568914,26.145952,26.266798,145066700
2009-02-17,25.455408,25.610782,25.084237,25.222347,157783300
2009-02-18,25.386349,25.610778,24.920228,25.239607,161271900
2009-02-19,25.394969,25.558975,24.790737,24.851162,155322400
2009-02-20,24.574945,25.161913,24.50589,24.920221,210752400
2009-02-23,25.058338,25.075601,23.936193,24.048409,169473500
2009-02-24,24.177882,25.015173,24.134722,24.842537,181337300
2009-02-25,24.695803,25.179188,24.290104,24.678539,220224700
2009-02-26,24.842535,24.989277,23.910293,23.98798,211218500
2009-02-27,23.737654,24.151983,23.642702,23.76355,204492600
2009-03-02,23.409645,23.746287,22.848572,22.995314,188180400
2009-03-03,23.185213,23.444169,22.80541,22.978048,158758800
2009-03-04,23.31469,23.91892,23.237003,23.59091,164911000
2009-03-05,23.331956,23.513225,22.805412,22.883099,199626900
2009-03-06,23.003948,23.142058,22.192551,22.701832,218421600
2009-03-09,22.520561,23.142055,22.123494,22.218445,181098800
2009-03-10,22.658668,23.642701,22.580981,23.59091,175068200
2009-03-11,23.8326,24.16061,23.530484,23.953445,173094900
2009-03-12,23.936192,24.825276,23.685869,24.747589,184395100
2009-03-13,24.738951,24.894325,24.445468,24.808006,156783500
2009-03-16,24.972007,25.015165,24.333248,24.393671,190269800
2009-03-17,24.514523,25.317287,24.428204,25.317287,169773800
2009-03-18,25.213704,26.068261,25.10149,25.636667,208033900
2009-03-19,25.990575,26.007837,25.429502,25.619404,146753400
2009-03-20,25.670414,25.964383,25.056536,25.22946,149410800
2009-03-23,25.851989,26.75119,25.24676,26.716604,179499000
2009-03-24,26.491806,26.699314,26.206483,26.223776,118757600
2009-03-25,26.448575,26.846297,25.644482,26.34482,190555200
2009-03-26,26.630137,27.200783,26.301584,27.157553,182459500
2009-03-27,26.803058,26.958688,26.552318,26.647427,156108100
2009-03-30,26.197837,26.21513,25.6099,25.99033,162919700
2009-03-31,26.189185,26.759831,26.171892,26.215122,150243800
2009-04-01,25.886576,26.699313,25.756884,26.604206,137950000
2009-04-02,27.079734,27.901119,27.001919,27.460165,212272400
2009-04-03,27.745487,28.013519,27.520687,27.970285,134577300
2009-04-06,27.659025,27.952995,27.365055,27.901117,160413700
2009-04-07,27.598498,27.598498,26.984621,27.166191,147531200
2009-04-08,27.434231,27.797371,27.226723,27.624447,126126000
2009-04-09,28.143207,28.540929,28.039454,28.480406,131871500
2009-04-13,28.393959,28.59282,28.125927,28.437189,119310500
2009-04-14,28.264263,28.428542,27.901127,28.091343,124069000
2009-04-15,27.892476,28.039462,27.537986,28.013525,124808200
2009-04-16,28.402588,28.904066,28.108618,28.73979,171168000
2009-04-17,28.679271,28.964595,28.471765,28.80032,129835400
2009-04-20,28.281554,28.376662,27.719556,27.875187,123080500
2009-04-21,27.771423,28.307487,27.736841,28.264254,145490200
2009-04-22,28.099982,28.990534,28.004874,28.350721,165040500
2009-04-23,28.532284,28.653329,28.091332,28.627392,181666600
2009-04-24,28.826249,29.336371,28.592802,29.128862,141170000
2009-04-27,28.895422,29.448778,28.8349,29.163454,120749100
2009-04-28,28.98188,29.319079,28.843541,28.947294,108968000
2009-04-29,29.180745,29.742746,29.137515,29.34502,141413600
2009-04-30,29.734097,30.175052,29.431483,29.638988,144120400
2009-05-01,29.630344,29.863791,29.405543,29.716805,100112000
2009-05-04,29.98485,30.339342,29.846511,30.304756,119317400
2009-05-05,30.252873,30.313396,29.941611,30.278811,113569500
2009-05-06,30.51226,30.55549,29.794628,30.287458,178840500
2009-05-07,30.494971,30.494971,29.293157,29.578478,216484700
2009-05-08,29.803269,30.036716,29.293147,29.59576,183507300
2009-05-11,29.215338,30.01943,29.12023,29.69952,142775900
2009-05-12,29.760032,29.81191,28.981881,29.336372,147842200
2009-05-13,29.077003,29.094296,28.497709,28.549587,175548300
2009-05-14,28.618749,29.13752,28.601459,28.869488,140021700
2009-05-15,28.826258,29.241273,28.73115,28.852196,121326400
2009-05-18,29.051054,29.638992,28.869486,29.60441,114333400
2009-05-19,29.535258,30.036737,29.35369,29.742767,129086400
2009-05-20,29.855142,30.296097,29.552528,29.638988,131873700
2009-05-21,29.414196,29.621702,28.800321,29.09429,139253200
2009-05-22,29.206703,29.370982,28.808981,28.999197,83510600
2009-05-26,28.74845,30.114543,28.687927,30.079958,144857200
2009-05-27,29.993478,30.425786,29.76868,29.872433,121348800
2009-05-28,30.054015,30.322047,29.578478,30.218294,118931300
2009-05-29,30.235579,30.693824,30.054007,30.590071,111535700
2009-06-01,30.918634,31.558451,30.788944,31.463343,119126200
2009-06-02,31.290411,31.809182,31.221244,31.506565,126858600
2009-06-03,31.411463,31.446045,31.065615,31.411463,93329800
2009-06-04,31.480625,31.809179,31.420102,31.765949,89280600
2009-06-05,31.956172,32.059928,31.489279,31.800541,121958800
2009-06-08,31.601671,31.947518,31.229886,31.705423,89194100
2009-06-09,31.852405,32.137727,31.705419,31.947514,109187800
2009-06-10,32.129092,32.137737,31.376878,31.835123,133404700
2009-06-11,31.791893,32.189615,31.7746,31.835123,147909800
2009-06-12,31.705428,31.748662,31.299062,31.688139,109452500
2009-06-15,31.385513,31.411454,30.762993,31.039669,112152900
2009-06-16,31.160733,31.290423,30.711133,30.73707,110550300
2009-06-17,30.866746,31.307698,30.650592,31.031021,153421800
2009-06-18,30.979151,31.178012,30.754349,30.970503,126266700
2009-06-19,31.207704,31.476065,31.086509,31.302929,122044700
2009-06-22,31.017261,31.069199,30.31606,30.368002,137714900
2009-06-23,30.454551,30.523804,30.099623,30.298729,114903100
2009-06-24,30.558437,31.051873,30.541123,30.809484,103314600
2009-06-25,30.610374,31.476052,30.541118,31.415455,112538200
2009-06-26,31.268295,31.597254,31.207698,31.484715,87677300
2009-06-29,31.571296,31.813685,31.268306,31.553982,93817600
2009-06-30,31.640538,31.79636,31.25964,31.493374,97843000
2009-07-01,31.649203,31.891592,31.502036,31.510695,85976000
2009-07-02,31.24233,31.250985,30.731579,30.818146,113309800
2009-07-06,30.627698,30.766207,30.333367,30.653667,107632500
2009-07-07,30.662314,30.722914,29.874547,29.891861,149773000
2009-07-08,30.073658,30.186194,29.692758,30.047686,152776400
2009-07-09,30.160235,30.307399,29.995758,30.099638,97851500
2009-07-10,30.013071,30.419941,29.917849,30.22949,108482000
2009-07-13,30.255451,30.81814,29.848581,30.809484,127140300
2009-07-14,30.774861,30.982625,30.645011,30.922028,115631700
2009-07-15,31.441427,31.969491,31.285605,31.960833,160869700
2009-07-16,31.813672,32.410988,31.787702,32.341736,120142500
2009-07-17,32.33309,32.52354,32.177268,32.514885,104906500
2009-07-20,32.688018,32.895783,32.558168,32.826527,97168800
2009-07-21,32.956372,33.051598,32.584131,33.051598,130587600
2009-07-22,33.077551,33.493076,33.008298,33.328598,113808600
2009-07-23,33.293985,34.185636,33.233388,34.064438,160239300
2009-07-24,33.700853,34.08175,33.571,33.804733,109312300
2009-07-27,34.047127,34.11638,33.648913,34.064438,94718600
2009-07-28,33.91727,34.272198,33.700851,33.830704,111564300
2009-07-29,34.038445,34.133671,33.761429,34.055759,126538200
2009-07-30,34.410724,34.782966,34.20296,34.254902,108969900
2009-07-31,34.254889,34.497278,34.116381,34.151009,78208300
2009-08-03,34.51458,34.679061,34.315474,34.661747,111722800
2009-08-04,34.497266,34.791597,34.428014,34.661747,100690800
2009-08-05,34.739663,34.748319,34.159657,34.393391,118093000
2009-08-06,34.471302,34.566527,33.96921,34.090405,116937500
2009-08-07,34.557868,34.687721,34.272196,34.523243,107442100
2009-08-10,34.402066,34.497288,34.055794,34.280869,87163200
2009-08-11,34.168329,34.194298,33.804742,33.986534,91922700
2009-08-12,33.960546,34.817569,33.934577,34.51458,147240000
2009-08-13,34.722369,34.765652,34.315499,34.705055,110107000
2009-08-14,34.514585,34.592496,34.003834,34.306824,124480200
2009-08-17,33.726816,33.770099,33.293977,33.311291,131797200
2009-08-18,33.519064,33.856678,33.423839,33.787422,84496200
2009-08-19,33.38923,34.107745,33.363261,34.021175,88036300
2009-08-20,34.00384,34.488621,33.934587,34.419365,81473500
2009-08-21,34.618471,34.938771,34.402052,34.878174,114660200
2009-08-24,34.938784,35.120576,34.713706,34.843559,109904900
2009-08-25,34.92146,35.285044,34.843549,34.94743,92900400
2009-08-26,34.869519,35.146536,34.696386,34.886833,96407500
2009-08-27,34.878183,35.034005,34.34146,34.973408,121957800
2009-08-28,35.406237,35.562059,34.765633,35.008022,114300900
2009-08-31,34.748309,34.800251,34.445323,34.653084,96415300
2009-09-01,34.531917,35.137893,33.899972,34.003853,162958900
2009-09-02,33.822037,34.16831,33.796068,33.977859,92757200
2009-09-03,34.142341,34.25488,33.778758,34.202938,76783100
2009-09-04,34.263546,34.956088,34.211604,34.938774,74866600
2009-09-08,35.215793,35.302359,35.025342,35.267735,71024400
2009-09-09,35.293696,35.743849,35.137874,35.570713,99280800
2009-09-10,35.588048,35.951631,35.492823,35.908348,99289100
2009-09-11,35.934308,36.029533,35.683264,35.942966,93868400
2009-09-14,35.709244,36.107455,35.674616,36.081486,90435600
2009-09-15,36.055503,36.315206,35.986247,36.194012,91594600
2009-09-16,36.35847,36.773995,36.219962,36.722054,96888500
2009-09-17,36.626851,36.929837,36.540281,36.713417,102169600
2009-09-18,36.861594,36.930914,36.575642,36.77494,87444200
2009-09-21,36.566994,37.000252,36.532332,36.887604,71351400
2009-09-22,37.095544,37.112875,36.774931,36.956902,75638400
2009-09-23,37.112885,37.407497,36.722952,36.783607,143924100
2009-09-24,36.93091,36.991566,36.194372,36.454327,111016400
2009-09-25,36.185705,36.471657,36.029736,36.133717,109216000
2009-09-28,36.33302,36.965576,36.298358,36.748947,84478500
2009-09-29,36.748942,36.930909,36.419665,36.584305,106686400
2009-09-30,36.731598,36.913566,36.04705,36.610287,173102700
2009-10-01,36.480327,36.506325,35.527161,35.527161,140119100
2009-10-02,35.284533,35.743786,35.284533,35.423176,145286400
2009-10-05,35.605141,35.873762,35.379848,35.709122,97054200
2009-10-06,35.908421,36.514982,35.89109,36.341679,124628000
2009-10-07,36.298358,36.462998,36.194377,36.445667,93787600
2009-10-08,36.662287,36.930905,36.514978,36.601631,107850400
2009-10-09,36.523637,36.870241,36.445651,36.809586,62828000
2009-10-12,36.956927,37.147558,36.636313,36.887604,53221900
2009-10-13,36.852927,37.043562,36.714285,36.896255,70939300
2009-10-14,37.355501,37.442152,37.130205,37.398827,91004900
2009-10-15,37.199535,37.364172,37.147543,37.312183,85772800
2009-10-16,37.173542,37.251528,36.809603,37.069557,111859300
2009-10-19,37.095546,37.494142,36.904911,37.44215,83512000
2009-10-20,37.658768,37.658768,37.208179,37.450806,89847900
2009-10-21,37.442164,37.970739,37.312188,37.381508,110397400
2009-10-22,37.312176,37.684778,37.078216,37.528805,85871800
2009-10-23,37.892738,37.892738,37.277512,37.372829,117020400
2009-10-26,37.43349,37.918736,37.078218,37.251522,107068600
2009-10-27,37.199519,37.355492,36.549632,36.688274,121438200
2009-10-28,36.558294,36.670942,35.787095,35.865082,143553600
2009-10-29,36.073045,36.558292,35.995059,36.471642,85207600
2009-10-30,36.445658,36.523645,35.457827,35.492489,162796500
2009-11-02,35.527157,36.021071,35.215211,35.639805,142456600
2009-11-03,35.449158,35.80443,35.388503,35.752438,95107000
2009-11-04,35.986399,36.281015,35.76977,35.813099,107970600
2009-11-05,36.229037,36.740281,36.203039,36.696953,135204800
2009-11-06,36.497655,36.95691,36.462996,36.913582,96312300
2009-11-09,37.199525,37.71077,37.1562,37.702103,101620800
2009-11-10,37.658774,37.927395,37.606785,37.797417,72846500
2009-11-11,38.083372,38.248009,37.788756,38.040047,84676200
2009-11-12,38.066049,38.265347,37.736772,37.823425,92426100
2009-11-13,37.936074,38.24802,37.806098,38.135372,87959500
2009-11-16,38.299999,38.689932,38.230676,38.525291,87776100
2009-11-17,38.421325,38.646618,38.343339,38.646618,81884000
2009-11-18,38.525287,38.551285,38.170016,38.42997,100240800
2009-11-19,38.170018,38.196015,37.563456,37.832077,114558000
2009-11-20,37.632801,37.736782,37.502822,37.641464,70912100
2009-11-23,38.031395,38.47332,38.005401,38.248024,91621500
2009-11-24,38.230671,38.256669,37.892731,38.118027,60670000
2009-11-25,38.247996,38.317319,38.135348,38.282658,37630100
2009-11-27,37.234187,37.979391,37.173531,37.702103,61230000
2009-11-30,37.615451,37.797419,37.355497,37.74543,84819400
2009-12-01,38.031391,38.386663,38.022727,38.135372,81817800
2009-12-02,38.265326,38.551278,38.109353,38.18734,81653600
2009-12-03,38.326003,38.559963,38.022724,38.031387,72460400
2009-12-04,38.516638,38.759261,37.83209,38.230686,125062600
2009-12-07,38.204687,38.377991,37.970727,38.048714,67471900
2009-12-08,37.832074,38.126689,37.57212,37.814743,86621400
2009-12-09,37.780095,38.230684,37.537472,38.196026,78820500
2009-12-10,38.360652,38.594612,38.334657,38.386646,76722400
2009-12-11,38.594613,38.637938,38.083369,38.239342,66643700
2009-12-14,38.499302,38.646608,38.291337,38.603283,47965500
2009-12-15,38.481964,38.707256,38.273998,38.386646,61171100
2009-12-16,38.533977,38.733275,38.378004,38.43866,61629700
2009-12-17,38.265326,38.308651,37.918719,37.970711,90440900
2009-12-18,38.329196,38.606944,38.190323,38.589584,96442600
2009-12-21,38.789213,39.171119,38.771854,39.023563,82357400
2009-12-22,39.153746,39.309979,39.084307,39.2579,51569100
2009-12-23,39.336037,39.553028,39.240561,39.54435,73932200
2009-12-24,39.58776,39.908905,39.579078,39.908905,31770400
2009-12-28,40.004359,40.18663,39.874164,40.117195,49381400
2009-12-29,40.125879,40.143238,39.91757,39.952286,32410200
2009-12-30,39.908876,40.151904,39.891517,40.073788,57612700
2009-12-31,40.151907,40.169266,39.709248,39.709248,50079200
2010-01-04,40.212673,40.351547,40.160594,40.290787,62822800
2010-01-05,40.264749,40.360225,40.065118,40.290787,62935600
2010-01-06,40.273432,40.403624,39.987003,40.04776,96033000
2010-01-07,40.108507,40.160586,39.856797,40.073788,77094100
2010-01-08,39.987,40.403622,39.865486,40.403622,88886600
2010-01-11,40.455699,40.481737,40.030396,40.238708,104673400
2010-01-12,39.995682,40.047757,39.5183,39.735291,90673900
2010-01-13,39.856806,40.351547,39.58774,40.23003,100661000
2010-01-14,40.151912,40.377584,40.117196,40.264748,75209000
2010-01-15,40.334194,40.403629,39.622465,39.796055,126849300
2010-01-19,39.891511,40.481725,39.882833,40.438328,84388200
2010-01-20,40.151911,40.447018,39.431504,39.856804,145680000
2010-01-21,39.969642,40.23003,39.31867,39.483585,204939600
2010-01-22,39.353377,39.474891,38.225027,38.329182,171098700
2010-01-25,38.563562,38.711114,38.294493,38.459408,154218700
2010-01-26,38.415978,38.962795,38.233707,38.494095,140816500
2010-01-27,38.42467,38.928086,38.198998,38.797894,161632700
2010-01-28,38.537513,38.563551,37.600113,37.799744,221439800
2010-01-29,38.112203,38.20768,37.001213,37.140087,212099600
2010-02-01,37.235552,37.565375,37.218193,37.548016,136827100
2010-02-02,37.608792,37.999372,37.348401,37.886539,110727700
2010-02-03,37.704258,38.16428,37.686898,38.094841,93581600
2010-02-04,37.817099,37.895216,36.992535,36.992535,151652500
2010-02-05,37.088014,37.339723,36.558556,37.305004,213618600
2010-02-08,37.244243,37.478593,37.009893,37.035931,94354400
2010-02-09,37.478588,37.765014,37.114043,37.417831,118956000
2010-02-10,37.417854,37.591447,37.105387,37.339737,94102900
2010-02-11,37.348394,38.008046,37.114044,37.903889,93050800
2010-02-12,37.565392,38.086172,37.461238,37.982014,93938500
2010-02-16,38.259766,38.494113,38.060132,38.468075,83861400
2010-02-17,38.641646,38.685043,38.415974,38.685043,82691700
2010-02-18,38.659027,38.997532,38.58091,38.928093,65752600
2010-02-19,38.823938,39.101685,38.728462,38.910736,80416500
2010-02-22,39.066966,39.084325,38.676385,38.832619,72055000
2010-02-23,38.80656,38.832601,38.146911,38.329182,95814400
2010-02-24,38.528827,38.876013,38.46807,38.71978,86591000
2010-02-25,38.311836,38.797896,38.04277,38.711098,97961300
2010-02-26,38.70242,38.93677,38.537508,38.849972,66222400
2010-03-01,39.023552,39.483573,39.014873,39.414135,77290100
2010-03-02,39.553019,39.796048,39.448865,39.53566,76368500
2010-03-03,39.631146,39.77002,39.431515,39.579067,65735500
2010-03-04,39.605093,39.761326,39.405462,39.709248,54470900
2010-03-05,40.004377,40.394961,39.917582,40.308163,68136300
2010-03-08,40.325512,40.481745,40.308152,40.386269,58712400
2010-03-09,40.299464,40.837599,40.273426,40.611931,98002800
2010-03-10,40.637964,41.037226,40.620605,40.94175,102578900
2010-03-11,40.846278,41.097984,40.776839,41.097984,67510300
2010-03-12,41.228192,41.25423,40.881006,41.106678,64068300
2010-03-15,41.019866,41.124024,40.716081,41.00251,60150500
2010-03-16,41.132706,41.323658,40.993832,41.262901,74950600
2010-03-17,41.323664,41.575374,41.254226,41.37574,75643500
2010-03-18,41.410449,41.558004,41.314972,41.514606,77829400
2010-03-19,41.637127,41.663196,41.115795,41.263508,86337100
2010-03-22,41.098413,41.802214,41.05497,41.637123,71902800
2010-03-23,41.697953,41.967306,41.506796,41.923862,59182600
2010-03-24,41.854357,41.854357,41.628447,41.724026,62995700
2010-03-25,42.071564,42.227964,41.619745,41.663189,76294800
2010-03-26,41.836988,41.993388,41.480744,41.706654,78067900
2010-03-29,41.91517,42.054192,41.793522,41.906479,57993300
2010-03-30,42.03683,42.184539,41.758785,42.045517,49437300
2010-03-31,41.915185,42.097651,41.767473,41.845673,59947400
2010-04-01,42.019451,42.314873,41.524185,41.845673,83728600
2010-04-05,41.94123,42.332231,41.828274,42.236652,56220300
2010-04-06,42.141089,42.488645,42.04551,42.358311,54097100
2010-04-07,42.29748,42.462567,42.028123,42.254036,77211500
2010-04-08,42.132399,42.41913,41.915177,42.349621,68314300
2010-04-09,42.358309,42.618975,42.254043,42.601597,54227300
2010-04-12,42.618959,42.749294,42.523381,42.636337,44280600
2010-04-13,42.592903,42.879635,42.453881,42.853569,59376000
2010-04-14,43.079483,43.374902,43.009971,43.366215,69004800
2010-04-15,43.331453,43.609497,43.331453,43.557365,72254200
2010-04-16,43.400961,43.54867,42.749295,43.036026,127388000
2010-04-19,42.879633,43.14899,42.488636,43.009968,98251700
2010-04-20,43.244566,43.340145,42.949144,43.227188,69543700
2010-04-21,43.522616,43.609504,43.201129,43.470482,74748700
2010-04-22,43.053411,43.757212,42.801433,43.713768,110477200
2010-04-23,43.705072,43.939673,43.522607,43.896229,77205200
2010-04-26,43.939677,44.00919,43.705077,43.800655,67361000
2010-04-27,43.626896,43.818053,42.758008,42.870964,112608000
2010-04-28,43.096862,43.122931,42.558152,42.897018,130082100
2010-04-29,43.140296,43.73114,43.105539,43.644249,84180200
2010-04-30,43.626881,43.696393,42.749305,42.784061,110897000
2010-05-03,42.96654,43.592137,42.949162,43.383606,74169700
2010-05-04,42.853579,42.853579,41.776159,42.080269,141136500
2010-05-05,41.637128,42.141085,41.39384,41.863041,128560200
2010-05-06,41.576295,41.984673,37.049388,40.464119,274356800
2010-05-07,40.160019,40.663973,38.474374,39.456219,288200400
2010-05-10,41.211376,41.532863,41.10711,41.506798,136041600
2010-05-11,41.089738,42.045514,41.011537,41.46336,113016100
2010-05-12,41.689247,42.280091,41.619738,42.245335,85462400
2010-05-13,42.062907,42.393086,41.472063,41.576328,102844300
2010-05-14,41.263503,41.289568,40.299036,40.776924,147386100
2010-05-17,40.855126,41.072348,40.029682,40.907261,120969600
2010-05-18,41.254812,41.341702,40.160014,40.34248,153072100
2010-05-19,40.194752,40.516243,39.577842,40.020977,159000300
2010-05-20,39.238991,39.343257,38.448303,38.535191,189289800
2010-05-21,37.935646,39.656043,37.787936,38.960934,190631100
2010-05-24,38.94358,39.386715,38.78718,38.804558,113038000
2010-05-25,37.953051,38.891449,37.56205,38.839317,155643000
2010-05-26,39.108663,39.595241,38.335353,38.404865,140203200
2010-05-27,39.27375,39.873282,39.178172,39.855904,110671600
2010-05-28,39.925428,39.960184,39.273762,39.621315,128535300
2010-06-01,39.473593,40.186081,39.212927,39.256371,104242700
2010-06-02,39.48228,40.212147,39.212927,40.186081,97249300
2010-06-03,40.29904,40.637906,40.038375,40.568394,98928400
2010-06-04,39.708188,40.220832,39.047831,39.178165,112849900
2010-06-07,39.378011,39.499655,38.422235,38.465679,88436600
2010-06-08,38.535201,38.648158,37.874847,38.396179,133030100
2010-06-09,38.66554,39.021784,37.961739,38.074696,101949200
2010-06-10,38.543883,39.204237,38.439618,39.160793,76892300
2010-06-11,38.76111,39.569176,38.76111,39.53442,74346800
2010-06-14,39.899361,40.177408,39.456229,39.525742,68085000
2010-06-15,39.734278,40.637923,39.49099,40.585789,76332600
2010-06-16,40.472811,40.959386,40.403298,40.750854,78399700
2010-06-17,40.976769,40.994148,40.524947,40.881191,77111900
2010-06-18,40.958672,41.211128,40.793272,40.915146,75921400
2010-06-21,41.437472,41.507116,40.331895,40.566936,95488100
2010-06-22,40.741041,41.037023,40.175196,40.253544,94493400
2010-06-23,40.297068,40.453765,39.774745,40.088139,92397600
2010-06-24,39.914043,40.03592,39.348197,39.478775,114145900
2010-06-25,39.69594,39.826778,39.207484,39.486603,88740300
2010-06-28,39.486598,39.730826,39.085365,39.347038,71350000
2010-06-29,38.745204,38.780095,37.567672,37.829346,136384200
2010-06-30,37.707223,38.09101,37.192597,37.253654,101313200
2010-07-01,37.367037,37.471706,36.433734,37.148975,158695000
2010-07-02,37.210041,37.3496,36.712861,37.044315,78565300
2010-07-06,37.593834,37.829341,36.852426,37.157711,88591900
2010-07-07,37.279832,38.387583,37.244942,38.343971,72448400
2010-07-08,38.649254,38.710311,38.099738,38.553307,78264600
2010-07-09,38.535867,38.928379,38.448644,38.919655,47851200
2010-07-12,38.884763,39.277271,38.780091,39.033043,60927500
2010-07-13,39.373223,39.687232,39.076659,39.538952,93310500
2010-07-14,39.617442,39.957621,39.460441,39.739559,87687100
2010-07-15,39.661066,39.896573,39.242388,39.774456,95992500
2010-07-16,39.634889,39.800618,38.640528,38.675419,98831900
2010-07-19,38.788831,39.085396,38.466098,39.006893,81800800
2010-07-20,38.378868,39.477898,38.256754,39.477898,89061200
2010-07-21,39.896565,39.914007,38.867314,38.937092,83577000
2010-07-22,39.486617,40.105912,39.460451,39.922741,82890300
2010-07-23,39.65234,40.210577,39.582562,40.17569,81056100
2010-07-26,40.228038,40.524602,40.044866,40.507156,64850900
2010-07-27,40.681596,40.751377,40.306529,40.4897,67655600
2010-07-28,40.446096,40.62927,40.018697,40.166977,51988200
2010-07-29,40.402471,40.480973,39.469167,39.870399,85669500
2010-07-30,39.53896,40.201866,39.312174,39.957638,98958100
2010-08-02,40.463532,40.812432,40.306527,40.70776,68706800
2010-08-03,40.681594,40.73393,40.341418,40.533314,60856600
2010-08-04,40.716466,40.986864,40.559461,40.943249,43820600
2010-08-05,40.742645,40.925816,40.576919,40.847317,39150200
2010-08-06,40.402479,40.864769,40.166972,40.786266,71339200
2010-08-09,40.99561,41.161336,40.812439,41.065392,26927600
2010-08-10,40.73393,40.951991,40.367584,40.70776,86694500
2010-08-11,40.036141,40.053583,39.434288,39.600018,92219700
2010-08-12,38.841155,39.460453,38.771377,39.286003,66000200
2010-08-13,39.137728,39.303457,38.998169,39.006893,46387300
2010-08-16,38.814987,39.347058,38.640537,39.07666,55472900
2010-08-17,39.355776,39.931458,39.277273,39.573837,56927100
2010-08-18,39.495336,39.96635,39.347055,39.730843,61835400
2010-08-19,39.495336,39.652341,38.867321,39.128994,82969500
2010-08-20,39.06795,39.277287,38.849888,39.181339,65806700
2010-08-23,39.425565,39.547679,38.780101,38.797546,69612200
2010-08-24,38.352693,38.483528,37.916569,38.073574,79095800
2010-08-25,37.803182,38.605648,37.742125,38.439922,87247900
2010-08-26,38.570755,38.657978,37.942736,37.977627,91199000
2010-08-27,38.256751,38.518425,37.480452,38.439922,109568800
2010-08-30,38.256747,38.596922,38.029961,38.038685,49373200
2010-08-31,37.83807,38.248024,37.66362,37.907848,72066900
2010-09-01,38.466073,39.172594,38.439907,39.041756,83523100
2010-09-02,39.111556,39.495343,39.015608,39.477898,41816800
2010-09-03,39.914022,40.140808,39.730851,40.132084,64041100
2010-09-07,39.966363,40.149534,39.800637,39.861694,51195200
2010-09-08,39.975077,40.515869,39.966353,40.341419,66879800
2010-09-09,40.699033,40.733924,40.402469,40.498417,61476400
2010-09-10,40.542029,40.707755,40.341413,40.646698,66995700
2010-09-13,40.960713,41.318334,40.943267,41.213665,64523400
2010-09-14,41.161329,41.606177,41.065385,41.388115,91405800
2010-09-15,41.283461,41.693415,41.161344,41.649803,67108200
2010-09-16,41.571274,41.850393,41.466606,41.815502,66885800
2010-09-17,42.088287,42.088287,41.747315,41.957146,76372600
2010-09-20,42.114536,42.778998,42.062081,42.69157,84475000
2010-09-21,42.717792,42.988819,42.499219,42.682819,82272000
2010-09-22,42.507964,42.857681,42.333106,42.569164,88315900
2010-09-23,42.289384,42.980073,42.24567,42.55167,85040000
2010-09-24,43.032531,43.443445,42.971331,43.417217,79495900
2010-09-27,43.390979,43.495893,43.146176,43.181149,43859800
2010-09-28,43.286081,43.312312,42.481736,43.163681,104922900
2010-09-29,43.102457,43.303543,42.936343,43.093716,81679200
2010-09-30,43.312296,43.574582,42.621606,42.901379,122458600
2010-10-01,43.259828,43.303542,42.647825,42.848911,77675400
2010-10-04,42.726528,42.8839,42.140755,42.385555,71359900
2010-10-05,42.866414,43.504645,42.840186,43.417217,99301300
2010-10-06,43.364742,43.460914,42.761484,43.041256,81831200
2010-10-07,43.286074,43.312305,42.840188,43.198647,75693300
2010-10-08,43.216127,43.600813,42.910127,43.495899,83223900
2010-10-11,43.522139,43.73197,43.382252,43.513397,46880000
2010-10-12,43.44345,43.898081,43.067506,43.810654,88571700
2010-10-13,44.090419,44.370192,43.959275,44.169106,71122900
2010-10-14,44.19532,44.274006,43.863089,44.081661,68464000
2010-10-15,44.623743,45.025915,44.265284,45.017174,104654000
2010-10-18,45.025898,45.218243,44.85104,44.85104,72399400
2010-10-19,44.431396,44.851055,44.081679,44.431396,105739800
2010-10-20,44.5538,45.087118,44.475114,44.754887,80861400
2010-10-21,45.034634,45.209493,44.405148,44.842293,85885400
2010-10-22,44.851034,45.192006,44.772348,45.148293,47406900
2010-10-25,45.331902,45.664133,45.331902,45.366875,51413900
2010-10-26,45.139574,45.594205,44.955971,45.489288,60498300
2010-10-27,45.253221,45.664138,45.165793,45.629166,57483400
2010-10-28,45.821495,45.856467,45.323151,45.725323,61220000
2010-10-29,45.725329,45.891446,45.61167,45.620415,46668700
2010-11-01,45.786533,46.118764,45.445561,45.655392,60555600
2010-11-02,46.03133,46.27613,45.97013,46.144985,48137500
2010-11-03,46.188706,46.372306,45.777789,46.35482,126225800
2010-11-04,46.861911,47.089228,46.774483,46.923111,84201000
2010-11-05,46.949342,47.045514,46.783225,46.923111,77937100
2010-11-08,46.844413,47.062985,46.730754,46.984299,39623500
2010-11-09,47.167911,47.246597,46.520935,46.730766,66828700
2010-11-10,46.79198,47.010553,46.424777,46.966839,83553700
2010-11-11,46.258654,46.756999,46.040081,46.669571,85163600
2010-11-12,46.424786,46.660844,45.559241,45.908955,99164300
2010-11-15,46.144999,46.23243,45.716599,45.734085,56723400
2010-11-16,45.410597,45.681628,44.457621,44.982197,101097000
2010-11-17,45.008421,45.349393,44.894762,45.113335,77836200
2010-11-18,45.602935,46.153738,45.576707,45.838993,71488300
2010-11-19,45.777779,45.978865,45.585434,45.873951,54506100
2010-11-22,45.690362,46.258652,45.611676,46.258652,69918900
2010-11-23,45.78654,45.856485,45.261968,45.524254,76818300
2010-11-24,45.970136,46.555908,45.952649,46.442249,53444200
2010-11-26,46.145002,46.451006,46.04883,46.136261,23640300
2010-11-29,46.075056,46.249915,45.550481,46.101284,89269100
2010-11-30,45.620423,46.110026,45.358137,45.541737,118862100
2010-12-01,46.214942,46.739515,46.197456,46.503456,81758800
2010-12-02,46.573406,47.045523,46.520947,46.975578,56844600
2010-12-03,46.774506,47.159192,46.774506,47.097992,38014200
2010-12-06,47.106717,47.167917,46.931859,47.080486,39312000
2010-12-07,47.648782,47.666269,47.054265,47.106724,59067300
2010-12-08,47.229108,47.342767,46.940591,47.281567,48066900
2010-12-09,47.570079,47.596307,47.167907,47.325279,51679800
2010-12-10,47.465164,47.692477,47.290305,47.640022,44696200
2010-12-13,47.823625,47.858597,47.44768,47.473907,53110200
2010-12-14,47.596313,47.753686,47.412713,47.561344,69884800
2010-12-15,47.535109,47.823626,47.237851,47.351509,76951900
2010-12-16,47.395226,47.788657,47.264085,47.718716,65519400
2010-12-17,47.778294,47.900936,47.66441,47.760773,36844200
2010-12-20,47.848347,47.97099,47.445377,47.795788,48159600
2010-12-21,47.979763,48.084885,47.848358,48.084885,35775400
2010-12-22,48.067368,48.14621,47.997288,48.07613,35766500
2010-12-23,47.98853,48.067372,47.839607,47.953491,21664800
2010-12-27,47.813316,48.058601,47.489185,47.979759,29263700
2010-12-28,48.076126,48.111164,47.787037,47.892159,24160500
2010-12-29,48.023571,48.093655,47.944729,47.997292,24132700
2010-12-30,47.997299,48.006058,47.787052,47.883415,27553300
2010-12-31,47.822086,47.848366,47.489197,47.708202,38540100
2011-01-03,48.154983,48.785718,48.137462,48.452831,90994300
2011-01-04,48.628022,48.663063,48.111168,48.417778,43851500
2011-01-05,48.268886,48.847062,48.242607,48.829544,43787400
2011-01-06,48.882084,49.022247,48.776962,48.987206,46139600
2011-01-07,49.074791,49.10107,48.461574,48.943386,72261700
2011-01-10,48.838272,49.214962,48.68935,49.127361,55551800
2011-01-11,49.328861,49.372662,49.013492,49.197456,56663800
2011-01-12,49.433964,49.547848,49.232479,49.547848,51979300
2011-01-13,49.582898,49.696782,49.416454,49.56538,47364500
2011-01-14,49.582912,49.950844,49.46027,49.933323,43867400
2011-01-18,49.556617,50.134792,49.486537,50.073471,65805600
2011-01-19,50.161064,50.161064,49.337604,49.504047,67767200
2011-01-20,49.293812,49.363892,48.776958,49.153648,92357800
2011-01-21,49.398926,49.486531,48.750671,48.776951,59673300
2011-01-24,48.873306,49.46024,48.776943,49.451481,64103300
2011-01-25,49.206211,49.539101,49.101089,49.52158,55305100
2011-01-26,49.591644,49.915772,49.451481,49.78437,60547700
2011-01-27,49.942074,50.239922,49.863232,50.091,53656100
2011-01-28,50.082223,50.126027,48.592987,48.820751,123359900
2011-01-31,48.890846,49.197453,48.522915,49.057289,70571300
2011-02-01,49.425201,50.09098,49.372642,49.977097,76952900
2011-02-02,49.871982,50.082226,49.79314,49.898262,48661000
2011-02-03,49.801895,50.055943,49.407688,49.985863,45341900
2011-02-04,49.977112,50.301239,49.84571,50.266201,47647800
2011-02-07,50.362556,50.783047,50.283714,50.50272,45627100
2011-02-08,50.520241,50.870651,50.423881,50.835609,38099900
2011-02-09,50.756764,50.914448,50.590321,50.748005,62540800
2011-02-10,50.415111,50.896923,50.362552,50.826843,70194700
2011-02-11,50.677913,51.229809,50.607833,51.194767,47853500
2011-02-14,51.194771,51.387497,51.142212,51.317417,48506100
2011-02-15,51.194763,51.308647,51.010799,51.247326,39723800
2011-02-16,51.378742,51.72039,51.361221,51.580227,53061700
2011-02-17,51.326191,51.659081,51.291149,51.562717,38361900
2011-02-18,51.562706,51.659069,51.256096,51.448822,44334300
2011-02-22,50.748009,50.923214,49.880745,49.959587,92598100
2011-02-23,49.959576,50.134781,49.171158,49.547848,97842900
2011-02-24,49.652966,49.959572,49.179912,49.81065,98716100
2011-02-25,50.090988,50.564041,50.038425,50.50272,54094600
2011-02-28,50.704197,50.853119,50.309986,50.607834,51402800
2011-03-01,50.826844,50.826844,49.670494,49.793137,91993900
2011-03-02,49.766861,50.380074,49.74934,50.055946,61552900
2011-03-03,50.520233,51.13345,50.520233,51.045849,64146600
2011-03-04,51.028347,51.037106,50.450172,50.783062,62328400
2011-03-07,50.993302,51.037103,49.644226,50.099758,98470000
2011-03-08,50.038429,50.529003,49.731822,50.301235,62399100
2011-03-09,50.117271,50.169834,49.688022,49.959587,84764200
2011-03-10,49.398934,49.512817,48.978443,49.179928,102894400
2011-03-11,48.899597,49.635456,48.899597,49.486534,81679400
2011-03-14,49.214973,49.574143,48.934646,49.311337,73565800
2011-03-15,47.86589,48.899598,47.716968,48.610512,101276500
2011-03-16,48.207539,48.479108,47.103752,47.436642,176507700
2011-03-17,48.190022,48.39151,47.419124,47.874657,94434500
2011-03-18,48.442252,48.442252,47.731671,47.766762,94887200
2011-03-21,48.494883,48.933513,47.810622,48.687881,57423000
2011-03-22,48.758062,48.784378,48.494881,48.600155,36162100
2011-03-23,48.424696,49.012458,48.091337,48.872097,60365100
2011-03-24,49.240548,49.845855,48.968596,49.740585,69502400
2011-03-25,49.898491,50.196759,49.7669,49.8634,74131100
2011-03-28,50.082712,50.091483,49.565129,49.591446,37824000
2011-03-29,49.477411,50.073948,49.328276,50.073948,47994800
2011-03-30,50.319565,50.380973,50.073934,50.310791,44935900
2011-03-31,50.223071,50.42484,50.135346,50.380978,50004300
2011-04-01,50.635381,50.793287,50.258159,50.407291,68031800
2011-04-04,50.547663,50.6003,50.021309,50.240623,48659100
2011-04-05,50.144127,50.433624,50.003765,50.109035,55349400
2011-04-06,50.495015,50.644147,49.942341,50.231834,49532100
2011-04-07,50.214292,50.530103,49.837071,50.196747,60697000
2011-04-08,50.424835,50.503788,49.696711,49.959888,42782200
2011-04-11,50.152889,50.258162,49.617764,49.793213,42451700
2011-04-12,49.565133,49.687948,49.258093,49.451088,50422800
2011-04-13,49.819532,50.003756,49.477402,49.872166,49979800
2011-04-14,49.530022,49.85461,49.328253,49.784428,53544100
2011-04-15,49.59145,49.889719,49.372136,49.696724,68530000
2011-04-18,49.196689,49.363367,48.52997,49.345821,69065000
2011-04-19,49.477413,49.652863,49.214233,49.652863,38608400
2011-04-20,50.530114,50.828383,50.468707,50.775749,67397500
2011-04-21,51.267012,51.293332,51.02138,51.179287,43666800
2011-04-25,51.223139,51.337184,51.12664,51.310867,25376800
2011-04-26,51.442454,51.784584,51.328409,51.600361,49400000
2011-04-27,51.696892,52.012706,51.460031,51.951298,56465500
2011-04-28,51.793361,51.960039,51.653,51.872314,48100000
2011-04-29,51.775824,52.012684,51.740733,51.828461,44831200
2011-05-02,51.907402,52.056537,51.600363,51.731953,48149400
2011-05-03,51.705624,51.75826,51.170499,51.486309,38100000
2011-05-04,51.512668,51.644255,50.977539,51.407394,53097200
2011-05-05,51.152968,51.731959,50.951199,51.126648,72200000
2011-05-06,51.635473,51.933741,51.152981,51.293343,72507000
2011-05-09,51.381039,51.688078,51.17927,51.486309,40022000
2011-05-10,51.63546,52.003907,51.565277,51.924953,38053600
2011-05-11,51.845998,52.030225,51.196828,51.547729,61900000
2011-05-12,51.389836,51.924961,51.091568,51.854782,66100000
2011-05-13,51.731951,51.819675,51.223139,51.240685,63506600
2011-05-16,51.003841,51.161748,50.240627,50.354671,73115300
2011-05-17,50.091476,50.503789,49.986206,50.495018,63136000
2011-05-18,50.424852,51.003843,50.363444,50.916119,42351100
2011-05-19,51.074021,51.179291,50.749433,51.065247,35015800
2011-05-20,51.012608,51.065242,50.609066,50.679249,44703300
2011-05-23,49.986231,50.135366,49.696737,49.933594,43700000
2011-05-24,50.0564,50.065171,49.61777,49.626541,39314800
2011-05-25,49.565132,50.056398,49.538816,49.819538,41369000
2011-05-26,49.670389,50.266925,49.661618,50.126564,40564100
2011-05-27,50.2143,50.433614,50.170434,50.380978,30127200
2011-05-31,50.854708,51.196838,50.591527,51.196838,47590100
2011-06-01,51.074014,51.196829,50.038848,50.08271,51795000
2011-06-02,50.17921,50.363433,49.907258,50.187981,50198100
2011-06-03,49.608981,49.994977,49.36335,49.433529,57773700
2011-06-06,49.3195,49.591448,49.003686,49.030003,50175600
2011-06-07,49.161598,49.354593,48.907192,48.942284,46311100
2011-06-08,48.837001,48.924729,48.451008,48.59137,46426400
2011-06-09,48.60891,48.915949,48.451003,48.679092,45307500
2011-06-10,48.451028,48.547527,47.889583,47.933445,53740600
2011-06-13,47.959762,48.187851,47.766767,47.933445,37736800
2011-06-14,48.301881,48.661557,48.275561,48.547512,40565300
2011-06-15,48.082564,48.380832,47.52989,47.626389,59022400
2011-06-16,47.652709,47.810616,47.038627,47.442169,66316200
2011-06-17,47.829896,48.005739,47.152892,47.293568,70337000
2011-06-20,47.161693,47.680437,47.161693,47.539761,37402900
2011-06-21,47.706808,48.612413,47.504586,48.559658,55892800
2011-06-22,48.357436,48.638789,48.199176,48.20797,36833300
2011-06-23,47.689225,48.682748,47.530964,48.656372,80743300
2011-06-24,48.427772,48.471733,47.715598,47.812313,56298300
2011-06-27,47.865073,48.82343,47.759567,48.577248,49968900
2011-06-28,48.682751,49.307004,48.612415,49.29821,47028800
2011-06-29,49.412506,49.597143,49.148739,49.500427,65407300
2011-06-30,49.676285,50.195029,49.649909,50.159859,50347200
2011-07-01,50.186237,50.986332,50.045557,50.915993,53203900
2011-07-05,50.968734,51.223707,50.845643,51.170956,43128800
2011-07-06,51.109419,51.425941,50.942364,51.338017,49282700
2011-07-07,51.724878,52.190867,51.645748,52.041397,54799800
2011-07-08,51.59298,51.909501,51.320418,51.900707,69519500
2011-07-11,51.355594,51.619361,50.784096,50.959942,52080800
2011-07-12,50.951161,51.056667,50.520339,50.573093,84000700
2011-07-13,50.942361,51.294052,50.599463,50.7841,82378100
2011-07-14,50.915992,51.153383,50.001596,50.195026,98774200
2011-07-15,50.757733,50.863239,50.38846,50.863239,68281500
2011-07-18,50.581881,50.810482,50.098307,50.590675,59512200
2011-07-19,51.074252,51.786426,51.074252,51.742462,73904600
2011-07-20,52.032601,52.041391,51.434727,51.522648,57085500
2011-07-21,51.575397,52.155686,51.294045,51.865543,70148800
2011-07-22,51.839163,52.489792,51.803993,52.401867,43620400
2011-07-25,51.988647,52.586522,51.891932,52.296375,48916100
2011-07-26,52.261206,52.604107,52.155699,52.428261,40918900
2011-07-27,52.085361,52.129321,50.942364,51.074249,83969500
2011-07-28,51.10061,51.812784,50.898388,51.162155,61031900
2011-07-29,50.748931,51.531442,50.502746,50.995113,82860500
2011-08-01,51.610587,51.716093,50.142277,50.757736,85421100
2011-08-02,50.520342,50.748943,49.421309,49.474064,90853300
2011-08-03,49.535607,50.01039,48.665172,49.948845,103612300
2011-08-04,49.236652,49.315782,47.627666,47.627666,132830000
2011-08-05,48.111242,48.3838,46.001099,47.328732,214111800
2011-08-08,45.878019,46.70449,44.480049,44.480049,204804500
2011-08-09,45.148262,46.669326,43.899763,46.625362,193707100
2011-08-10,45.570284,46.634147,44.664679,44.717434,205917900
2011-08-11,45.359275,47.205648,45.139468,46.686905,143825300
2011-08-12,46.977049,47.390286,46.493475,47.10014,90483300
2011-08-15,47.293573,47.794731,47.064972,47.794731,73554300
2011-08-16,47.328736,47.785931,46.757238,47.390282,89219200
2011-08-17,47.451826,47.847475,46.616561,47.108929,84416600
2011-08-18,45.834049,45.84284,44.383325,44.796562,130019400
2011-08-19,44.330576,45.429609,43.952512,43.987679,96674600
2011-08-22,45.04275,45.051544,44.014057,44.145939,77107700
2011-08-23,44.444889,45.96595,44.260252,45.96595,75688400
2011-08-24,45.834063,46.414352,45.464786,46.326427,80197700
2011-08-25,46.300042,46.511057,45.412025,45.570286,93623700
2011-08-26,45.420831,46.871556,44.972427,46.713295,91573300
2011-08-29,47.179284,48.067301,47.161699,48.014549,45985800
2011-08-30,47.838691,48.621201,47.574924,48.331059,61617900
2011-08-31,48.621207,49.008068,48.005748,48.410194,60900400
2011-09-01,48.533281,48.92014,47.882653,47.970577,57158400
2011-09-02,47.10894,48.014541,46.590196,46.845169,58185700
2011-09-06,45.754929,46.924298,45.640629,46.853962,52992200
2011-09-07,47.522177,48.049714,47.390295,48.04092,48952200
2011-09-08,47.79473,48.506901,47.662845,47.821106,61422800
2011-09-09,47.487012,47.689237,46.467109,46.757256,63663500
2011-09-12,46.238504,47.390291,46.220919,47.355122,65973000
2011-09-13,47.530969,48.084879,47.302368,47.988167,59020000
2011-09-14,48.23436,49.219093,47.759577,48.673973,90757300
2011-09-15,49.201486,49.482838,48.700327,49.394917,83536100
2011-09-16,49.504142,49.900528,49.407247,49.847675,91902100
2011-09-19,49.231074,50.129548,48.825881,49.865292,73042900
2011-09-20,50.120748,50.517131,49.530572,49.645084,66570100
2011-09-21,49.900541,50.14718,48.773042,48.781853,79938000
2011-09-22,47.53983,47.971448,46.465184,47.196297,151885500
2011-09-23,46.799913,47.900984,46.764678,47.698387,85940600
2011-09-26,47.936217,48.341414,46.870382,48.253326,96261400
2011-09-27,49.072522,49.504143,48.429497,48.755413,81148600
2011-09-28,48.966836,49.301563,47.918618,48.033127,76757100
2011-09-29,48.764216,48.825875,46.658969,47.460548,116900200
2011-09-30,46.826348,47.222734,46.209748,46.236176,104870100
2011-10-03,45.822167,46.553277,45.020588,45.047012,99149500
2011-10-04,44.588971,46.060004,44.130925,45.971916,137013700
2011-10-05,45.857403,47.28439,45.505059,47.15226,108825700
2011-10-06,47.090602,47.953841,46.870388,47.945034,71939200
2011-10-07,47.918618,48.147639,47.319635,47.627934,72525200
2011-10-10,48.438316,49.275127,48.350228,49.275127,48230200
2011-10-11,49.14301,49.733183,49.063733,49.609863,66449100
2011-10-12,50.085512,50.411428,49.821256,49.856487,85627600
2011-10-13,49.759607,50.376204,49.706755,50.314545,63443700
2011-10-14,50.931148,51.257064,50.658081,51.248257,65643600
2011-10-17,51.010416,51.16897,50.182411,50.455475,65161300
2011-10-18,50.376199,51.345143,49.909346,51.080887,91434600
2011-10-19,50.799011,50.957565,49.926964,50.094326,67639400
2011-10-20,50.085507,50.138356,49.142991,49.847675,80378300
2011-10-21,50.3762,50.790204,50.015049,50.473095,60455800
2011-10-24,50.658078,51.662257,50.481909,51.52132,61449500
2011-10-25,51.353965,51.371582,50.402641,50.508343,65299200
2011-10-26,50.790212,50.895914,49.512969,50.446678,98193800
2011-10-27,51.653449,52.14673,51.116126,51.838428,104455500
2011-10-28,51.547725,51.979342,51.530107,51.917683,42950000
2011-10-31,51.468477,51.653456,51.010431,51.045666,60520200
2011-11-01,49.786008,51.010398,49.433664,49.715538,99933000
2011-11-02,50.235265,50.349778,49.66271,50.138371,65003800
2011-11-03,50.534732,51.248227,49.953367,51.177757,78994200
2011-11-04,50.931142,51.133739,50.402629,50.913525,61527800
2011-11-07,50.878283,51.309905,50.358578,51.27467,65559000
2011-11-08,51.644646,51.952945,51.063281,51.864861,62906900
2011-11-09,50.860686,50.939963,49.882934,50.041489,69539000
2011-11-10,50.534751,50.578793,49.530575,50.015045,66052400
2011-11-11,50.446674,51.107317,50.385014,50.957569,54471000
2011-11-14,50.816607,51.09848,50.455456,50.640438,44617600
2011-11-15,50.490706,51.406797,50.437853,51.204201,52203900
2011-11-16,50.834245,51.230631,50.26169,50.358582,68342800
2011-11-17,50.226456,50.244074,48.869936,49.178238,101706900
2011-11-18,49.187033,49.239886,48.71137,48.799458,60417000
2011-11-21,48.138828,48.209294,47.37248,47.865761,52283700
2011-11-22,47.742433,48.165244,47.451749,48.024307,51940100
2011-11-23,47.663163,47.716012,46.914433,46.940861,48437300
2011-11-25,46.738259,47.275579,46.570894,46.579704,25448100
2011-11-28,47.716004,48.262137,47.689579,48.200478,46710700
2011-11-29,48.174041,48.535192,47.760041,47.900978,52056700
2011-11-30,49.204656,49.715551,49.037291,49.671509,66918600
2011-12-01,49.662704,50.147175,49.636276,50.015045,45362200
2011-12-02,50.508318,50.508318,49.830058,49.8741,36938900
2011-12-05,50.622835,50.754962,50.138361,50.420238,40492200
2011-12-06,50.464272,50.605209,50.111928,50.279293,38670000
2011-12-07,50.138353,50.508314,49.636265,50.279293,44576200
2011-12-08,49.953387,50.340966,49.336787,49.433681,51692600
2011-12-09,49.556999,50.376196,49.539385,50.226452,55757900
2011-12-12,49.69794,50.217646,49.239897,49.662708,55411700
2011-12-13,49.988623,50.19122,48.913977,49.116573,68557700
2011-12-14,48.9316,48.966835,48.077171,48.350235,63682800
2011-12-15,48.764228,48.817077,48.147628,48.218098,58732900
2011-12-16,48.475199,49.128957,48.386855,48.466366,60978900
2011-12-19,48.65188,48.76673,47.856769,47.989288,46733900
2011-12-20,48.766718,49.473482,48.740212,49.41164,81758800
2011-12-21,49.120105,49.155444,48.139473,48.704884,78552300
2011-12-22,48.810886,49.1466,48.740208,49.120094,40334100
2011-12-23,49.217297,49.544178,49.10245,49.544178,26594600
2011-12-27,49.507928,49.888143,49.454873,49.728985,21443500
2011-12-28,49.667071,49.746652,49.021585,49.154221,38180100
2011-12-29,49.233815,49.543293,49.074654,49.507927,28077900
2011-12-30,49.401818,49.622875,49.357607,49.366451,21832400
2012-01-03,50.321402,50.568985,50.179926,50.312561,39514100
2012-01-04,50.232987,50.59552,50.01193,50.52478,29403400
2012-01-05,50.418674,50.984579,50.224143,50.940369,41260600
2012-01-06,50.949194,51.232146,50.754666,51.117199,46325200
2012-01-09,51.249837,51.267522,50.781198,50.9492,39195500
2012-01-10,51.488582,51.638902,50.966887,51.32058,35949900
2012-01-11,51.311746,51.541647,51.117218,51.426697,37144100
2012-01-12,51.541633,51.700794,51.161415,51.630054,26188300
2012-01-13,51.355956,51.462063,51.002264,51.444378,35980400
2012-01-17,51.895325,52.134067,51.718482,51.91301,41790800
2012-01-18,52.01028,52.602715,51.886489,52.602715,48692700
2012-01-19,52.841442,53.027132,52.74418,52.929867,47774500
2012-01-20,52.699983,52.876829,52.664617,52.850304,41041700
2012-01-23,52.859125,53.239343,52.558488,52.86797,40958300
2012-01-24,52.629234,52.912186,52.531968,52.77071,38440200
2012-01-25,53.283563,53.566519,52.903348,53.433884,61591800
2012-01-26,53.663788,53.761054,52.991776,53.248203,37852700
2012-01-27,53.133244,53.504618,53.106719,53.407356,45532300
2012-01-30,52.956404,53.531153,52.753032,53.451572,42797800
2012-01-31,53.716828,53.814094,53.177449,53.522297,51449600
2012-02-01,53.83179,54.150113,53.637259,53.955582,46146700
2012-02-02,54.132421,54.300423,53.911364,54.123577,46373600
2012-02-03,54.627584,54.928221,54.539162,54.866325,36453800
2012-02-06,54.662963,54.839809,54.521487,54.822124,28541300
2012-02-07,54.7779,55.043168,54.530314,54.937061,37935700
2012-02-08,54.945914,55.228867,54.742542,55.228867,41171100
2012-02-09,55.441087,55.68867,55.105079,55.626774,46856400
2012-02-10,55.228857,55.388018,55.04317,55.237701,58090500
2012-02-13,55.653291,55.821297,55.396868,55.750557,36810200
2012-02-14,55.626769,55.900881,55.432238,55.892036,51648200
2012-02-15,56.157298,56.46678,55.414547,55.502972,105709100
2012-02-16,55.520672,56.32532,55.379196,56.263424,83642300
2012-02-17,56.272262,56.316472,55.838992,56.086575,76112300
2012-02-21,56.148454,56.493303,55.892028,56.24572,38141300
2012-02-22,56.139613,56.307615,55.909712,55.989292,43174700
2012-02-23,56.06005,56.422583,55.785938,56.360687,54250000
2012-02-24,56.51984,56.652476,56.413734,56.55521,41364900
2012-02-27,56.245734,56.820483,55.998151,56.634796,42678500
2012-02-28,56.687835,57.209526,56.617095,57.209526,43717500
2012-02-29,57.253752,57.439439,56.767424,56.953117,59784400
2012-03-01,57.165322,57.457119,56.997316,57.40406,67558900
2012-03-02,57.324493,57.54555,57.174176,57.359863,33358200
2012-03-05,57.324505,57.395245,56.581753,56.767437,45788800
2012-03-06,56.210377,56.343012,55.909739,56.210377,54638600
2012-03-07,56.475621,56.776259,56.3872,56.643623,42741800
2012-03-08,56.979653,57.421767,56.855861,57.253761,43711100
2012-03-09,57.351008,57.598591,57.315638,57.492481,43117200
2012-03-12,57.474802,57.572068,57.227219,57.519016,32687300
2012-03-13,57.828503,58.58894,57.713549,58.58894,61559100
2012-03-14,58.650817,59.013347,58.42976,58.79229,59926900
2012-03-15,58.969171,59.084119,58.66853,58.960327,65531200
2012-03-16,59.051531,59.051531,58.776958,58.918671,53023100
2012-03-19,59.016098,59.476681,58.856667,59.334961,60966200
2012-03-20,59.024975,59.50327,58.865544,59.441269,47290600
2012-03-21,59.450115,59.777831,59.370396,59.450115,39648100
2012-03-22,59.095842,59.467847,59.060412,59.326134,56953900
2012-03-23,59.39699,59.414708,58.954125,59.290707,45541700
2012-03-26,59.689289,60.327015,59.636147,60.327015,40855300
2012-03-27,60.371268,60.663553,60.34469,60.41555,37278200
2012-03-28,60.450988,60.68128,59.822122,60.176414,44421900
2012-03-29,59.875277,60.167569,59.520984,59.946136,53975300
2012-03-30,60.211842,60.247265,59.591828,59.830978,39480900
2012-04-02,59.768988,60.530709,59.662698,60.450996,40031600
2012-04-03,60.504126,60.716706,60.096692,60.433273,45539900
2012-04-04,59.981543,60.016973,59.264105,59.609539,54088100
2012-04-05,59.503258,60.034694,59.458969,59.981552,42979900
2012-04-09,59.237539,59.768981,59.131256,59.529831,36908200
2012-04-10,59.503256,59.733548,58.387236,58.573238,69254200
2012-04-11,59.086989,59.24642,58.706125,58.856697,62950000
2012-04-12,58.971824,59.591832,58.883253,59.529831,57407400
2012-04-13,59.326107,59.520962,58.59981,58.626381,55227500
2012-04-16,58.918673,58.954103,57.784941,57.970943,57588000
2012-04-17,58.21896,59.334974,58.130382,59.148972,47362400
2012-04-18,58.980672,59.343824,58.821247,58.99839,42536100
2012-04-19,58.785842,59.494421,58.121545,58.334118,81110900
2012-04-20,58.652966,58.909828,58.0861,58.174671,59906900
2012-04-23,57.625512,57.731802,57.120647,57.64323,70514400
2012-04-24,57.536928,57.776078,57.085204,57.333214,49661500
2012-04-25,58.520122,58.892127,58.431551,58.856697,57526900
2012-04-26,58.84782,59.334967,58.768101,59.202106,41799500
2012-04-27,59.450117,59.742403,59.140107,59.5564,46003800
2012-04-30,59.379259,59.494401,59.086967,59.131256,37787700
2012-05-01,59.069263,59.901844,58.980685,59.228695,37643800
2012-05-02,58.9364,59.441266,58.794681,59.396976,38299300
2012-05-03,59.432413,59.476702,58.617544,58.768116,51297600
2012-05-04,58.227799,58.768094,57.297788,57.306641,107554000
2012-05-07,56.96122,57.634376,56.943509,57.359802,50267800
2012-05-08,56.996645,57.342078,56.226061,57.147217,72659700
2012-05-09,56.482939,57.288952,56.252647,56.970089,85715300
2012-05-10,57.226931,57.244643,56.642351,56.854927,49448900
2012-05-11,56.660067,57.448365,56.606922,56.846069,47099900
2012-05-14,56.358922,56.757501,56.226061,56.314636,46360000
2012-05-15,56.465209,56.925785,56.031201,56.128632,66908600
2012-05-16,56.323501,56.491788,55.632634,55.747776,52825900
2012-05-17,55.765484,55.854059,54.560893,54.569752,62253900
2012-05-18,54.738022,54.879738,53.816864,53.861153,79496500
2012-05-21,53.967459,55.420054,53.896599,55.366909,61473000
2012-05-22,55.526333,55.756625,54.906326,55.304901,62954800
2012-05-23,54.835469,55.544051,54.357174,55.411194,56951100
2012-05-24,55.490899,55.544041,54.640597,55.048035,83131200
2012-05-25,55.101186,55.198616,54.817753,54.977184,32078900
2012-05-29,55.490897,55.933761,55.163175,55.676899,44216700
2012-05-30,55.17204,55.402328,54.631745,55.20747,56431800
2012-05-31,55.13661,55.278326,54.552029,54.968323,55260100
2012-06-01,53.976313,54.312891,53.489163,53.506878,71430800
2012-06-04,53.657467,53.994041,53.179172,53.914326,74119500
2012-06-05,53.728312,54.242036,53.701741,54.135746,47916900
2012-06-06,54.543164,55.420033,54.490019,55.375748,58781800
2012-06-07,55.96034,55.96034,55.110042,55.154327,38414800
2012-06-08,55.065761,55.756632,54.879759,55.685772,39730800
2012-06-11,56.110926,56.1375,54.711476,54.746906,51008900
2012-06-12,55.003756,55.437765,54.631752,55.411194,48802600
2012-06-13,55.251759,55.668049,54.844321,55.030327,50840100
2012-06-14,55.021467,55.455475,54.738034,55.234043,65170600
2012-06-15,55.387627,56.000187,55.360995,55.920288,41536100
2012-06-18,55.689471,56.586115,55.600696,56.444073,32191200
2012-06-19,56.728158,57.269695,56.683767,57.029995,36476500
2012-06-20,57.154278,57.322956,56.648256,57.074383,51389700
2012-06-21,57.030003,57.092147,55.591826,55.653969,42492700
2012-06-22,55.840392,56.310906,55.68947,56.239883,29504200
2012-06-25,55.778235,55.795987,54.997001,55.156799,33136400
2012-06-26,55.343231,55.662827,55.094658,55.503029,30611100
2012-06-27,55.716111,56.088974,55.653968,55.840401,35705800
2012-06-28,55.423141,55.458653,54.633032,55.218956,49793400
2012-06-29,56.284266,56.958969,56.115589,56.958969,44761300
2012-07-02,57.038868,57.154275,56.701517,57.127644,33425600
2012-07-03,57.163162,57.607044,57.074387,57.607044,15895100
2012-07-05,57.553776,57.926636,57.24306,57.642551,37016200
2012-07-06,57.376228,57.429499,56.506223,56.923473,40684100
2012-07-09,56.861316,57.047746,56.532841,56.816925,35628300
2012-07-10,57.127657,57.269703,56.035707,56.257648,47365700
2012-07-11,56.186623,56.337541,55.485288,55.946926,43432000
2012-07-12,55.50304,55.653959,54.917116,55.423141,57680400
2012-07-13,55.574055,56.3908,55.538547,56.266514,32357200
2012-07-16,56.14222,56.390793,55.884767,56.106709,27621400
2012-07-17,56.461832,56.586122,55.600703,56.399689,42467800
2012-07-18,56.29315,57.331836,56.275394,57.163158,44489700
2012-07-19,57.56264,57.979891,57.456113,57.793461,53017800
2012-07-20,57.775721,57.793473,57.003363,57.029995,40573100
2012-07-23,55.920289,56.532845,55.494159,56.337536,48657800
2012-07-24,56.435191,56.51509,55.529671,55.893654,57269700
2012-07-25,55.458654,55.884781,55.17457,55.520798,46264400
2012-07-26,56.319792,56.577244,55.902545,56.257648,41928200
2012-07-27,56.666018,57.695822,56.497341,57.589294,42621000
2012-07-30,57.73134,57.979913,57.349601,57.54491,37821300
2012-07-31,57.633673,57.864493,57.473875,57.527145,34588300
2012-08-01,57.935515,57.953268,57.127646,57.358467,30920200
2012-08-02,56.923468,57.72245,56.737035,57.154282,40534900
2012-08-03,58.077568,58.485939,57.873386,58.237366,42117400
2012-08-06,58.539175,58.938666,58.414888,58.681213,23523600
2012-08-07,58.92981,59.409203,58.841035,59.16951,28223300
2012-08-08,59.018585,59.267158,58.920931,59.142872,20723500
2012-08-09,59.133986,59.400318,59.027452,59.320415,20726200
2012-08-10,59.107376,59.373702,58.956458,59.355949,20312000
2012-08-13,59.33818,59.506858,59.036344,59.497978,19890300
2012-08-14,59.719911,59.844204,59.355931,59.524609,24218700
2012-08-15,59.480213,59.764297,59.471333,59.675522,29100400
2012-08-16,59.897476,60.518908,59.826453,60.385742,35699900
2012-08-17,60.518911,60.660956,60.376872,60.652077,22584800
2012-08-20,60.60769,60.749736,60.367997,60.740856,26924000
2012-08-21,60.900643,61.149216,60.261452,60.501152,41391000
2012-08-22,60.36799,60.865136,60.199313,60.749729,44555700
2012-08-23,60.474535,60.669838,60.092796,60.252594,28800400
2012-08-24,60.110541,60.767485,60.012887,60.625446,38384800
2012-08-27,60.882874,60.962769,60.58991,60.723076,20671400
2012-08-28,60.669805,60.891746,60.465623,60.723076,27337900
2012-08-29,60.723076,60.873994,60.465623,60.723076,26672400
2012-08-30,60.456766,60.483398,60.012884,60.110538,24425400
2012-08-31,60.545533,60.767475,59.897469,60.510029,42128000
2012-09-04,60.394639,60.678723,59.853102,60.447903,32017200
2012-09-05,60.421254,60.678706,60.225944,60.385742,26129300
2012-09-06,60.758586,61.744005,60.740827,61.726246,43100000
2012-09-07,61.584218,61.744016,61.459932,61.637482,32958600
2012-09-10,61.477701,61.610867,60.802998,60.847389,25490000
2012-09-11,60.856263,61.095957,60.652075,60.749729,29810100
2012-09-12,60.971645,61.087052,60.554394,60.927254,42203400
2012-09-13,60.980552,62.019235,60.918409,61.752903,45417800
2012-09-14,61.974839,62.525255,61.957087,62.303314,38880300
2012-09-17,62.338839,62.356592,62.108019,62.32996,31798400
2012-09-18,62.170159,62.409859,62.16128,62.383221,27169800
2012-09-19,62.374367,62.658451,62.19681,62.498653,36484600
2012-09-20,62.196796,62.49864,62.028126,62.436497,42520200
2012-09-21,62.748096,62.801511,62.391976,62.454296,23678500
2012-09-24,61.937904,62.19609,61.804358,62.089252,32341600
2012-09-25,62.249526,62.391976,61.190078,61.216785,41299600
2012-09-26,61.136656,61.172269,60.406614,60.718216,32770400
2012-09-27,60.869563,61.697539,60.762725,61.555088,25339500
2012-09-28,61.350319,61.537281,60.994199,61.047615,30112600
2012-10-01,61.341427,61.724255,60.762733,60.958599,37715300
2012-10-02,61.225667,61.412635,60.655878,61.136639,33254300
2012-10-03,61.3058,61.64411,61.065416,61.528374,38236000
2012-10-04,61.626295,61.91119,61.430429,61.742031,26128600
2012-10-05,62.053651,62.142686,61.25239,61.412643,25207900
2012-10-08,61.056505,61.181146,60.70929,60.851734,30911500
2012-10-09,60.691475,60.842824,59.738859,59.88131,67974000
2012-10-10,59.863523,60.032682,59.471797,59.578629,45134300
2012-10-11,60.023791,60.068309,59.356069,59.391682,30469400
2012-10-12,59.382759,59.703266,59.24922,59.364956,24891200
2012-10-15,59.587528,59.881327,59.231408,59.801197,22220100
2012-10-16,59.890227,60.718203,59.872424,60.646984,33960600
2012-10-17,60.335377,60.80724,60.255254,60.611374,33439400
2012-10-18,60.415519,60.611386,59.685476,59.908051,61707600
2012-10-19,59.836807,59.890223,58.40343,58.474655,75362600
2012-10-22,58.447954,58.928715,58.314408,58.777359,38621500
2012-10-23,58.29661,58.715044,58.038424,58.21648,52591200
2012-10-24,58.545876,58.643809,57.922665,58.0117,39872400
2012-10-25,58.41233,58.510263,57.842541,58.0117,52688700
2012-10-26,58.011707,58.421242,57.557654,58.180859,54213100
2012-10-31,58.109647,58.216485,57.628893,57.824753,38524500
2012-11-01,58.189776,58.759565,58.020618,58.643829,26945000
2012-11-02,58.910899,58.946512,57.967188,58.020603,44083000
2012-11-05,58.02952,58.519185,57.904879,58.403442,28094700
2012-11-06,58.50138,58.910915,58.278805,58.510284,29608400
2012-11-07,57.887061,57.958286,56.889933,57.13031,70737800
2012-11-08,57.290565,57.424111,56.231113,56.231113,58585800
2012-11-09,56.266721,57.076891,56.231109,56.471489,51542100
2012-11-12,56.800899,56.863219,56.311237,56.462585,32663700
2012-11-13,56.026351,56.605045,55.892806,56.070866,43288300
2012-11-14,56.346855,56.409175,55.323013,55.412045,82655300
2012-11-15,55.447645,55.63461,55.020303,55.225071,55124200
2012-11-16,55.269587,55.625704,54.584059,55.46545,70873100
2012-11-19,56.070856,56.82761,56.05305,56.783092,55306400
2012-11-20,56.765294,56.881034,56.257826,56.800907,52012700
2012-11-21,56.863226,56.996768,56.622846,56.916645,19611700
2012-11-23,57.23715,57.798034,57.201538,57.780231,16462900
2012-11-26,57.637789,58.065135,57.459733,58.029522,26430900
2012-11-27,58.020606,58.225377,57.735712,57.833645,25828600
2012-11-28,57.557657,58.376728,57.201537,58.332211,37295800
2012-11-29,58.643827,58.884204,58.38564,58.67944,41136100
2012-11-30,58.688332,58.73285,58.412343,58.581501,33497400
2012-12-03,59.035548,59.088971,58.439051,58.465759,28240000
2012-12-04,58.492473,58.554794,58.047325,58.430153,49584500
2012-12-05,58.341116,58.350021,57.468629,57.780231,54076200
2012-12-06,57.602177,58.296614,57.450828,58.154163,47512300
2012-12-07,58.43904,58.50136,57.611064,57.806931,30089400
2012-12-10,57.646693,58.278802,57.646693,57.976105,33219600
2012-12-11,58.376737,59.062262,58.332219,58.732857,40750800
2012-12-12,59.044439,59.044439,58.447943,58.608196,45917700
2012-12-13,58.49246,58.902002,57.895963,58.145245,45467700
2012-12-14,57.753531,57.940492,57.397411,57.593277,39630300
2012-12-17,57.646689,58.376732,57.566565,58.358929,42302900
2012-12-18,58.652707,59.338239,58.492453,59.24921,55596000
2012-12-19,59.418374,59.436184,58.955423,58.991035,34832500
2012-12-20,59.097867,59.124581,58.697236,58.991035,40754300
2012-12-21,58.084147,58.44225,57.833477,58.370628,51152900
2012-12-24,58.218427,58.316906,58.119949,58.254238,11418300
2012-12-26,58.299014,58.352727,57.555951,57.743954,21751300
2012-12-27,57.797652,57.869274,56.938209,57.654415,52933200
2012-12-28,57.215742,57.681275,57.072501,57.099358,33082100
2012-12-31,57.036689,58.415382,56.920308,58.307949,57544000
2013-01-02,59.740365,60.187992,59.516551,60.161129,70695900
2013-01-03,60.161139,60.286474,59.668753,59.847801,47366500
2013-01-04,59.874639,59.874639,59.507588,59.650826,33972500
2013-01-07,59.498646,59.767226,59.310644,59.668747,26766200
2013-01-08,59.659771,59.820917,59.239,59.552338,28734900
2013-01-09,59.641894,59.937323,59.579226,59.776176,25600300
2013-01-10,60.187997,60.223801,59.579224,60.134277,37528000
2013-01-11,60.107407,60.241696,59.982072,60.21484,21158600
2013-01-14,59.910463,60.116374,59.686649,59.946274,36768500
2013-01-15,59.650826,59.740356,59.382253,59.650826,31675300
2013-01-16,59.731394,60.098445,59.623961,59.89254,33822300
2013-01-17,60.13427,60.411803,60.035791,60.179035,32024200
2013-01-18,59.99995,60.107383,59.776137,60.044716,31992000
2013-01-22,60.107397,60.187973,59.740346,60.143208,32123100
2013-01-23,60.483416,60.689328,60.393892,60.510273,31975700
2013-01-24,59.677692,60.232746,59.588161,59.677692,42596300
2013-01-25,59.865713,60.152194,59.749326,59.982094,39240100
2013-01-28,59.991028,60.322268,59.919406,60.116364,32926100
2013-01-29,60.044744,60.259603,59.65083,60.12532,35554700
2013-01-30,60.232776,60.411831,59.865725,60.000008,34445000
2013-01-31,59.973149,60.295441,59.812003,59.865723,34870500
2013-02-01,60.286464,60.680378,60.044748,60.572952,53120800
2013-02-04,60.223794,60.393894,59.498639,59.516548,48483700
2013-02-05,59.776162,60.581893,59.632925,60.39389,35120300
2013-02-06,60.196949,60.474483,60.017901,60.196949,43593200
2013-02-07,60.268566,60.313331,59.58817,60.250664,46017900
2013-02-08,60.555059,60.993732,60.546104,60.868397,39837200
2013-02-11,60.904194,60.93105,60.68038,60.886292,17650400
2013-02-12,60.805691,60.922078,60.57293,60.635597,22057900
2013-02-13,60.814676,61.083255,60.671432,60.850487,23494700
2013-02-14,60.572947,60.922096,60.537136,60.832565,24478800
2013-02-15,60.823615,60.975807,60.483414,60.653515,25333600
2013-02-19,60.769879,61.11008,60.751976,61.092171,23436500
2013-02-20,61.074291,61.101148,60.143225,60.15218,38200300
2013-02-21,59.928377,59.991045,59.292747,59.507607,45855600
2013-02-22,59.847808,60.116388,59.61504,60.107433,21968000
2013-02-25,60.492376,60.707236,59.31064,59.364353,40927600
2013-02-26,59.444951,59.695621,59.051036,59.588188,42088800
2013-02-27,59.588175,60.564007,59.507606,60.196949,36339500
2013-02-28,60.205888,60.644561,60.062644,60.071598,28557300
2013-03-01,59.865702,60.42971,59.570266,60.322277,31617200
2013-03-04,60.125314,60.599798,60.044737,60.590843,19380500
2013-03-05,60.948963,61.566684,60.948963,61.486115,35581900
2013-03-06,61.674079,61.691988,61.253309,61.333885,29071100
2013-03-07,61.405552,61.593561,61.280217,61.495083,21775900
2013-03-08,61.700936,61.79046,61.324931,61.566647,26159900
2013-03-11,61.486084,61.763611,61.298081,61.745708,23187900
2013-03-12,61.566693,61.709937,61.226499,61.521935,27575400
2013-03-13,61.602468,61.67409,61.226463,61.441322,34297300
2013-03-14,61.656206,61.781541,61.512962,61.647251,31530800
2013-03-15,61.691194,61.727088,61.323287,61.475838,30752600
2013-03-18,60.910543,61.592513,60.775949,61.341263,36163000
2013-03-19,61.529697,61.646347,60.677239,61.224609,33125100
2013-03-20,61.655327,61.789927,61.368183,61.655327,28035400
2013-03-21,61.09001,61.242554,60.811834,60.95541,30050800
2013-03-22,61.206652,61.592503,61.134865,61.547634,28837200
2013-03-25,61.745067,61.879667,61.02721,61.323322,24909800
2013-03-26,61.55662,61.673277,61.42202,61.655327,19725200
2013-03-27,61.233576,61.780946,61.143845,61.736084,22539500
2013-03-28,61.736082,61.969382,61.592507,61.888626,23662800
2013-04-01,61.933495,61.996308,61.296394,61.466888,28112800
2013-04-02,61.763005,62.157824,61.709161,61.951443,29431900
2013-04-03,61.987335,62.077066,61.233577,61.386127,35131200
2013-04-04,61.359218,61.556631,61.072074,61.404087,32287400
2013-04-05,60.434959,60.982329,60.29139,60.892597,55610800
2013-04-08,60.919537,61.2336,60.740074,61.215656,17891600
2013-04-09,61.377175,61.879676,61.098999,61.628426,30931400
2013-04-10,61.843768,62.965426,61.807874,62.830826,55271300
2013-04-11,62.678303,62.947504,62.606515,62.803928,37233600
2013-04-12,62.651367,62.803911,62.283466,62.759048,32783700
2013-04-15,62.525749,62.624456,61.44896,61.520741,48795800
2013-04-16,61.870689,62.409091,61.745064,62.337303,27682600
2013-04-17,61.798914,61.816857,60.758011,61.116943,60204800
2013-04-18,61.27845,61.314344,60.013216,60.273441,56798200
2013-04-19,60.390124,61.224639,60.300386,61.099007,43062800
2013-04-22,61.31435,61.951451,61.090018,61.727119,34412100
2013-04-23,62.077065,62.543671,61.754026,62.31934,53078300
2013-04-24,62.166809,62.516766,62.023241,62.292435,44500700
2013-04-25,62.45396,62.857761,62.444985,62.624454,26437100
2013-04-26,62.47186,62.606453,62.15779,62.426991,24079800
2013-04-29,62.624452,63.24361,62.597533,63.001328,31664000
2013-04-30,63.082097,63.467948,62.84879,63.458973,30135800
2013-05-01,63.476905,63.575611,63.037217,63.162842,28537200
2013-05-02,63.270503,64.096041,63.216658,63.961441,31744200
2013-05-03,64.58064,64.912647,64.526803,64.71524,34061700
2013-05-06,64.831838,65.065145,64.778001,64.966438,19244300
2013-05-07,65.074157,65.119026,64.688306,64.930588,25838100
2013-05-08,64.894695,65.298489,64.787013,65.244652,24252100
2013-05-09,65.119021,65.594603,65.02929,65.154915,29337200
2013-05-10,65.289541,65.576685,65.172884,65.549767,20663700
2013-05-13,65.442048,65.792005,65.379235,65.630486,29730100
2013-05-14,65.648465,66.16891,65.62154,65.971497,36009800
2013-05-15,65.845823,66.168861,65.684304,66.106049,27214400
2013-05-16,66.159888,66.491894,65.998369,66.034256,27253400
2013-05-17,66.375252,66.69829,66.159896,66.671371,31114500
2013-05-20,66.545774,66.788049,66.303492,66.572693,25132400
2013-05-21,66.536795,66.886752,66.303488,66.64447,25900000
2013-05-22,66.725238,67.254658,65.72023,66.061218,59843200
2013-05-23,65.477955,66.133,65.35233,65.908669,48222100
2013-05-24,65.468963,65.890708,65.289501,65.872765,26430300
2013-05-28,66.644464,66.886746,66.097101,66.303482,27057100
2013-05-29,66.043255,66.222725,65.612542,65.989418,32090300
2013-05-30,66.016333,66.653434,65.998389,66.339371,32390500
2013-05-31,66.088119,66.59062,65.657399,65.729187,38347600
2013-06-03,65.738188,65.863814,64.993405,65.845863,47613100
2013-06-04,65.980427,66.240652,65.235644,65.504845,35251900
2013-06-05,65.289506,65.540756,64.598561,64.652405,48654200
2013-06-06,64.742107,64.975413,64.131924,64.966438,62524100
2013-06-07,65.235647,65.926593,65.074128,65.854805,31969800
2013-06-10,65.980474,66.186862,65.738198,65.881767,25390000
2013-06-11,65.226677,65.809934,65.002345,65.226677,40278900
2013-06-12,65.603557,65.630476,64.374217,64.472923,42081900
2013-06-13,64.38321,65.433081,64.203748,65.289513,28221500
2013-06-14,65.289523,65.361304,64.760096,64.858803,27690700
2013-06-17,65.370274,65.863807,65.145942,65.486931,32441900
2013-06-18,65.576651,66.15094,65.558701,66.025314,24853100
2013-06-19,66.043264,66.115052,65.217725,65.289513,43145100
2013-06-20,64.535746,64.751109,63.521769,63.737125,60908400
2013-06-21,63.713738,63.884772,62.86758,63.398682,51558900
2013-06-24,62.876578,63.254646,62.246465,62.768562,41492300
2013-06-25,63.371649,63.479664,62.840548,63.227619,28897400
2013-06-26,63.767739,63.911769,63.542698,63.79475,23742300
2013-06-27,64.127793,64.46986,64.028774,64.064781,23545000
2013-06-28,63.866755,64.532883,63.722732,64.154808,28301100
2013-07-01,64.586911,65.082005,64.487892,64.550903,24942800
2013-07-02,64.523881,64.973964,64.226824,64.577888,23067900
2013-07-03,64.343841,65.144988,64.289827,64.838928,18847500
2013-07-05,65.208015,65.361042,64.685917,65.334038,28795900
2013-07-08,65.67609,65.703094,65.153993,65.397041,20558500
2013-07-09,65.703091,65.937136,65.397038,65.793106,26108600
2013-07-10,65.730102,66.270207,65.694102,66.171188,25598900
2013-07-11,66.882318,67.539436,66.837307,67.485428,47768900
2013-07-12,67.530426,67.827482,67.350396,67.782478,31412600
2013-07-15,67.854467,67.98049,67.665433,67.935486,19783600
2013-07-16,67.989512,68.04352,67.674456,67.84549,31747100
2013-07-17,68.052533,68.178555,67.827491,68.016525,24631500
2013-07-18,68.00752,68.178546,67.737467,67.84549,36278800
2013-07-19,67.26039,67.27839,66.945333,67.143364,37732400
2013-07-22,67.395399,67.494418,67.134351,67.341385,21135900
2013-07-23,67.467431,67.476434,66.792306,66.846321,24739500
2013-07-24,67.503427,67.530431,66.909321,67.062347,24426900
2013-07-25,67.377405,67.566439,67.026341,67.485428,23162200
2013-07-26,67.215369,67.854486,67.107354,67.84549,20885600
2013-07-29,67.710441,67.998493,67.539407,67.719444,20958400
2013-07-30,67.96251,68.367582,67.827484,68.079529,24104600
2013-07-31,68.214555,68.601626,68.079529,68.205551,25007600
2013-08-01,68.673678,68.997739,68.601663,68.89872,16880000
2013-08-02,68.907699,69.303767,68.754665,69.285767,18105300
2013-08-05,69.249738,69.384764,69.114712,69.33075,15462800
2013-08-06,69.24074,69.303751,68.63763,68.916679,23675400
2013-08-07,68.71865,68.925691,68.295578,68.790665,20281200
2013-08-08,69.168722,69.294751,68.682638,69.132721,19994000
2013-08-09,69.015683,69.258732,68.655615,68.853653,18558500
2013-08-12,68.592607,69.141709,68.58361,69.015686,20515900
2013-08-13,69.105722,69.555805,68.610635,69.402779,23917000
2013-08-14,69.375769,69.474787,69.042705,69.141724,29921000
2013-08-15,68.367588,68.403595,67.773482,67.971519,39406600
2013-08-16,67.98052,68.295583,67.827493,67.944519,23825000
2013-08-19,67.953476,68.529581,67.809453,67.827454,29586900
2013-08-20,67.953501,68.439591,67.899493,68.124535,18842800
2013-08-21,67.908518,68.49362,67.638465,67.890511,30705100
2013-08-22,68.187501,68.601576,68.151494,68.556572,17269500
2013-08-23,69.04269,69.105701,68.772644,69.015686,20697300
2013-08-26,69.069727,69.564814,68.907697,69.05172,27525500
2013-08-27,68.232563,68.574624,67.476421,67.638451,40068900
2013-08-28,67.55743,68.187543,67.55743,67.89949,20490400
2013-08-29,67.881477,68.718624,67.782458,68.376564,27287900
2013-08-30,68.44858,68.44858,67.692437,67.935486,26228500
2013-09-03,68.493605,68.808669,67.998518,68.322578,27241500
2013-09-04,68.556633,69.168739,68.349591,69.05172,27142900
2013-09-05,69.096724,69.366769,69.06972,69.168732,17809700
2013-09-06,69.402775,69.618813,68.457605,69.249748,27715100
2013-09-09,69.546781,70.176895,69.519778,70.059875,25161900
2013-09-10,70.464943,70.500951,70.140883,70.401932,27619400
2013-09-11,69.933858,70.311925,69.843835,70.266914,28132900
2013-09-12,70.284935,70.437962,70.077894,70.221924,18332700
2013-09-13,70.293918,70.338929,69.888847,70.266914,16932500
2013-09-16,70.861043,70.861043,69.915866,70.077896,25704300
2013-09-17,70.230919,70.635998,70.194918,70.545982,27174300
2013-09-18,70.654,71.536165,70.509977,71.392136,31714700
2013-09-19,71.617156,71.734182,71.437126,71.563148,26435700
2013-09-20,71.732892,71.814154,71.281458,71.317574,26328900
2013-09-23,71.615538,71.696799,70.83907,71.173134,30319400
2013-09-24,71.32662,71.552337,70.938386,71.173134,21871300
2013-09-25,71.227277,71.326593,70.784874,70.929329,22746400
2013-09-26,71.218262,71.651642,71.191177,71.480095,22421700
2013-09-27,71.064798,71.516233,70.956452,71.389832,25151600
2013-09-30,70.649465,71.407871,70.423747,71.218269,28031900
2013-10-01,71.2273,71.976683,71.191184,71.940567,33129700
2013-10-02,71.452995,72.012776,71.380764,71.91346,25503800
2013-10-03,71.823197,71.976683,70.694611,71.073814,42998200
2013-10-04,71.073809,71.787075,71.010608,71.687759,22852700
2013-10-07,71.055742,71.642608,71.028657,71.091858,20227100
2013-10-08,71.09187,71.155071,69.692428,69.719513,43660700
2013-10-09,69.882034,69.918149,68.934019,69.502831,64526700
2013-10-10,70.252212,71.137027,70.234158,70.97451,48062700
2013-10-11,70.793927,71.588449,70.784896,71.534279,25214100
2013-10-14,71.091879,72.039894,71.037709,72.039894,31471900
2013-10-15,71.985681,72.328768,71.669672,71.759964,38684000
2013-10-16,72.094052,72.608686,72.039882,72.572571,46735900
2013-10-17,72.247555,73.014999,72.184355,72.987907,32193500
2013-10-18,73.656019,74.197739,73.448357,74.170654,39628200
2013-10-21,74.342192,74.52277,74.09842,74.333168,31176900
2013-10-22,74.622091,74.847808,73.972024,74.441513,43944800
2013-10-23,74.080382,74.215807,73.628947,73.990089,38021300
2013-10-24,74.035222,74.468602,73.926875,74.315109,23155100
2013-10-25,75.010333,75.190904,74.486668,74.847816,35824500
2013-10-28,74.856829,74.98323,74.531795,74.865852,28618400
2013-10-29,75.118657,75.172834,74.667223,74.992256,36878100
2013-10-30,75.254093,75.380494,74.558888,74.920036,33535500
2013-10-31,74.730421,75.208947,74.468595,74.748482,31309900
2013-11-01,75.001288,75.091574,74.396368,74.766541,30867800
2013-11-04,74.992256,75.001287,74.613053,74.874886,16834000
2013-11-05,74.585974,75.136724,74.369287,74.956146,27975600
2013-11-06,75.272151,75.299236,74.694316,74.938087,25576800
2013-11-07,74.947113,75.055453,73.466409,73.52961,52173200
2013-11-08,73.800469,74.54082,73.592813,74.522766,31470500
2013-11-11,74.414427,74.613059,74.161625,74.405403,24822900
2013-11-12,74.179679,74.631113,74.143563,74.522766,20108500
2013-11-13,74.03521,75.434659,74.03521,75.425629,31345900
2013-11-14,75.226982,75.714532,75.064466,75.660362,31101200
2013-11-15,75.678447,75.804848,75.488845,75.804848,20511300
2013-11-18,75.786797,75.940283,74.920043,75.064499,31679600
2013-11-19,75.019357,75.380506,74.721415,74.847816,25545300
2013-11-20,75.046408,75.326295,74.450512,74.667198,32177400
2013-11-21,74.983225,75.488829,74.920025,75.425629,28125000
2013-11-22,75.552037,75.859009,75.497867,75.831924,25361300
2013-11-25,76.102813,76.184068,75.822926,76.012527,21695100
2013-11-26,76.030549,76.599353,75.868032,76.409752,26621000
2013-11-27,76.563241,76.960498,76.50004,76.942444,21638100
2013-11-29,77.249431,77.502233,77.168176,77.402924,16708900
2013-12-02,77.493234,77.610604,77.059853,77.177231,26354600
2013-12-03,77.123022,77.321654,76.81605,77.113998,37147000
2013-12-04,76.789014,77.439074,76.545235,77.186272,37193200
2013-12-05,77.249438,77.339731,76.89732,77.086922,39829300
2013-12-06,77.736983,77.809215,77.276519,77.646698,36842900
2013-12-09,77.9627,78.125217,77.827268,77.9627,22590000
2013-12-10,77.836308,78.052994,77.755053,77.908539,26965900
2013-12-11,77.899519,78.007865,76.798018,76.906364,36830600
2013-12-12,76.93342,77.123021,76.653533,76.707703,33662600
2013-12-13,77.068856,77.104971,76.48199,76.608391,34072000
2013-12-16,76.987607,77.475157,76.933437,77.032753,24902500
2013-12-17,77.032736,77.222337,76.734787,76.87925,24454900
2013-12-18,76.969557,77.845341,75.886117,77.773109,68387200
2013-12-19,77.64669,77.65572,77.21331,77.556404,44964100
2013-12-20,77.703157,78.509262,77.648815,78.34623,40475400
2013-12-23,78.989282,79.170433,78.753788,79.170433,28181800
2013-12-24,79.188553,79.261014,79.043632,79.206665,13852500
2013-12-26,79.351587,79.532731,79.197613,79.46933,15241100
2013-12-27,79.568952,79.614242,79.170433,79.270058,15827400
2013-12-30,79.15229,79.260981,78.925856,79.15229,18983700
2013-12-31,79.297254,79.668602,79.270076,79.668602,24890500
2014-01-02,79.297252,79.324423,78.817206,79.04364,29177500
2014-01-03,79.043619,79.116079,78.454896,78.473007,35723700
2014-01-06,78.491128,78.5817,77.893339,78.183174,32073100
2014-01-07,78.545487,79.025527,78.400566,78.907784,25860600
2014-01-08,78.925868,79.297223,78.753776,79.079842,27197400
2014-01-09,79.369677,79.378736,78.54546,78.817177,23674700
2014-01-10,79.007438,79.161411,78.418707,79.070839,38008900
2014-01-13,78.962123,79.233846,77.603518,77.902412,48842300
2014-01-14,78.165074,79.451219,78.165074,79.387817,37178900
2014-01-15,79.732001,80.193929,79.650488,80.039955,39835600
2014-01-16,79.976535,80.166739,79.849732,80.048988,31630100
2014-01-17,79.804422,80.039916,79.405896,79.5961,36895800
2014-01-21,80.103341,80.239196,79.532722,80.202972,26412700
2014-01-22,80.411263,80.610526,80.175769,80.411263,29376900
2014-01-23,80.166743,80.175796,79.578013,80.139572,35011900
2014-01-24,79.750118,79.867862,78.536428,78.563599,63974600
2014-01-27,78.563573,78.699434,77.214027,77.802757,63519300
2014-01-28,77.440478,77.839004,77.268386,77.757484,44378800
2014-01-29,77.087265,77.657877,76.770259,76.924232,51939300
2014-01-30,77.86619,78.617953,77.78467,78.34623,65833600
2014-01-31,77.476687,78.509226,77.395167,78.137871,45187000
2014-02-03,77.992984,78.346221,76.14528,76.344543,65596900
2014-02-04,76.734028,77.214068,76.498535,76.90612,37675500
2014-02-05,76.652484,76.97855,75.846379,76.706833,41721800
2014-02-06,76.933264,77.784652,76.915146,77.68502,32308600
2014-02-07,78.119812,79.125181,77.893378,79.070839,38359400
2014-02-10,79.043635,79.559905,78.989293,79.523682,30205400
2014-02-11,79.695754,80.583379,79.605182,80.429405,38635500
2014-02-12,80.592456,80.764541,80.338844,80.583397,32507200
2014-02-13,79.99464,81.244554,79.976528,81.181152,40454500
2014-02-14,81.153981,81.525336,80.909435,81.344185,33212400
2014-02-18,81.480057,81.896695,81.280794,81.742722,29546600
2014-02-19,81.588738,81.778942,81.01812,81.181152,41749900
2014-02-20,81.235534,81.715573,80.89135,81.5616,41814800
2014-02-21,81.824229,81.941979,81.353249,81.452881,31192200
2014-02-24,81.64312,82.259021,81.552547,81.887672,31500400
2014-02-25,82.005381,82.168413,81.534394,81.797058,26771700
2014-02-26,82.01446,82.277118,81.398559,81.724625,42953700
2014-02-27,81.736447,82.336711,81.609118,82.25486,28742400
2014-02-28,82.236694,82.727823,81.43634,82.163933,48609800
2014-03-03,81.390841,81.772834,80.826957,81.55455,38885700
2014-03-04,82.445846,82.745982,82.363988,82.591362,33189000
2014-03-05,82.727831,82.964302,82.555024,82.818779,27203300
2014-03-06,83.009719,83.073384,82.445836,82.745972,24063900
2014-03-07,83.00971,83.091569,81.918318,82.336685,31167800
2014-03-10,82.291253,82.454962,81.881975,82.409485,18131700
2014-03-11,82.609549,82.81873,81.809188,82.054756,27484300
2014-03-12,81.681876,82.409476,81.381747,82.363998,27977200
2014-03-13,82.673239,82.700523,80.826962,81.199852,48542000
2014-03-14,80.936096,81.290799,80.608677,80.645058,38732300
2014-03-17,81.163445,81.772813,81.117975,81.354439,28467200
2014-03-18,81.454473,82.43673,81.427189,82.336685,31250200
2014-03-19,82.363987,82.454942,81.354446,81.891052,40869400
2014-03-20,81.636369,82.363961,81.472659,82.118401,31634500
2014-03-21,82.588808,82.634389,80.975321,81.130287,62754000
2014-03-24,81.422006,81.485816,79.680899,80.419273,77735300
2014-03-25,80.838606,81.358204,80.009068,80.68364,41723300
2014-03-26,81.084655,81.266975,79.635253,79.644371,40930400
2014-03-27,79.535024,79.890539,78.760186,79.197739,64784500
2014-03-28,79.452973,80.227811,79.133916,79.352699,39895100
2014-03-31,79.972592,80.455726,79.872318,79.917892,33924300
2014-04-01,80.309859,81.376401,79.954344,81.321709,38683800
2014-04-02,81.668111,81.750156,81.166748,81.53138,34631600
2014-04-03,81.613397,81.750134,80.419234,80.88414,30319100
2014-04-04,81.421989,81.504034,78.523176,78.732841,131213200
2014-04-07,78.240592,78.969849,77.4384,77.985352,83995800
2014-04-08,78.076492,78.814866,77.803016,78.705475,51495700
2014-04-09,78.997187,80.100193,78.787521,80.054611,45685200
2014-04-10,80.109299,80.109299,77.356343,77.575119,73659600
2014-04-11,76.882312,77.885051,76.490341,76.672653,93657400
2014-04-14,77.347227,77.684513,76.563271,77.2743,46500700
2014-04-15,77.556902,77.976227,75.916063,77.529556,84631500
2014-04-16,78.204117,78.559631,77.56601,78.559631,46970900
2014-04-17,78.258808,78.969836,78.05826,78.577858,53719500
2014-04-21,78.760174,79.161263,78.395542,79.161263,25947900
2014-04-22,79.434746,79.990808,79.298008,79.79026,38593400
2014-04-23,79.790267,79.817613,79.042774,79.088356,34376700
2014-04-24,80.391907,80.410135,78.988079,79.844955,48926300
2014-04-25,79.370933,79.462089,78.377318,78.568748,44334000
2014-04-28,78.942492,79.407398,77.584246,78.82399,58623800
2014-04-29,79.061017,79.598844,78.67815,79.452995,36742700
2014-04-30,79.088315,79.744651,78.887767,79.662605,38689400
2014-05-01,79.790259,80.355439,79.589711,79.899651,37127200
2014-05-02,80.17307,80.318925,79.562316,79.753746,40074200
2014-05-05,79.279801,80.191377,79.08837,80.173141,27924400
2014-05-06,80.04551,80.091092,79.09747,79.133934,33698500
2014-05-07,79.298007,79.380052,77.967106,78.906029,67489100
2014-05-08,78.623449,79.790265,78.441137,78.833115,46556900
2014-05-09,78.787524,79.179502,78.258808,79.124809,35081500
2014-05-12,79.59883,80.455714,79.525902,80.428368,38951100
2014-05-13,80.501299,80.774775,80.328104,80.48307,30311900
2014-05-14,80.236938,80.53776,79.872313,80.063744,26483600
2014-05-15,80.045469,80.182207,78.924235,79.434715,59680300
2014-05-16,79.525904,79.999927,78.978959,79.954346,66804100
2014-05-19,79.717325,80.638019,79.580594,80.510399,32017000
2014-05-20,80.473929,80.765633,79.890521,80.218689,33716000
2014-05-21,80.364541,81.029987,80.318959,80.984406,36837700
2014-05-22,81.075562,81.567814,80.947942,81.33992,30617100
2014-05-23,81.421999,81.950715,81.239687,81.93248,22687300
2014-05-27,82.297109,82.971674,82.224182,82.953445,29725200
2014-05-28,82.926098,83.044601,82.634394,82.698204,30468100
2014-05-29,82.989879,83.236001,82.825795,83.226891,33036100
2014-05-30,83.245164,83.363666,82.798493,83.236046,29906400
2014-06-02,83.336274,83.354509,82.625245,83.153961,30409900
2014-06-03,82.880519,83.254269,82.771134,83.117531,21774500
2014-06-04,82.907824,83.564159,82.780204,83.427422,20118300
2014-06-05,83.500389,84.284346,83.217803,84.129379,35583100
2014-06-06,84.439279,84.61248,84.275195,84.61248,22680600
2014-06-09,84.630737,84.758364,84.320804,84.548698,23399500
2014-06-10,84.475743,84.740101,84.37547,84.694527,20626000
2014-06-11,84.40284,84.794818,84.320801,84.676315,22878200
2014-06-12,84.493999,84.585156,83.618887,83.910591,35275900
2014-06-13,84.27521,84.366373,83.792076,84.156708,39447100
2014-06-16,84.010853,84.475752,83.828534,84.22963,25212300
2014-06-17,84.165823,84.503102,84.029085,84.275208,19977900
2014-06-18,84.357274,84.867755,83.846794,84.749252,34514000
2014-06-19,84.876839,84.931531,84.311659,84.694527,38422200
2014-06-20,84.73017,84.885559,84.574787,84.794151,25897500
2014-06-23,84.785019,84.839859,84.556513,84.812439,20837900
2014-06-24,84.803303,85.525384,84.483395,84.730179,31945800
2014-06-25,84.538224,85.415688,84.529089,85.269447,32818600
2014-06-26,85.324297,85.333439,84.657062,85.315155,22563900
2014-06-27,85.205448,85.708158,85.178028,85.68988,22877800
2014-06-30,85.671649,86.046396,85.616803,85.836174,19751900
2014-07-01,86.137796,87.006125,86.101234,86.777618,31862500
2014-07-02,86.832427,87.051791,86.750168,86.923828,18777300
2014-07-03,87.207183,87.472244,86.969534,87.472244,15291700
2014-07-07,87.371732,87.481418,87.042689,87.207214,23266400
2014-07-08,87.04265,87.106631,85.799575,86.156044,40612400
2014-07-09,86.384552,86.896404,86.137761,86.79586,29919000
2014-07-10,85.680744,86.878122,85.5802,86.521652,44245300
2014-07-11,86.741061,87.079247,86.475993,87.079247,19566300
2014-07-14,87.472257,87.801306,87.326016,87.60022,19579000
2014-07-15,87.737335,87.865298,86.677069,87.298607,39467500
2014-07-16,87.929273,88.020681,87.554526,87.645927,22052600
2014-07-17,87.408284,87.719056,86.210912,86.485123,43111500
2014-07-18,86.932965,87.90183,86.832421,87.856133,36682200
2014-07-21,87.673351,87.892723,87.335166,87.746475,29750700
2014-07-22,88.157807,88.44116,88.066406,88.304054,25770400
2014-07-23,88.614772,88.971241,88.450247,88.870705,28947500
2014-07-24,89.026113,89.126657,88.642224,88.770187,24707200
2014-07-25,88.313158,88.541664,87.956688,88.422836,29898900
2014-07-28,88.514276,88.678801,87.764775,88.450294,25603400
2014-07-29,88.642195,88.843275,88.221737,88.294861,27022200
2014-07-30,88.78846,88.952985,88.294885,88.64222,35348500
2014-07-31,87.911012,88.057252,86.722775,86.850739,50047900
2014-08-01,86.667951,87.143241,85.955012,86.530846,60708000
2014-08-04,86.71363,87.463131,86.393716,87.124939,33230500
2014-08-05,86.777617,87.024401,86.055536,86.457703,50331100
2014-08-06,85.918447,86.933017,85.845324,86.393738,34431900
2014-08-07,86.795884,86.960409,85.817877,86.119507,33274700
2014-08-08,86.256633,86.841609,85.891022,86.741066,40236900
2014-08-11,87.079255,87.527133,87.015273,87.252922,28277500
2014-08-12,87.1615,87.444846,86.768468,87.216339,28152300
2014-08-13,87.572813,88.176073,87.527115,88.139511,27996500
2014-08-14,88.258305,88.614774,88.139484,88.596497,25006600
2014-08-15,89.108374,89.236337,88.185213,89.026115,55205500
2014-08-18,89.492252,89.793875,89.364282,89.711617,38938300
2014-08-19,89.921852,90.269186,89.867013,90.21434,21363400
2014-08-20,90.141223,90.39715,90.058958,90.21434,23435600
2014-08-21,90.260035,90.442838,90.12293,90.397141,19339500
2014-08-22,90.433713,90.717058,90.232626,90.534256,24692000
2014-08-25,90.963827,91.110075,90.634785,90.854149,24124700
2014-08-26,90.991268,91.046108,90.735335,90.945564,20100400
2014-08-27,90.972979,91.073522,90.771892,90.963837,15589100
2014-08-28,90.65306,90.972967,90.561659,90.863289,23563900
2014-08-29,91.064357,91.32029,90.735307,91.201462,17906300
2014-09-02,91.420841,91.493965,91.091798,91.466545,18326800
2014-09-03,91.713355,91.713355,90.762775,90.927299,25950700
2014-09-04,91.137512,91.603667,90.616518,90.845024,24663500
2014-09-05,90.982102,91.356849,90.515947,91.30201,30798200
2014-09-08,91.329453,91.704207,91.055249,91.4757,25571300
2014-09-09,91.484827,91.823019,90.543382,90.717049,36449200
2014-09-10,90.835865,91.503107,90.579939,91.466545,31080100
2014-09-11,91.073517,91.439129,90.707906,91.393425,28691900
2014-09-12,91.311189,91.338608,90.643947,90.927299,30444400
2014-09-15,91.027843,91.036985,89.775632,90.049835,32972200
2014-09-16,89.711651,91.009567,89.62025,90.835899,38166900
2014-09-17,90.817602,91.402578,90.42457,90.972984,37196500
2014-09-18,91.256327,91.667643,91.155791,91.658501,30196700
2014-09-19,92.04148,92.133098,91.235226,91.601707,46918000
2014-09-22,91.381815,91.390979,90.355675,90.749641,48658000
2014-09-23,90.383155,90.905389,90.319021,90.502258,33989600
2014-09-24,90.593906,91.51927,90.282401,91.473457,35959000
2014-09-25,91.180228,91.299338,89.512744,89.549393,68642500
2014-09-26,89.842593,90.667175,89.686841,90.502258,56106200
2014-09-29,89.604402,90.630542,89.558589,90.383171,33342700
2014-09-30,90.630525,90.978685,90.080806,90.511421,41834300
2014-10-01,90.25486,90.346478,88.779777,89.063797,58164900
2014-10-02,89.027148,89.33866,87.927711,89.063797,54501300
2014-10-03,89.586034,90.309833,89.27453,89.943352,41627800
2014-10-06,90.227412,90.447298,89.476128,89.750984,36038700
2014-10-07,89.329537,89.586072,88.468306,88.47747,45154000
2014-10-08,88.523279,90.483948,88.010202,90.199921,64931600
2014-10-09,90.080808,90.309858,88.605725,88.743156,62497100
2014-10-10,88.220893,88.715642,86.507597,86.525925,77579400
2014-10-13,86.370195,87.029861,85.096678,85.169975,80835900
2014-10-14,85.701357,86.27856,84.940909,85.179123,71814500
2014-10-15,83.896439,84.98672,82.677892,84.629402,108847800
2014-10-16,82.842811,84.821806,82.815326,84.098007,93165800
2014-10-17,85.206604,86.022021,84.711855,85.206604,69546700
2014-10-20,85.197444,86.553423,85.023371,86.480125,41479300
2014-10-21,87.552055,88.752281,87.332169,88.752281,53609800
2014-10-22,89.027153,89.146263,88.23922,88.294197,39178000
2014-10-23,89.182917,90.117445,89.027164,89.622696,48123800
2014-10-24,89.815121,90.419816,89.457803,90.355682,43157600
2014-10-27,90.181578,90.584708,89.805933,90.419792,29545700
2014-10-28,90.84125,91.803256,90.777116,91.784935,34495100
2014-10-29,91.482595,91.729973,90.795444,91.445946,40552800
2014-10-30,91.033663,91.858245,90.832098,91.638351,35935800
2014-10-31,93.159199,93.223333,92.600317,92.902664,54254100
2014-11-03,93.067619,93.424937,92.930188,93.177559,33481000
2014-11-04,92.884372,93.104265,92.23387,92.866051,22773300
2014-11-05,93.479887,93.479887,92.554523,92.875198,25818600
2014-11-06,92.866041,93.195873,92.46291,93.168388,24671900
2014-11-07,93.3333,93.369949,92.600337,93.085922,20931700
2014-11-10,93.131759,93.534883,92.884381,93.415779,20360000
2014-11-11,93.434083,93.708939,93.177541,93.708939,15454000
2014-11-12,93.333309,93.974646,93.333309,93.873863,22050300
2014-11-13,94.047966,94.625169,93.837236,94.277016,28027800
2014-11-14,94.249499,94.570168,93.937987,94.570168,19251300
2014-11-17,94.350297,94.561019,93.83722,94.286163,23361600
2014-11-18,94.368599,95.119883,94.359435,94.991615,26336800
2014-11-19,94.890868,94.890868,94.121263,94.561035,23760200
2014-11-20,94.157879,95.064922,94.084588,94.98246,22874000
2014-11-21,95.825384,95.91701,94.863378,95.165726,34049100
2014-11-24,95.42226,95.953657,95.339798,95.907845,17928300
2014-11-25,96.054413,96.33844,95.807042,96.054413,17526000
2014-11-26,96.146054,96.732421,96.045271,96.677444,18973800
2014-11-28,96.933987,97.346275,96.869854,97.126389,17360400
2014-12-01,96.8607,97.043938,95.669637,96.026955,35969500
2014-12-02,96.127716,96.585816,95.926151,96.411743,26031300
2014-12-03,96.558346,96.723262,95.981142,96.585831,32974300
2014-12-04,96.494196,96.915647,96.136878,96.540009,31008800
2014-12-05,96.695759,96.842348,96.338442,96.549164,25622200
2014-12-08,96.30184,96.723291,95.358154,95.862061,32685800
2014-12-09,94.744269,96.237673,94.405273,96.164375,46035100
2014-12-10,95.9903,96.228515,94.478576,94.652649,39330100
2014-12-11,94.927505,96.237672,94.909177,95.101585,47576000
2014-12-12,94.194552,95.275668,94.057127,94.066284,46889400
2014-12-15,94.551863,94.900024,92.829409,93.095108,52968400
2014-12-16,92.508744,93.883044,91.58338,91.601707,65348600
2014-12-17,91.665837,93.53488,91.546727,93.269188,79715300
2014-12-18,94.606842,95.523042,94.350307,95.513878,49840900
2014-12-19,95.612287,96.320387,95.373185,95.934151,51419900
2014-12-22,95.777799,96.20082,95.731815,96.173233,33869200
2014-12-23,96.522688,96.531886,95.722621,95.832977,30156900
2014-12-24,95.952519,96.283581,95.888147,95.915741,14291300
2014-12-26,96.191628,96.798576,96.16404,96.59626,13924300
2014-12-29,96.504256,96.789334,96.449074,96.57782,17073800
2014-12-30,96.301998,96.522703,95.805405,95.934151,18604000
2014-12-31,96.099659,96.476704,94.812198,94.950142,24367100
2015-01-02,95.419168,95.823794,94.205278,94.665085,31314600
2015-01-05,94.25124,94.361596,93.009762,93.276451,36521300
2015-01-06,93.414376,93.570708,91.611933,92.025757,66205500
2015-01-07,92.632735,93.432795,92.412023,93.21209,37577400
2015-01-08,94.002962,95.180067,93.901804,94.996147,40212600
2015-01-09,95.290426,95.318013,93.819037,94.370811,41410100
2015-01-12,94.554702,94.65586,93.147693,93.386795,34129800
2015-01-13,94.29721,95.290394,92.605116,93.3592,56162300
2015-01-14,92.421209,93.322434,92.025775,92.844231,51354200
2015-01-15,93.276422,93.423557,91.529155,91.639511,51005400
2015-01-16,91.519999,92.835047,91.372864,92.7155,35362200
2015-01-20,93.276458,93.690282,92.228099,93.451187,30964100
2015-01-21,93.175291,94.370793,92.84423,93.929375,40128800
2015-01-22,94.297219,95.7686,93.469565,95.667442,40887200
2015-01-23,95.658247,96.173236,95.382367,95.87896,34783000
2015-01-26,95.768585,95.943314,95.281191,95.768585,19960900
2015-01-27,94.260449,94.315623,92.972987,93.28566,45253200
2015-01-28,94.784621,94.885779,92.78906,92.807449,43591700
2015-01-29,92.73385,93.874176,91.924593,93.699448,46539700
2015-01-30,93.616703,94.334001,92.844224,92.972969,42927600
2015-02-02,93.184499,93.865011,91.731507,93.782249,43624700
2015-02-03,94.122484,94.747821,93.506344,94.683449,30750400
2015-02-04,94.297203,95.226015,94.085689,94.600677,34073200
2015-02-05,94.839782,95.483516,94.600688,95.419144,23605500
2015-02-06,95.566286,95.79619,94.499538,94.83979,34169300
2015-02-09,94.471958,94.98694,94.306428,94.536331,22604700
2015-02-10,95.060482,96.136428,94.91334,96.007683,23686500
2015-02-11,96.118053,96.57786,95.934133,96.357155,20303600
2015-02-12,96.982511,97.515888,96.835376,97.479103,22520300
2015-02-13,97.754968,98.334322,97.571041,98.315933,29030200
2015-02-17,98.31593,98.472263,98.067631,98.40789,17675300
2015-02-18,98.28834,98.601012,98.159594,98.545837,15149600
2015-02-19,98.481429,99.097576,98.453842,99.033203,19828100
2015-02-20,98.96887,99.750541,98.656198,99.695366,28336700
2015-02-23,99.640146,99.824073,99.41944,99.796478,17868000
2015-02-24,99.66777,99.989641,99.364303,99.870087,19745000
2015-02-25,99.722931,100.109167,99.40106,99.621773,19472300
2015-02-26,99.722976,100.182783,99.447089,100.127602,22255500
2015-02-27,100.090783,100.155162,99.529825,99.686157,27757600
2015-03-02,99.87928,100.624165,99.860884,100.587379,22988600
2015-03-03,100.283908,100.385067,99.483842,100.118378,20788900
2015-03-04,99.787344,99.934479,99.189593,99.732162,21007400
2015-03-05,99.989622,100.210327,99.493029,99.906853,15381000
2015-03-06,99.778141,99.971259,98.527465,98.775764,30990400
2015-03-09,98.97806,99.309122,98.573435,99.060829,26237100
2015-03-10,98.352717,98.380311,97.221596,97.221596,34234500
2015-03-11,97.368706,97.48826,96.623821,96.660606,25459700
2015-03-12,96.587052,97.405508,96.522679,97.295158,21473200
2015-03-13,97.203201,97.589444,96.265197,96.872139,42021100
2015-03-16,97.230791,98.159596,97.129633,98.12281,25674100
2015-03-17,97.856146,98.4355,97.626242,98.279167,19603800
2015-03-18,98.012449,99.695344,97.506658,99.244728,40622200
2015-03-19,99.345893,99.667756,99.198758,99.391876,31314000
2015-03-20,100.210386,100.53299,100.016824,100.035255,31761400
2015-03-23,99.979951,100.256465,99.80482,99.84169,17268500
2015-03-24,99.832463,100.293327,99.463777,99.482208,22445300
2015-03-25,99.638931,99.731103,97.168696,97.205566,41581400
2015-03-26,96.403634,97.426754,96.081031,96.873718,47846300
2015-03-27,96.855293,97.491281,96.707813,97.260849,33878400
2015-03-30,97.850744,98.459081,97.850744,98.376129,30570200
2015-03-31,98.099624,98.302405,97.306936,97.334587,30488100
2015-04-01,97.33456,97.352999,96.200838,96.827614,32970500
2015-04-02,96.919794,97.205528,96.578752,96.892143,19164200
2015-04-06,96.32069,97.952148,96.17321,97.684853,24451100
2015-04-07,97.629524,98.348471,97.518921,97.518921,19379400
2015-04-08,97.555804,98.431451,97.546592,98.29319,25866900
2015-04-09,98.247105,98.947621,97.915289,98.910751,23114700
2015-04-10,98.873874,99.325526,98.652661,99.316307,17164300
2015-04-13,99.390017,99.896964,98.956803,99.067413,17783500
2015-04-14,98.96605,99.251784,98.219445,98.7817,23755700
2015-04-15,99.039772,99.611247,98.91995,99.399246,21128600
2015-04-16,99.13193,99.436095,98.993669,99.260971,16195300
2015-04-17,98.311627,98.578922,97.288507,97.712502,46514000
2015-04-20,98.201024,99.353186,98.164154,99.178055,28945900
2015-04-21,99.749523,99.924654,99.482221,99.602043,22759800
2015-04-22,99.86011,100.311763,99.214903,100.145851,21429200
2015-04-23,99.804788,100.975387,99.786356,100.523735,29473200
2015-04-24,101.583752,102.026185,101.41784,101.887924,32508100
2015-04-27,102.265818,102.459387,101.408609,101.629829,31121300
2015-04-28,101.7036,101.89717,100.569877,101.427086,36849200
2015-04-29,100.864801,101.454707,100.238025,100.791061,34043900
2015-04-30,100.219573,100.625129,98.68028,99.205666,44080500
2015-05-01,99.59282,100.57907,99.574382,100.514549,32874300
2015-05-04,100.837166,101.307249,100.625165,100.680473,23507300
2015-05-05,100.284119,100.468462,98.993697,99.03978,47843300
2015-05-06,99.214928,99.500662,97.703293,98.357719,42687200
2015-05-07,98.330045,99.224123,98.256305,98.947601,29335800
2015-05-08,99.970754,100.394748,99.823281,100.182755,33023300
2015-05-11,100.247246,100.450027,99.72186,99.795593,19679300
2015-05-12,99.205703,99.850917,98.440673,99.343964,33665000
2015-05-13,99.777162,100.293328,99.39925,99.54673,20738400
2015-05-14,100.357845,101.086012,99.989159,101.003059,23904200
2015-05-15,101.261142,101.399403,100.754189,101.003059,23937400
2015-05-18,100.837158,101.648277,100.763418,101.445496,17631100
2015-05-19,101.55609,101.712782,101.168966,101.334877,14212900
2015-05-20,101.408634,102.007759,100.864817,101.399422,21131900
2015-05-21,101.224289,102.063065,101.076816,101.924805,16771800
2015-05-22,101.804964,102.192095,101.740443,101.823402,13543800
2015-05-26,101.602173,101.740427,100.24723,100.652786,25488400
2015-05-27,100.956997,102.38568,100.735784,102.27507,30572700
2015-05-28,102.081502,102.321154,101.731247,102.044632,17302400
2015-05-29,101.980088,102.118349,101.19662,101.436272,30383000
2015-06-01,101.980118,102.053858,100.947778,101.777336,24570200
2015-06-02,101.399403,101.952439,100.901668,101.454704,19449600
2015-06-03,101.915565,102.136778,101.510002,101.758873,20507200
2015-06-04,101.187408,101.832623,100.662023,100.984627,31374600
2015-06-05,100.864817,101.104469,100.127431,100.744995,22641700
2015-06-08,100.698924,100.772664,99.519112,99.721893,24549200
2015-06-09,99.482206,99.91542,98.809341,99.555946,27554600
2015-06-10,99.897008,101.215081,99.786405,100.920128,30297900
2015-06-11,101.261166,101.528469,100.892473,101.067604,17593500
2015-06-12,100.53299,100.744991,100.099776,100.238037,27201800
2015-06-15,99.491424,99.89698,98.91073,99.740288,31238800
2015-06-16,99.638881,100.450007,99.592799,100.284096,16456900
2015-06-17,100.45002,100.883227,99.943066,100.560623,23296700
2015-06-18,100.929302,102.201285,100.874,102.026161,43032400
2015-06-19,102.076052,102.159202,101.447834,101.521744,27877600
2015-06-22,102.270073,102.574945,102.039111,102.270073,19120900
2015-06-23,102.38094,102.445609,101.928256,102.353226,18127900
2015-06-24,102.233141,102.667344,101.798931,101.826645,15815900
2015-06-25,102.223893,102.325517,101.457097,101.62339,18326700
2015-06-26,101.604898,101.83586,100.570185,100.948959,32311700
2015-06-29,99.831129,100.385444,98.519265,98.56546,50874900
2015-06-30,99.304519,99.517007,98.611632,98.916504,34809900
2015-07-01,99.895774,100.099022,99.239843,99.701767,21293000
2015-07-02,99.988191,100.071334,99.424643,99.729507,20499400
2015-07-06,99.101265,100.071309,98.888783,99.49852,24311000
2015-07-07,99.609392,99.840354,97.770934,99.747971,44230800
2015-07-08,99.036612,99.156717,97.826372,98.011139,39691500
2015-07-09,99.313778,99.406162,97.946479,97.955719,28381000
2015-07-10,99.258339,99.821888,98.898039,99.452347,26415800
2015-07-13,100.311508,101.281545,100.302268,101.198402,25780700
2015-07-14,101.336993,102.140737,101.281557,101.863586,21977200
2015-07-15,102.057576,102.371682,101.688035,101.974426,28631500
2015-07-16,102.815131,103.434108,102.611883,103.415634,29838900
2015-07-17,104.247108,104.939995,104.071582,104.939995,35926800
2015-07-20,105.161729,105.679083,104.838384,105.300308,26539000
2015-07-21,105.337251,105.503544,104.930762,105.235634,35468900
2015-07-22,103.628148,104.551997,103.628148,104.043884,35575000
2015-07-23,104.145499,104.487319,103.387943,103.655853,25698300
2015-07-24,104.210165,104.394932,102.482565,102.639618,30844700
2015-07-27,102.057613,102.501056,101.567974,101.789696,35994800
2015-07-28,102.242373,102.870591,101.429389,102.667343,33553500
2015-07-29,102.889066,103.277081,102.49181,103.055359,26714100
2015-07-30,102.815134,103.720502,102.196157,103.544975,25438100
2015-07-31,103.868332,103.92376,103.2124,103.424881,22081700
2015-08-03,103.443382,103.729773,102.417909,103.101555,25001800
2015-08-04,103.055366,103.240133,102.482577,102.907547,22132300
2015-08-05,103.480327,104.394936,103.360223,103.702049,28989900
2015-08-06,103.794438,103.933017,101.577199,102.039124,42125400
2015-08-07,101.789677,102.149977,101.069076,101.909775,30006800
2015-08-10,102.556476,103.295551,102.547236,103.07383,21500800
2015-08-11,102.528753,102.926008,101.189168,101.752716,36123300
2015-08-12,101.050588,102.307023,99.978927,102.103775,41889000
2015-08-13,102.205409,102.695055,101.715771,101.937492,22510500
2015-08-14,101.697296,102.242363,101.494048,102.094551,17924900
2015-08-17,101.845106,102.972203,101.586429,102.944489,21224900
2015-08-18,102.805884,102.889034,102.279291,102.41787,13984400
2015-08-19,102.103777,102.648852,101.152214,101.743477,42511400
2015-08-20,100.801155,101.124501,98.916503,98.925743,57747300
2015-08-21,97.530718,98.362184,94.602119,94.602119,97763400
2015-08-24,87.054296,94.722239,78.286964,90.962173,150829900
2015-08-25,94.297252,94.916229,90.546428,90.620331,75088300
2015-08-26,93.271806,95.368948,91.396394,95.184174,104103800
2015-08-27,96.560685,97.660067,95.415114,97.595398,69377700
2015-08-28,97.078063,97.928003,96.865575,97.576942,49919600
2015-08-31,97.031856,97.56769,96.126488,96.366684,39549400
2015-09-01,93.964687,95.42437,92.966928,93.35495,73155500
2015-09-02,95.045593,96.006397,93.95545,95.987923,43963600
2015-09-03,96.366694,97.022626,95.248837,95.516754,45131800
2015-09-04,94.204899,95.017883,93.853831,94.380432,49379600
2015-09-08,96.19116,97.161197,95.793905,97.0411,37343500
2015-09-09,98.186648,98.214362,95.701492,95.950935,47146700
2015-09-10,95.8401,97.632369,95.729242,96.994911,47686700
2015-09-11,96.551484,97.530762,96.274326,97.530762,29106100
2015-09-14,97.891047,97.909528,96.865574,97.235115,19718800
2015-09-15,97.466075,98.685556,97.105775,98.380684,30020200
2015-09-16,98.39914,99.027358,98.057313,98.934967,31329100
2015-09-17,98.833337,100.450072,98.519225,98.971909,56139800
2015-09-18,97.453158,98.721906,97.397588,97.564285,48384000
2015-09-21,98.101428,98.67561,96.990114,97.869904,35772600
2015-09-22,96.369587,96.702982,95.508317,96.406631,47359700
2015-09-23,96.66596,96.925273,95.98065,96.480743,21775100
2015-09-24,95.545392,96.490015,94.711904,96.128838,38284300
2015-09-25,97.156803,97.249411,94.721164,95.313866,44700000
2015-09-28,94.906396,94.971223,92.322586,92.60041,44077500
2015-09-29,92.831888,93.77651,91.452007,92.118797,49315500
2015-09-30,93.433902,94.34148,93.072725,94.239609,41411400
2015-10-01,94.40629,94.674859,93.156054,94.665596,39339100
2015-10-02,93.350534,96.323303,93.054184,96.323303,59370900
2015-10-05,97.036395,97.962492,96.823397,97.703186,32853500
2015-10-06,97.471644,97.795776,96.480721,97.24012,33051500
2015-10-07,97.851351,98.036568,96.582597,97.823563,37389300
2015-10-08,97.453148,98.379245,96.508526,98.212547,50188900
2015-10-09,98.258829,98.842275,97.990261,98.657051,23916200
2015-10-12,98.842294,99.083074,98.490373,98.897858,16162000
2015-10-13,98.332932,99.333118,98.166234,98.258842,26999600
2015-10-14,98.258868,98.749698,97.693948,98.101433,30902600
2015-10-15,98.462593,99.722085,98.33294,99.712822,38393800
2015-10-16,99.925805,100.185111,99.444231,100.129547,27091100
2015-10-19,99.99993,100.768585,99.777661,100.703758,23776300
2015-10-20,100.527778,100.740776,99.842461,100.18512,23404700
2015-10-21,100.694497,100.796361,99.536876,99.573914,30195200
2015-10-22,100.462956,101.685403,100.175861,101.602051,42778700
2015-10-23,104.334025,104.871156,103.787625,104.445152,53170900
2015-10-26,104.371101,104.71376,103.97288,104.510017,25918000
2015-10-27,104.232177,104.871179,104.204388,104.723007,31390500
2015-10-28,104.880445,105.593536,104.037694,105.593536,42221900
2015-10-29,105.111965,105.602795,105.000831,105.426834,24913300
2015-10-30,105.473118,105.649078,104.926724,104.954506,27199200
2015-11-02,105.232353,106.269584,105.010092,106.139931,22176900
2015-11-03,105.926923,106.890064,105.769488,106.510368,20418400
2015-11-04,106.862304,106.936393,106.075123,106.519646,28633000
2015-11-05,106.61227,106.871576,105.67691,106.232567,25004100
2015-11-06,106.028824,106.427046,105.352777,106.306656,29924900
2015-11-09,105.908413,106.047329,104.528531,105.176796,33479800
2015-11-10,104.621131,105.01009,104.306254,104.908218,35452100
2015-11-11,105.195328,105.704684,104.602627,104.778587,22748800
2015-11-12,104.352574,104.86193,103.685783,103.759872,31196900
2015-11-13,103.324608,103.435742,101.666894,101.722458,52836000
2015-11-16,101.620578,103.204202,101.389054,103.185677,33980600
2015-11-17,103.36163,103.991376,102.99119,103.250496,30579500
2015-11-18,103.667262,105.334232,103.565391,105.232361,32966500
2015-11-19,105.287931,105.788024,105.102707,105.30645,26188100
2015-11-20,105.806534,106.102884,105.704662,106.019539,22727600
2015-11-23,106.056579,106.445545,105.260143,105.713928,20696200
2015-11-24,105.028614,105.871358,104.500732,105.621315,26374400
2015-11-25,105.778755,105.908408,105.491667,105.713928,14159900
2015-11-27,105.945451,106.075104,105.500922,105.862099,8828000
2015-11-30,106.176982,106.176982,105.250885,105.593536,25041600
2015-12-01,106.019546,106.649292,105.889886,106.649292,28639400
2015-12-02,106.732617,107.195666,105.834303,105.991737,22395500
2015-12-03,106.278847,106.464063,103.574639,104.195129,42754300
2015-12-04,104.510013,106.806736,104.297015,106.630775,40037300
2015-12-07,106.704865,106.769691,105.639852,106.149208,25892100
2015-12-08,105.037871,106.501106,105.000827,106.158447,30792600
2015-12-09,105.695408,106.278854,103.908042,104.54705,48509200
2015-12-10,104.787824,105.723183,104.472948,105.019348,30154600
2015-12-11,103.806155,104.083987,102.537407,102.602234,56022200
2015-12-14,102.741171,103.42648,101.296455,103.380173,53098500
2015-12-15,104.334042,104.908218,103.88025,104.009903,48428000
2015-12-16,104.713737,105.732442,103.620943,105.556488,44944100
2015-12-17,106.019553,106.019553,104.000661,104.01918,45668800
2015-12-18,103.695903,103.928134,102.023842,102.023842,53746100
2015-12-21,102.989921,103.175703,102.228202,103.157127,26432800
2015-12-22,103.705179,103.983859,103.157117,103.835228,26540300
2015-12-23,104.373985,104.680532,104.188203,104.606216,25656900
2015-12-24,104.606229,104.875618,104.541204,104.587646,11468600
2015-12-28,104.336848,104.550504,103.584421,104.531921,19183600
2015-12-29,105.154301,106.408356,105.089277,106.176125,27725700
2015-12-30,106.083215,106.120373,105.200739,105.219315,19520100
2015-12-31,104.847785,105.042859,103.890986,103.909569,29886800
2016-01-04,101.670897,101.810237,100.435432,101.717346,50807600
2016-01-05,102.218905,102.348954,101.06704,101.540787,38795200
2016-01-06,99.775845,101.15065,99.775845,100.56543,41891100
2016-01-07,98.419592,99.664356,97.360619,97.416359,61386300
2016-01-08,98.122347,98.735441,96.51531,96.617493,69344000
2016-01-11,97.304888,97.592853,95.428463,96.914742,50024100
2016-01-12,97.843684,98.540378,96.682528,98.038757,46734200
2016-01-13,98.438196,98.679718,94.508839,94.657471,69870700
2016-01-14,95.029046,97.518566,93.514894,96.673241,78445700
2016-01-15,93.468441,94.694621,92.437333,93.672798,91443900
2016-01-19,94.945409,95.09404,92.781012,93.877144,56563800
2016-01-20,92.400165,94.592428,90.33795,93.589188,86675000
2016-01-21,93.98863,95.075471,92.725292,93.682083,61660100
2016-01-22,95.567826,96.431727,95.242704,96.394569,42229800
2016-01-25,96.050868,96.598931,94.88042,94.964027,38881500
2016-01-26,95.363432,96.227326,94.527398,95.818604,36143900
2016-01-27,95.26125,95.669972,93.031829,93.431267,54524700
2016-01-28,94.98259,95.019748,93.134031,94.750359,47641500
2016-01-29,94.722484,96.766116,94.694617,96.728958,54245100
2016-02-01,96.264492,97.35134,95.892928,96.989059,32750300
2016-02-02,96.543164,96.580322,94.601707,94.889679,44928100
2016-02-03,95.521357,95.521357,92.781024,94.434517,61572900
2016-02-04,94.183687,95.177636,93.301211,94.425209,49321600
2016-02-05,94.090824,94.127982,90.774562,91.146133,70749900
2016-02-08,89.446207,90.152192,88.099261,89.752754,91673100
2016-02-09,88.554404,90.830267,88.415063,89.474037,73778400
2016-02-10,90.505136,91.675583,89.752709,89.817734,59421700
2016-02-11,88.675204,90.403006,88.424398,89.687737,76839200
2016-02-12,90.700234,91.146121,89.854916,91.053223,49186500
2016-02-16,92.400163,93.106148,91.824227,93.106148,40565900
2016-02-17,93.784283,95.344877,93.54276,95.214828,41766500
2016-02-18,95.512072,95.530647,94.007211,94.127975,38991500
2016-02-19,93.67278,94.694603,93.468422,94.406631,28257900
2016-02-22,95.289109,96.032245,95.196218,95.939354,23979100
2016-02-23,95.382015,95.642113,94.295175,94.360199,29869700
2016-02-24,93.254787,95.382026,92.678851,95.261269,40739100
2016-02-25,95.45635,96.199486,94.601733,96.199486,29389300
2016-02-26,96.933322,96.951904,95.846481,96.078712,30925000
2016-02-29,95.985838,96.701107,95.214828,95.214828,27553900
2016-03-01,96.125181,98.270996,95.827925,98.270996,37699800
2016-03-02,98.150228,98.326719,97.546425,98.308144,29209800
2016-03-03,98.205944,98.233811,97.41636,98.122337,25474600
2016-03-04,98.233808,98.791162,97.509248,98.159492,31655400
2016-03-07,97.657869,98.224514,96.858993,97.555687,25861200
2016-03-08,96.886876,97.732194,96.580329,96.747536,28898500
2016-03-09,97.109836,97.388509,96.571058,97.369934,31047400
2016-03-10,97.778629,98.335982,95.967221,97.221275,44236100
2016-03-11,98.270982,98.921227,97.964435,98.921227,31454000
2016-03-14,98.549647,99.320656,98.52178,99.088425,25374900
2016-03-15,98.735431,99.162735,98.419593,99.051262,26524600
2016-03-16,98.809748,100.193844,98.781874,99.933746,31693100
2016-03-17,99.645798,100.11026,99.274233,99.878029,29623700
2016-03-18,100.118417,100.286119,99.503511,100.034569,37682300
2016-03-21,99.857524,100.519017,99.801626,100.42585,17288600
2016-03-22,99.857525,100.966227,99.838894,100.733307,18840300
2016-03-23,100.537665,100.612194,99.680513,99.904121,20912900
2016-03-24,99.419633,99.96001,99.25193,99.93206,19017300
2016-03-28,100.211535,100.230173,99.615261,99.792282,13892300
2016-03-29,99.605966,101.460008,99.438263,101.394791,29963900
2016-03-30,102.000407,102.522146,101.674314,101.888603,23807200
2016-03-31,101.81403,102.196023,101.58111,101.739494,21447200
2016-04-01,101.124601,102.857527,100.984847,102.820259,26389000
2016-04-04,102.820259,102.894795,102.186716,102.428955,17163000
2016-04-05,101.637051,102.019043,101.310964,101.441399,20107900
2016-04-06,101.543869,103.146361,101.543869,103.109093,25056000
2016-04-07,102.512825,102.699166,101.18984,101.627731,28567200
2016-04-08,102.261256,102.503488,101.199141,101.553177,22898000
2016-04-11,101.991076,102.503496,101.171193,101.180511,25772100
2016-04-12,101.255031,102.22398,100.640119,102.028328,28564100
2016-04-13,102.810949,103.491079,102.680514,103.332695,25356700
2016-04-14,103.351322,103.723995,102.484858,103.342003,17199700
2016-04-15,103.258137,103.47242,102.820246,103.081116,21353300
2016-04-18,102.783011,103.668105,102.717794,103.630844,17126100
2016-04-19,103.82651,103.82651,102.373083,102.997314,42481400
2016-04-20,102.997268,103.556275,102.643225,103.081116,18078300
2016-04-21,103.02526,103.463151,102.624637,103.090477,20216000
2016-04-22,101.748821,102.22398,100.733293,101.534538,39074000
2016-04-25,101.227082,101.54385,101.040742,101.534538,14351900
2016-04-26,101.748843,101.916546,100.733315,101.040764,19118300
2016-04-27,100.006563,100.463091,99.400976,100.230171,33059800
2016-04-28,100.341989,100.928953,98.823353,99.019005,29818200
2016-04-29,99.019015,99.223986,97.714661,98.497276,67502800
2016-05-02,98.74881,99.568693,98.338875,99.42894,24813800
2016-05-03,98.720874,99.168084,98.245715,98.506592,38569400
2016-05-04,97.910323,98.273685,97.630823,97.873062,27474500
2016-05-05,98.227062,98.441352,97.649418,97.84507,20788100
2016-05-06,97.360605,98.385452,97.267438,98.366821,30758500
2016-05-09,98.376159,99.102876,98.329579,98.646347,19289600
2016-05-10,99.000341,100.043818,98.823319,99.997238,21178900
2016-05-11,99.848218,100.146356,99.06561,99.093559,20966300
2016-05-12,99.326458,99.447574,97.956887,98.655647,29196300
2016-05-13,98.571789,99.177376,98.09663,98.292282,21059300
2016-05-16,98.441372,99.885472,98.348198,99.522118,18311900
2016-05-17,99.438252,99.72707,98.012775,98.273651,29932700
2016-05-18,98.050071,99.158774,97.863738,98.627716,27524400
2016-05-19,98.245715,98.487954,97.397889,98.11528,27334600
2016-05-20,98.50658,99.596645,98.450675,99.196022,29549600
2016-05-23,99.307829,99.661873,98.972431,99.065598,15729800
2016-05-24,99.61529,101.171195,99.587341,101.050079,29931300
2016-05-25,101.432047,102.08422,101.255025,101.776764,37951700
2016-05-26,101.879238,102.205325,101.636999,102.07489,21885900
2016-05-27,102.140162,102.615322,102.121532,102.606003,19870000
2016-05-31,102.745707,102.959996,102.279867,102.801605,24366100
2016-06-01,102.484857,103.043864,102.401009,102.810944,19571500
2016-06-02,102.605985,103.034557,102.046978,103.025246,15696600
2016-06-03,102.829582,102.876162,101.869945,102.540756,20269900
2016-06-06,102.727104,103.183625,102.550082,102.913437,12502400
2016-06-07,102.969333,103.071818,102.605978,102.652565,12184300
2016-06-08,102.829559,103.043842,102.447567,102.829559,14568700
2016-06-09,102.41033,102.773685,102.214678,102.661888,17571600
2016-06-10,101.730196,101.925848,101.143233,101.497276,32965000
2016-06-13,100.91964,101.487966,100.519017,100.649452,25154700
2016-06-14,100.379264,101.012807,99.913424,100.649452,24588500
2016-06-15,100.891676,101.03143,100.192916,100.360619,24605700
2016-06-16,99.866848,100.751942,99.223986,100.658775,32079900
2016-06-17,100.450449,100.590575,99.245379,99.47892,29208800
2016-06-20,100.637292,101.11371,100.030086,100.10482,20562800
2016-06-21,100.235595,100.627941,100.048758,100.422424,22804100
2016-06-22,100.478466,101.066993,100.095464,100.179535,22724200
2016-06-23,100.954862,101.62746,100.534492,101.608772,18714200
2016-06-24,97.993599,99.488257,97.208899,97.423759,68012700
2016-06-27,96.779192,96.779192,95.050994,95.490051,48222600
2016-06-28,96.54566,97.629292,96.498956,97.582581,28260600
2016-06-29,98.348582,99.516285,98.301879,99.310768,31356700
2016-06-30,99.478912,100.525177,99.142614,100.459785,36300800
2016-07-01,100.413074,101.3379,100.375707,100.964233,19902800
2016-07-05,100.431757,100.571883,99.805863,100.347679,21167900
2016-07-06,99.871262,101.21645,99.553643,101.169746,24579300
2016-07-07,101.263172,101.692886,100.992264,101.468689,19161700
2016-07-08,102.010502,103.094133,101.842352,103.038086,29457900
2016-07-11,103.383741,104.009628,103.374404,103.626625,20218500
2016-07-12,104.261852,104.430001,104.009624,104.14975,21906100
2016-07-13,104.392588,104.45798,103.88814,103.897484,21107800
2016-07-14,104.588765,104.803626,104.345881,104.607452,20871000
2016-07-15,104.850342,104.906397,104.205775,104.439316,17999300
2016-07-18,104.504743,105.31746,104.486056,105.13063,20713900
2016-07-19,104.766284,105.074559,104.560767,104.747597,18936700
2016-07-20,105.317419,106.16751,105.186637,105.971336,24997900
2016-07-21,106.046082,106.251598,105.438882,105.72847,18885400
2016-07-22,105.803204,106.288965,105.476248,106.167526,20003400
2016-07-25,106.083435,106.204881,105.821871,106.176857,12968100
2016-07-26,106.139503,106.681312,105.765837,106.298309,21223800
2016-07-27,107.195122,107.31656,106.587915,107.036316,27646100
2016-07-28,107.204449,107.531404,106.86815,107.409966,16939700
2016-07-29,107.65283,107.933082,107.307195,107.643494,22385300
2016-08-01,107.718228,108.484241,107.587446,108.213333,13990100
2016-08-02,108.054535,108.14795,106.700003,107.391281,21278400
2016-08-03,107.307196,107.75559,107.241805,107.746246,15011300
2016-08-04,107.708884,108.157278,107.456657,108.05452,12835300
2016-08-05,108.6057,109.334345,108.484254,109.091461,23196600
2016-08-08,109.147495,109.175526,108.624366,108.970009,12358200
2016-08-09,109.054087,109.567879,108.988696,109.222237,13276500
2016-08-10,109.287614,109.315638,108.652383,108.941978,14688400
2016-08-11,109.315636,109.642598,109.091439,109.409058,12969800
2016-08-12,109.222231,109.493139,109.100792,109.483795,19379000
2016-08-15,109.623904,110.203087,109.586536,109.950859,11777800
2016-08-16,109.745379,109.754715,109.325002,109.343689,14161400
2016-08-17,109.371691,109.577208,108.764485,109.539841,15980300
2016-08-18,109.437089,109.726677,109.250252,109.567871,10036300
2016-08-19,109.371691,109.782718,109.07276,109.539841,18743000
2016-08-22,109.381032,109.810753,109.175523,109.623917,14500600
2016-08-23,110.053624,110.240461,109.77338,109.820084,11997900
2016-08-24,109.745353,109.894815,108.7458,109.110123,17728700
2016-08-25,108.829897,109.268954,108.699115,108.932655,24266300
2016-08-26,108.970023,109.801426,108.43755,109.091461,23896000
2016-08-29,109.119468,109.530501,109.100788,109.240913,11184900
2016-08-30,109.063411,109.381022,108.512259,108.885918,19843300
2016-08-31,108.717764,108.885914,108.316074,108.773819,16169800
2016-09-01,108.8112,109.184859,108.278728,109.054077,20944700
2016-09-02,109.595887,109.820084,108.998024,109.409058,18088200
2016-09-06,109.595883,110.090988,109.352999,110.090988,18525200
2016-09-07,110.193755,110.343224,109.736017,110.156387,17546900
2016-09-08,109.829437,109.857461,109.22223,109.511826,20125300
2016-09-09,108.596335,108.839219,106.737355,106.756035,50813300
2016-09-12,106.158176,108.820536,106.148832,108.671074,39646000
2016-09-13,108.129276,108.446888,107.176434,107.699562,45863900
2016-09-14,107.81165,108.80186,107.783619,108.213333,28221800
2016-09-15,108.241358,110.062971,108.232014,109.894821,38521400
2016-09-16,109.776822,109.95476,109.299204,109.842377,27596500
2016-09-19,110.123349,110.460491,109.149393,109.364784,16222900
2016-09-20,109.75806,110.020287,109.383465,109.570763,18078600
2016-09-21,110.039046,110.806977,109.392857,110.647774,31546800
2016-09-22,111.293943,111.649818,111.181567,111.528069,22614400
2016-09-23,111.443816,111.443816,110.657157,110.81636,22213400
2016-09-26,110.188871,110.31998,109.729979,109.889183,16403900
2016-09-27,109.814287,111.031736,109.711271,110.975548,20238400
2016-09-28,111.116036,111.228412,110.59159,111.162857,14794300
2016-09-29,110.975524,111.181556,109.879818,110.35743,27207500
2016-09-30,110.647773,111.509354,110.535391,111.18158,25543200
2016-10-03,111.041119,111.162862,110.591595,111.022392,19216400
2016-10-04,111.350143,111.593636,110.432368,110.853798,21239700
2016-10-05,111.181569,111.602992,111.134741,111.247124,14481300
2016-10-06,111.106667,111.425082,110.647783,111.190956,11987100
2016-10-07,111.293942,111.453153,110.404268,110.947441,19984200
2016-10-10,111.518754,111.893357,111.471926,111.649864,19687300
2016-10-11,111.556203,111.57493,109.570814,110.057793,27774400
2016-10-12,110.160807,110.338744,109.627,109.964142,14267800
2016-10-13,109.214894,109.870443,108.578073,109.570763,22821000
2016-10-14,110.113968,110.554125,109.636349,109.701904,21313300
2016-10-17,109.608269,109.851761,109.26176,109.402237,14182700
2016-10-18,110.703965,110.891269,110.320002,110.37619,19276700
2016-10-19,110.291915,110.52604,110.170172,110.366837,13702900
2016-10-20,110.254421,110.47918,109.598865,110.235687,18132200
2016-10-21,110.319999,110.713329,109.954764,110.647774,15707800
2016-10-24,111.359505,112.052514,111.340771,111.977592,19143000
2016-10-25,112.043158,112.061892,111.453164,111.621735,20341800
2016-10-26,110.90062,111.471887,110.535385,110.863159,20463700
2016-10-27,111.34076,111.434409,110.198226,110.35743,19099800
2016-10-28,110.039062,110.610329,109.327318,109.664459,35369300
2016-10-31,110.067144,110.067144,109.505244,109.561432,18749400
2016-11-01,109.748721,109.767448,107.791428,108.737297,23498700
2016-11-02,108.662412,108.915272,107.5948,107.866386,26960100
2016-11-03,107.688413,108.044288,106.686356,106.808105,36205200
2016-11-04,106.545893,107.267004,106.246213,106.433517,26997500
2016-11-07,108.156689,109.074465,107.978758,108.962082,26591200
2016-11-08,108.849716,110.170181,108.596856,109.673836,20777900
2016-11-09,108.390789,110.357443,108.259679,110.179512,70234400
2016-11-10,110.713355,110.863192,106.94861,108.400192,72825400
2016-11-11,107.931919,108.681124,107.54795,108.446999,41115200
2016-11-14,108.475088,108.578103,106.78938,107.35128,35906000
2016-11-15,108.166049,109.214934,108.006845,108.840332,31796600
2016-11-16,108.325266,109.561449,108.325266,109.486534,16538100
2016-11-17,109.430326,110.301274,109.205568,110.282547,20598600
2016-11-18,110.413649,110.600947,109.76746,109.870476,16428700
2016-11-21,110.14206,111.116024,110.1046,111.013008,20268500
2016-11-22,111.453167,111.621738,111.078564,111.350151,18850600
2016-11-23,110.984901,111.106644,110.413634,110.900612,22926000
2016-11-25,111.031727,111.303313,110.900617,111.256493,7162800
2016-11-28,111.116037,111.518734,110.891279,111.003654,13479000
2016-11-29,111.106643,111.921402,110.788235,111.387596,18553000
2016-11-30,111.528098,111.565559,110.001602,110.039062,30405300
2016-12-01,110.00157,110.010937,107.969361,108.137932,39796600
2016-12-02,108.203511,108.784145,107.903831,108.353348,32876800
2016-12-05,108.915259,109.626995,108.418906,109.196205,21419700
2016-12-06,109.505248,109.645725,108.999536,109.45842,27293300
2016-12-07,109.233659,110.984921,108.905884,110.844444,26622400
2016-12-08,110.891278,111.322068,110.675879,111.041115,18578400
2016-12-09,111.453187,111.949532,111.44382,111.912071,21863100
2016-12-12,111.415709,111.640467,110.947457,111.406342,23259300
2016-12-13,111.743484,113.419824,111.743484,112.811096,54477900
2016-12-14,112.951591,113.316826,112.249214,112.576988,28746000
2016-12-15,112.726804,113.419814,112.455218,112.754898,22762300
2016-12-16,113.031981,113.257411,112.111498,112.336922,26283900
2016-12-19,112.449639,113.492231,112.289964,112.797165,21138700
2016-12-20,113.154105,113.435882,113.022607,113.229248,11461800
2016-12-21,113.276197,113.35134,112.891099,113.144699,7079300
2016-12-22,113.154099,113.182276,112.383897,112.825356,16645000
2016-12-23,112.637487,112.947449,112.534167,112.900482,9007500
2016-12-27,113.144703,114.140329,113.097744,113.482841,16110600
2016-12-28,113.727061,113.830381,112.524793,112.59993,17975200
2016-12-29,112.571736,112.834731,112.083318,112.440239,13267500
2016-12-30,112.656302,112.66569,110.965609,111.284966,41749000
2017-01-03,112.026979,112.703256,111.670058,112.280586,22307600
2017-01-04,112.40268,113.097747,112.393293,112.891106,19749100
2017-01-05,112.806572,113.604952,112.806572,113.529816,20644300
2017-01-06,113.651936,114.826026,113.360764,114.525459,24074300
2017-01-09,114.619361,115.107787,114.544218,114.901146,18909200
2017-01-10,114.948098,115.502273,114.685103,115.154739,16176600
2017-01-11,115.201719,115.464714,114.609973,115.464714,20686000
2017-01-12,115.051406,115.361368,114.215455,115.286224,19622500
2017-01-13,115.342617,115.878002,115.342617,115.680756,16930800
2017-01-17,115.380181,115.558645,114.995083,115.333221,14538500
2017-01-18,115.502267,115.680731,115.211095,115.568016,12499700
2017-01-19,115.737112,116.140999,115.267475,115.511688,12710700
2017-01-20,116.01889,116.310069,115.455328,115.765289,22091000
2017-01-23,115.69013,116.028269,115.126569,115.8592,17434200
2017-01-24,116.084643,116.817281,115.887396,116.638817,17640900
2017-01-25,117.371445,117.841081,117.268125,117.812904,15036200
2017-01-26,117.972569,118.17921,117.728357,117.934998,16052200
2017-01-27,118.188608,118.273139,117.775326,118.160431,15053000
2017-01-30,117.765942,117.765942,116.591852,117.239952,25006700
2017-01-31,116.82664,117.033281,116.328827,117.005104,19091100
2017-02-01,117.831687,118.047722,117.27752,117.812904,22861900
2017-02-02,117.606244,118.066485,117.2775,117.709564,15101400
2017-02-03,117.831648,118.169786,117.71894,118.047684,16957200
2017-02-06,117.850453,118.207373,117.737737,118.188591,11630100
2017-02-07,118.432785,118.864856,118.320077,118.620644,17541100
2017-02-08,118.460966,118.986956,118.235535,118.817886,12569100
2017-02-09,118.94,119.512957,118.874252,119.249962,17542700
2017-02-10,119.51298,119.813547,119.306339,119.644478,13915700
2017-02-13,120.010786,120.471028,119.963827,120.320755,19120200
2017-02-14,120.367712,120.734027,119.982614,120.72464,16333500
2017-02-15,120.640081,121.494822,120.574325,121.438454,17891400
2017-02-16,121.513633,121.757853,121.090963,121.400925,15098300
2017-02-17,121.222456,121.936312,121.203667,121.92691,15563700
2017-02-21,122.161722,122.603182,122.095981,122.528038,18479600
2017-02-22,122.415338,122.659543,122.208697,122.575012,12110900
2017-02-23,122.762838,122.762838,121.626327,122.114738,17489000
2017-02-24,121.560586,122.349571,121.523022,122.349571,18624500
2017-02-27,122.124152,122.509243,121.917511,122.499855,12008700
2017-02-28,122.471649,122.528003,121.785984,122.124123,16598600
2017-03-01,122.903749,123.683332,122.668931,123.457916,25813800
2017-03-02,123.429736,123.448511,122.687703,122.83799,19951400
2017-03-03,122.753462,123.100988,122.424711,123.063423,13722700
2017-03-06,122.659541,122.99768,122.302627,122.791039,12026200
2017-03-07,122.546824,123.119781,122.36836,122.584389,15500900
2017-03-08,122.659531,123.185521,122.537435,122.80043,15776000
2017-03-09,122.772245,123.063417,122.236853,122.894341,20855300
2017-03-10,123.457893,123.60818,122.875549,123.410927,21922600
2017-03-13,123.363977,123.645761,123.298235,123.617584,10731600
2017-03-14,123.335798,123.382765,122.819196,123.317009,14019700
2017-03-15,123.57062,124.369007,123.176128,124.077835,22709100
2017-03-16,124.312649,124.312649,123.711516,123.993286,18457300
2017-03-17,124.147662,124.279433,123.88412,123.950012,21234500
2017-03-20,123.912343,124.345313,123.733522,124.062943,10105200
2017-03-21,124.53356,124.646503,122.105196,122.180496,35841900
2017-03-22,122.218186,123.131176,122.058165,123.008812,29177900
2017-03-23,122.848788,123.18763,122.491118,122.698189,20311700
2017-03-24,123.093502,123.573522,122.481711,122.952324,22967600
2017-03-27,122.076936,123.366425,121.794566,123.149933,18472400
2017-03-28,123.14994,124.270001,122.876991,123.902924,23721900
2017-03-29,123.987617,124.524123,123.855846,124.477058,13710000
2017-03-30,124.430039,124.815945,124.317096,124.684174,16092400
2017-03-31,124.505313,124.938283,124.364135,124.599442,19841400
2017-04-03,124.702944,125.004129,123.827597,124.524109,23700300
2017-04-04,124.166459,124.740607,124.119395,124.721779,13400000
2017-04-05,124.90063,125.634785,123.978233,124.213539,32011200
2017-04-06,124.335889,124.608838,123.95939,124.279404,18832200
2017-04-07,124.241775,124.590024,123.771162,124.213539,16743100
2017-04-10,124.33592,124.778297,123.921778,124.26062,15619300
2017-04-11,124.147616,124.335873,122.829906,123.724068,33778400
2017-04-12,123.705247,123.808783,123.093456,123.225227,15955200
2017-04-13,123.055868,123.780601,122.717026,122.73584,23683000
2017-04-17,123.084103,123.771194,123.037039,123.752365,13325500
2017-04-18,123.338218,123.921788,123.253511,123.564117,12841100
2017-04-19,124.100614,124.514741,123.592344,123.761772,17764800
2017-04-20,124.260613,125.070067,124.07237,124.797104,21977900
2017-04-21,124.910037,124.957087,124.448831,124.768845,22454900
2017-04-24,126.152493,126.397206,125.936015,126.274857,22469900
2017-04-25,126.688987,127.413721,126.57603,127.187836,19384400
2017-04-26,127.234872,127.545479,126.933688,127.008987,25398500
2017-04-27,127.319616,127.7714,127.244316,127.7714,16136500
2017-04-28,128.279633,128.326697,127.790206,127.997276,22771900
2017-05-01,128.420782,129.305536,128.364311,129.136108,24815500
2017-05-02,129.29619,129.409147,128.966769,129.352661,18345100
2017-05-03,129.060841,129.107906,128.590229,128.938492,23827600
2017-05-04,128.919656,129.352612,128.53375,128.985535,14630100
2017-05-05,129.314983,129.456161,128.834964,129.456161,19330700
2017-05-08,129.522017,129.738495,129.258475,129.738495,13279900
2017-05-09,129.936234,130.482146,129.823277,130.190369,28426100
2017-05-10,130.26561,130.312674,129.804418,130.26561,20499400
2017-05-11,129.907897,130.199675,129.305514,130.162018,27232100
2017-05-12,130.218582,130.482124,130.105625,130.453888,19738600
2017-05-15,130.510371,130.943327,130.388007,130.868027,20481300
2017-05-16,131.206915,131.432815,130.821024,131.413986,21786000
2017-05-17,130.369134,130.613861,128.053727,128.072556,55642200
2017-05-18,128.025501,129.625582,127.884309,129.192612,41319900
2017-05-19,129.653788,130.284407,129.569081,129.738495,36730100
2017-05-22,130.030336,130.896276,129.983286,130.830383,19509700
2017-05-23,131.216293,131.2257,130.623316,130.962158,19687500
2017-05-24,131.357459,131.630422,130.990381,131.564529,15891900
2017-05-25,132.063388,133.023443,131.781018,132.684601,23928600
2017-05-26,132.712805,132.976347,132.53397,132.919876,13851600
2017-05-30,132.853986,133.192828,132.76928,133.032822,20306400
2017-05-31,133.503517,133.503517,132.30817,132.98584,33229400
2017-06-01,133.258705,133.559889,132.693963,133.503418,20120700
2017-06-02,133.974061,135.05648,133.757584,135.028244,37222900
2017-06-05,135.018798,135.235276,134.811727,134.999969,15727500
2017-06-06,134.839986,135.282363,134.265837,134.463501,22393000
2017-06-07,134.839971,135.103513,134.218773,134.99057,18842400
2017-06-08,135.291766,135.348237,134.39759,135.13176,25417400
2017-06-09,135.291795,135.44238,129.99269,131.752777,109783700
2017-06-12,130.642079,131.282105,129.390247,131.046799,104454000
2017-06-13,131.780993,132.29867,131.093902,132.110428,51193000
2017-06-14,132.646909,132.646909,130.472681,131.53627,60093800
2017-06-15,130.209213,131.093967,129.409179,130.952789,55145200
2017-06-16,130.884775,130.979159,129.90324,130.384567,48087400
2017-06-19,131.649266,132.687426,131.451063,132.564743,39626500
2017-06-20,132.432579,132.602455,131.479343,131.526535,40935100
2017-06-21,131.828535,132.895022,131.743597,132.828964,35743400
2017-06-22,133.036654,133.282035,132.451495,132.79126,24099100
2017-06-23,132.640239,133.470779,132.272161,133.300903,21654300
2017-06-26,134.06532,134.29182,132.385376,132.677948,34411100
2017-06-27,132.177776,132.338219,130.261884,130.271317,65957800
2017-06-28,130.752625,132.262695,129.997605,132.149445,57427200
2017-06-29,131.602066,131.602066,128.591374,129.856049,88769400
2017-06-30,130.224129,130.875346,129.478541,129.903244,68898300
2017-07-03,130.497829,130.648824,128.449807,128.534744,32797000
2017-07-05,128.940556,130.148606,128.506421,129.799408,42116600
2017-07-06,128.808427,129.355827,128.166657,128.629105,48430500
2017-07-07,129.063302,130.365737,129.05387,130.016525,36970400
2017-07-10,130.101423,131.177343,129.771091,130.865891,24853500
2017-07-11,130.677176,131.394451,130.186401,131.234009,31517700
2017-07-12,132.357124,132.94227,132.092864,132.79126,36045800
2017-07-13,132.951656,133.404685,132.696843,133.083786,31073600
2017-07-14,133.678394,134.301298,133.253691,134.131409,34544800
2017-07-17,134.272969,134.669359,133.942637,134.197464,25343200
2017-07-18,134.103088,135.122383,133.678386,135.09407,25748500
2017-07-19,135.490451,136.085043,135.433826,135.886841,33752300
2017-07-20,136.236036,136.320974,135.452689,136.066147,36139400
2017-07-21,135.565954,136.009537,135.292262,136.009537,39697100
2017-07-24,135.990631,136.726786,135.830189,136.632416,26712700
2017-07-25,136.179431,136.604148,135.915171,136.283249,28120900
2017-07-26,136.62302,136.802342,136.405952,136.726837,18610600
2017-07-27,137.623415,137.755545,134.301271,135.867966,80665900
2017-07-28,135.056289,135.981199,134.839207,135.754684,38013200
2017-07-31,136.141701,136.311576,134.886459,135.179031,33848600
2017-08-01,135.641458,135.679203,135.075178,135.490448,20149400
2017-08-02,136.36819,136.396503,134.593861,135.858536,41769700
2017-08-03,135.990652,136.066157,135.084622,135.330002,27112800
2017-08-04,135.631942,135.877322,135.01847,135.575302,29472900
2017-08-07,135.820762,136.434219,135.632007,136.434219,17933900
2017-08-08,136.170006,137.293118,135.811361,136.198318,30810400
2017-08-09,135.075162,136.085024,134.76371,136.018951,36169500
2017-08-10,135.245083,135.339454,132.970546,133.102676,63331700
2017-08-11,133.282024,134.405137,132.980005,134.112564,45862500
2017-08-14,135.17895,136.047234,135.141205,135.8396,34161000
2017-08-15,136.179462,136.188909,135.566004,135.934082,25509200
2017-08-16,136.273831,136.811798,135.716998,136.170013,31913000
2017-08-17,135.64146,135.849095,133.385803,133.385803,70191000
2017-08-18,133.461363,134.206951,132.744073,133.291473,60751900
2017-08-21,133.282009,133.574582,132.30046,133.121567,37111500
2017-08-22,133.838829,135.292273,133.791636,135.150696,36294200
2017-08-23,134.47114,134.971347,134.37677,134.669342,25702300
2017-08-24,134.971344,135.122354,133.517915,134.272949,38160800
2017-08-25,134.792034,135.131784,133.810485,133.989807,26380400
2017-08-28,134.395628,134.716527,133.970926,134.405075,15362100
2017-08-29,133.253634,135.160093,133.130937,134.933578,24498300
2017-08-30,135.046901,136.745726,134.961963,136.519211,33642700
2017-08-31,136.906136,137.991503,136.830631,137.982056,38480700
2017-09-01,138.161382,138.350137,137.425227,137.793304,22293600
2017-09-05,137.387455,137.680027,135.528188,136.556915,44794300
2017-09-06,136.906142,137.283666,135.981232,136.972214,30722700
2017-09-07,137.227003,137.642273,136.792868,137.293076,22721100
2017-09-08,137.11376,137.179832,135.962335,136.103912,27890100
2017-09-11,137.170477,137.906632,137.132732,137.670685,27126300
2017-09-12,138.057541,138.180238,137.349698,138.000916,30256700
2017-09-13,137.765025,138.208608,137.53851,138.189728,28450900
2017-09-14,137.651744,138.066999,137.293099,137.378036,35296400
2017-09-15,137.349753,138.350168,137.123238,137.84996,46422400
2017-09-18,138.00982,138.444906,137.253133,137.669312,24858200
2017-09-19,137.915185,138.104353,137.442257,137.905731,20871200
2017-09-20,137.85847,138.00981,136.420765,137.480133,34236200
2017-09-21,137.385556,137.395009,136.15594,136.638336,28841800
2017-09-22,136.203194,136.704496,136.061321,136.505875,21702400
2017-09-25,135.966736,136.042406,134.40608,135.068176,54947700
2017-09-26,135.758676,136.014061,134.945239,135.418167,29628800
2017-09-27,136.137019,137.149092,135.796525,136.638336,33249400
2017-09-28,136.307259,136.732891,135.995125,136.591019,24149400
2017-09-29,136.8653,137.678736,136.505885,137.574692,43102400
2017-10-02,137.78274,138.255668,137.082802,137.697617,27351300
2017-10-03,137.877362,138.151654,137.574681,137.99086,19715200
2017-10-04,137.726033,138.416504,137.593614,138.123291,26381100
2017-10-05,138.624567,139.551501,138.482694,139.475845,31562400
2017-10-06,139.002943,139.665039,139.002943,139.665039,23561100
2017-10-09,139.844735,139.996061,139.324512,139.504227,13704800
2017-10-10,139.977159,140.119032,138.993462,139.608276,19223100
2017-10-11,139.542109,140.052879,139.362394,140.02449,12439100
2017-10-12,139.816415,140.317717,139.627232,139.769119,14513500
2017-10-13,140.336572,140.468991,139.77852,140.308197,18409900
2017-10-16,140.658169,140.828416,140.355489,140.790588,21809400
2017-10-17,140.74331,140.989228,140.525768,140.970306,13138200
2017-10-18,141.112244,141.131165,140.59202,140.80011,17218200
2017-10-19,139.977149,140.298737,139.296132,140.279816,27680300
2017-10-20,140.847326,140.970277,140.487896,140.658157,30173300
2017-10-23,140.951401,140.960855,139.542071,139.740707,29297100
2017-10-24,140.015016,140.270401,139.456965,139.977188,20289500
2017-10-25,139.702849,140.156856,138.407032,139.447464,36179100
2017-10-26,139.362345,139.712321,138.965087,139.00293,28230200
2017-10-27,141.339183,143.316032,141.12164,143.051193,60165100
2017-10-30,142.947186,143.949791,142.814767,143.372818,31733400
2017-10-31,143.836255,144.12,143.420077,143.911911,26319300
2017-11-01,144.488862,144.555079,143.29709,143.864609,29481600
2017-11-02,143.70383,143.760594,142.606649,143.590332,31017400
2017-11-03,144.110581,144.99022,143.618732,144.971313,26199200
2017-11-06,144.857773,145.519883,144.810491,145.46312,28693900
2017-11-07,145.349582,145.737386,145.037448,145.548218,21333100
2017-11-08,145.472548,146.172471,145.302286,146.134644,17373500
2017-11-09,144.933461,145.444231,143.874107,145.368561,40594500
2017-11-10,145.028014,145.472567,144.772629,145.359055,20150800
2017-11-13,144.81052,145.728001,144.81052,145.538818,12522400
2017-11-14,145.028015,145.188809,144.30917,145.009094,25173800
2017-11-15,144.384828,144.715883,143.561939,144.328079,24808000
2017-11-16,145.056443,146.503602,145.028069,146.172546,34790600
2017-11-17,146.210334,146.314379,145.472568,145.614441,28725800
2017-11-20,145.718489,145.850908,145.292857,145.500946,21143900
2017-11-21,146.191414,147.146737,146.125212,147.080521,20147800
2017-11-22,147.212897,147.402065,146.929138,147.260193,17299000
2017-11-24,147.411618,147.846704,147.32648,147.799408,8280600
2017-11-27,147.752091,148.083131,147.392661,147.73317,22653400
2017-11-28,148.064231,148.206118,147.269716,148.111526,25227300
2017-11-29,147.941293,147.979121,144.829419,145.529358,71986300
2017-11-30,146.144134,147.033241,145.803626,146.749481,56595500
2017-12-01,145.850953,146.834651,144.015991,146.125259,59015800
2017-12-04,147.042707,147.203501,144.299718,144.441605,51319100
2017-12-05,144.413213,146.181972,143.864629,144.536179,40604200
2017-12-06,143.99707,145.415853,143.826808,145.188843,28647800
2017-12-07,145.179392,146.096873,145.028052,145.680695,32666200
2017-12-08,146.749546,147.108976,146.096917,146.323914,28081700
2017-12-11,146.390131,147.506234,146.380663,147.458939,20821500
2017-12-12,147.392612,147.695278,146.948059,147.260193,20310300
2017-12-13,147.856156,148.016949,147.326464,147.544022,24418500
2017-12-14,147.799372,148.177723,147.279163,147.439957,24594700
2017-12-15,148.016939,149.274929,147.771007,149.11412,49816200
2017-12-18,150.098896,150.487511,149.824031,150.364288,26844500
2017-12-19,150.079986,150.231643,149.056324,149.473373,31415000
2017-12-20,149.99459,150.023024,148.724497,149.312149,38972600
2017-12-21,149.520771,149.994688,149.16059,149.331207,18638700
2017-12-22,149.103731,149.217466,148.76251,149.160599,23330400
2017-12-26,148.32647,148.544468,147.814632,148.354904,21918700
2017-12-27,148.364398,148.771974,148.231702,148.373871,22388200
2017-12-28,148.847781,148.876229,148.373864,148.553955,25393800
2017-12-29,148.686648,148.715082,147.577684,147.634552,33186000
2018-01-02,148.392841,150.260075,148.023187,150.222168,32573300
2018-01-03,150.364275,151.814459,150.335841,151.681763,29383600
2018-01-04,152.203139,152.402176,151.729222,151.94722,24776100
2018-01-05,152.667601,153.577514,152.383248,153.473251,26992300
2018-01-08,153.473218,154.146187,153.416351,154.070358,23159100
2018-01-09,154.37363,154.534759,153.615374,154.079803,24782400
2018-01-10,153.397421,153.748129,152.714979,153.719681,34004000
2018-01-11,153.98507,154.781247,153.748111,154.771759,20473500
2018-01-12,154.639087,156.070325,154.44005,155.909195,37762700
2018-01-16,156.942318,157.738495,154.999256,155.463699,41231800
2018-01-17,156.202935,157.378239,155.444666,157.141281,33849900
2018-01-18,156.894905,157.529952,156.52525,157.169785,26432200
2018-01-19,157.634194,157.918547,156.904358,157.662628,38937600
2018-01-22,157.605722,159.349731,157.425631,159.349731,26081400
2018-01-23,159.842671,160.809466,159.766843,160.667282,37989700
2018-01-24,161.008478,161.359186,158.705249,159.624649,54287400
2018-01-25,160.724122,160.78099,159.055926,159.567764,28925000
2018-01-26,160.458767,162.032175,160.145995,162.013214,32038200
2018-01-29,161.671969,161.994229,160.885266,161.226486,37277800
2018-01-30,159.757367,160.581978,159.065452,159.899536,44987700
2018-01-31,160.799947,161.122221,159.558287,160.562988,42449200
2018-02-01,159.330831,160.87579,158.686297,159.198135,38037900
2018-02-02,158.572532,158.951659,155.890162,156.022858,68478100
2018-02-05,154.563233,157.10342,149.757709,149.871445,105372200
2018-02-06,147.681961,154.032444,147.009008,153.84288,118537900
2018-02-07,153.34995,155.018146,151.842899,151.852386,91028300
2018-02-08,152.241034,152.411651,145.445068,145.445068,94184800
2018-02-09,147.501847,149.037347,142.29825,147.956818,113836600
2018-02-12,149.473358,151.605983,148.298053,150.582321,63050600
2018-02-13,149.719825,151.662873,149.49234,151.359573,31785600
2018-02-14,150.468549,154.430486,149.757674,154.193527,52107400
2018-02-15,155.577412,157.05603,153.966098,157.05603,51633900
2018-02-16,156.544209,158.060734,156.089238,156.354645,62256300
2018-02-20,155.804871,157.984877,155.738516,156.667389,36785600
2018-02-21,157.43515,158.970635,156.127135,156.221924,41161800
2018-02-22,156.90436,157.738458,155.804884,156.202972,37074400
2018-02-23,157.463597,159.397171,156.819063,159.397171,50096900
2018-02-26,160.145981,161.510849,160.013285,161.510849,39266700
2018-02-27,161.558172,161.823564,159.435035,159.510849,42209900
2018-02-28,160.420848,160.94216,158.383012,158.487274,42936300
2018-03-01,158.57254,159.302376,154.496853,155.899643,76809900
2018-03-02,154.022958,157.605767,153.511134,157.330902,57445100
2018-03-05,156.591586,159.482467,156.00392,159.074905,38540200
2018-03-06,159.85208,160.28809,158.743117,159.747818,29480900
2018-03-07,158.525139,160.250203,158.250274,160.117493,34609400
2018-03-08,160.781026,161.112759,160.136491,160.999023,25828400
2018-03-09,162.145908,164.126877,161.90895,164.126877,38310500
2018-03-12,164.61024,165.377983,164.240586,164.998856,37635000
2018-03-13,165.37796,166.069889,162.335423,162.752472,55638900
2018-03-14,163.605583,163.728806,162.013215,162.724091,40536400
2018-03-15,162.837813,163.529728,161.984754,162.581894,28810400
2018-03-16,162.856781,163.216947,162.022682,162.098511,31176700
2018-03-19,160.538681,160.652601,157.25385,158.639938,71395100
2018-03-20,158.7064,159.532348,158.174754,159.162094,34075700
2018-03-21,158.74435,160.215864,157.775988,158.469025,43863500
2018-03-22,156.276038,157.377313,154.358304,154.557678,66607300
2018-03-23,154.377229,155.032298,150.408851,150.484802,80110400
2018-03-26,153.532322,156.266515,151.101933,156.07663,57481500
2018-03-27,157.234852,157.234852,149.696842,151.02597,78889100
2018-03-28,150.16204,151.690528,148.139874,149.28862,89369700
2018-03-29,150.095635,153.522866,148.700058,152.022858,68692600
2018-04-02,150.940494,151.652523,146.089208,147.636673,85549400
2018-04-03,148.927887,149.92473,146.620922,149.298141,64090000
2018-04-04,146.412054,152.117771,146.241159,151.652588,65768700
2018-04-05,153.162029,153.399372,151.405687,152.516449,43054900
2018-04-06,150.836144,152.336152,147.988029,148.700058,59870900
2018-04-09,149.981651,152.734836,149.487989,149.744308,41810400
2018-04-10,152.09877,153.541804,151.016488,153.048141,48296800
2018-04-11,152.089255,153.798126,151.994327,152.165207,41622100
2018-04-12,153.086125,154.529174,153.000685,153.997528,30467900
2018-04-13,154.766545,154.994385,152.535516,153.200073,44604900
2018-04-16,154.272794,154.927862,153.304431,154.367737,28180800
2018-04-17,155.924721,158.032326,155.611427,157.690552,35536100
2018-04-18,157.690553,158.544982,156.940542,158.013336,29573900
2018-04-19,157.215875,157.586129,156.019658,156.560806,34705700
2018-04-20,156.162087,156.276007,153.541813,154.082962,49197100
2018-04-23,154.832938,155.440535,152.867747,153.693695,33040600
2018-04-24,154.424719,154.662061,149.421529,150.437363,70256800
2018-04-25,150.703191,151.244325,148.548115,150.617737,52089300
2018-04-26,152.563954,154.301305,152.070276,153.788651,43005500
2018-04-27,156.048141,156.086124,153.010156,153.883575,51043400
2018-04-30,154.244346,155.203206,152.412052,152.791809,35615300
2018-05-01,152.393077,154.557642,152.032311,154.538651,36513500
2018-05-02,154.804469,155.288658,153.446875,153.627258,38646800
2018-05-03,152.848807,154.177921,151.158927,153.608307,60337100
2018-05-04,152.943708,156.883593,152.829774,156.522827,41543200
2018-05-07,157.253843,158.336125,157.13042,157.823471,32500200
2018-05-08,157.491185,158.003839,156.513333,157.662079,26040200
2018-05-09,157.946888,159.494367,157.386762,159.380447,29122700
2018-05-10,159.893121,161.146298,159.769698,161.032364,27067600
2018-05-11,160.842464,161.26019,160.177907,160.880447,24688800
2018-05-14,161.25075,162.171642,160.889985,161.155807,21821700
2018-05-15,159.88361,159.96905,158.526001,159.370941,49361600
2018-05-16,159.579773,160.794967,159.503822,160.424713,22941200
2018-05-17,159.864638,161.022872,159.029187,159.807678,27480200
2018-05-18,159.190538,159.741175,158.744347,158.981689,26217900
2018-05-21,160.21592,160.91846,159.190597,159.874146,22954600
2018-05-22,160.605105,160.870928,159.380422,159.665222,19477700
2018-05-23,158.450008,161.032298,158.431031,161.013321,26557800
2018-05-24,160.965881,161.250696,159.34245,160.965881,27696500
2018-05-25,160.946891,161.706391,160.643099,161.127274,27460500
2018-05-29,160.396276,161.317168,159.456408,160.415268,41220500
2018-05-30,160.994381,161.84881,160.652607,161.563995,22665800
2018-05-31,161.563966,162.532328,161.041823,161.459549,35670900
2018-06-01,162.266568,164.089359,162.219096,163.994431,45543300
2018-06-04,164.412097,165.513371,164.30768,165.475403,20459600
2018-06-05,165.864629,166.263363,165.257032,165.988037,24779300
2018-06-06,166.158983,166.984931,165.323531,166.956451,25036600
2018-06-07,166.98492,167.022888,164.763394,165.598831,39600300
2018-06-08,164.820342,166.026048,164.412105,165.608322,31780300
2018-06-11,165.484906,166.462758,165.456426,166.054535,22319700
2018-06-12,166.282414,167.089385,166.102045,166.927994,22511800
2018-06-13,167.184326,168.171666,166.548234,166.918503,37858600
2018-06-14,167.687461,168.883664,167.564038,168.608353,35916000
2018-06-15,167.972228,168.351985,167.193751,168.019699,49615700
2018-06-18,166.961756,168.065373,166.438482,167.922668,31633200
2018-06-19,165.801052,167.485025,165.268269,167.446976,38236000
2018-06-20,168.217611,169.330751,168.065383,168.63623,33038000
2018-06-21,169.064365,169.235625,166.847593,167.171082,43469400
2018-06-22,167.732374,167.798965,166.200614,166.800003,30073200
2018-06-25,165.287258,165.534632,161.55776,163.041946,77799700
2018-06-26,163.641357,164.649842,163.041968,163.707962,39008100
2018-06-27,164.402474,165.144567,161.367495,161.481659,52843500
2018-06-28,161.28184,163.422497,160.948844,162.870682,46407700
2018-06-29,163.650886,164.516666,163.070529,163.30838,36408500
2018-07-02,161.776629,164.450085,161.424614,164.402512,31770000
2018-07-03,165.020923,165.020923,162.337973,162.49971,25512700
2018-07-05,163.55575,164.649858,162.718511,164.516663,31626200
2018-07-06,164.897236,167.19963,164.59278,167.075943,37005600
2018-07-09,167.941724,168.617212,167.275745,168.579163,27362100
2018-07-10,168.893128,169.083406,168.122494,168.70285,23902500
2018-07-11,167.380365,168.464978,167.256692,167.846558,30280600
2018-07-12,168.588635,170.738815,168.474471,170.738815,27930100
2018-07-13,170.729333,171.157462,170.253632,170.881561,28049800
2018-07-16,170.919542,171.204966,170.186972,170.472382,21405300
2018-07-17,168.664775,171.870999,168.664775,171.509476,31034100
2018-07-18,171.528541,171.67126,170.662775,171.186035,23220800
2018-07-19,170.567624,171.138472,170.129986,170.329773,31094100
2018-07-20,170.843503,171.414336,170.101395,170.291687,35897300
2018-07-23,169.78748,170.910129,169.102468,170.834015,22184700
2018-07-24,172.594052,173.20295,170.833951,171.537994,36900300
2018-07-25,171.614106,174.040172,171.528468,173.935532,35026600
2018-07-26,171.576087,172.127902,171.071844,171.300186,40873500
2018-07-27,172.384814,172.498978,168.017875,168.988297,59456100
2018-07-30,168.99776,169.092892,165.801044,166.60022,60193000
2018-07-31,167.25667,168.522038,166.324299,167.875076,47285100
2018-08-01,168.265153,169.016755,167.542091,168.512512,37101900
2018-08-02,167.323296,171.005236,167.247182,170.805435,47178200
2018-08-03,171.128934,171.338244,170.377332,171.328735,28934400
2018-08-06,171.21451,172.384731,171.0052,172.337158,24808800
2018-08-07,172.822445,173.288638,172.451398,172.965164,29895700
2018-08-08,172.727278,173.488403,172.261085,173.174438,22680700
2018-08-09,173.069809,173.754821,172.812926,173.069809,18852900
2018-08-10,171.899558,172.413324,171.100383,171.747345,33818500
2018-08-13,172.061311,173.164927,171.480954,171.557068,26089200
2018-08-14,172.21346,172.831881,171.290598,172.63208,20913000
2018-08-15,171.262082,171.804389,169.463931,170.519989,58528000
2018-08-16,171.832947,172.194485,170.748348,171.081345,27711800
2018-08-17,170.634174,171.547513,169.606657,171.119385,36092600
2018-08-20,171.499931,171.566536,170.301169,170.967148,24939000
2018-08-21,171.480899,172.622579,171.376244,171.595062,26258700
2018-08-22,171.233591,172.46091,171.014772,172.261108,18042400
2018-08-23,171.956666,173.203002,171.728324,172.013748,25776200
2018-08-24,172.584574,173.75481,172.546524,173.612091,23136100
2018-08-27,174.487423,175.381744,174.211522,175.381744,29343600
2018-08-28,175.84789,176.028659,175.267534,175.63858,20277000
2018-08-29,175.943002,177.760186,175.876412,177.665054,29175600
2018-08-30,177.322564,178.407163,176.761225,177.351105,29315500
2018-08-31,177.132277,178.08368,176.941999,177.579437,28653200
2018-09-04,177.037148,177.341589,175.866925,176.818329,29063500
2018-09-05,176.504355,176.532895,173.935568,174.534943,42623300
2018-09-06,174.611055,174.820365,171.804418,172.97464,46091400
2018-09-07,171.728344,173.792888,171.671262,172.308701,46629500
2018-09-10,173.298119,173.393265,171.947128,172.889023,26132000
2018-09-11,172.194499,174.506402,171.747338,174.220978,30116500
2018-09-12,173.964113,174.087785,172.213519,173.70723,36204000
2018-09-13,174.79185,175.895482,174.715736,175.562485,31133200
2018-09-14,175.68616,175.96206,174.354186,175.048721,31224100
2018-09-17,174.753746,174.877433,172.365729,172.527466,33071200
2018-09-18,172.670219,174.801354,172.584582,173.954605,31877300
2018-09-19,173.983117,174.392228,172.689208,173.821381,31843400
2018-09-20,175.020149,175.981061,174.601529,175.74321,33295800
2018-09-21,176.218917,176.466276,174.56347,174.782303,38605400
2018-09-24,173.514673,175.335127,172.799837,175.268402,34945600
2018-09-25,175.192184,175.640149,174.591716,175.506714,25277500
2018-09-26,175.659131,177.269898,175.287417,175.630539,36210600
2018-09-27,176.345441,177.746522,176.250124,177.117462,33113300
2018-09-28,176.621824,177.546347,176.297768,177.079315,28076800
2018-10-01,178.10866,178.73772,176.993517,177.441483,27371300
2018-10-02,177.289004,178.404147,176.631366,177.041199,25618600
2018-10-03,177.78459,178.203963,176.955384,177.231781,29128700
2018-10-04,176.516909,176.631293,172.571013,173.829132,80557300
2018-10-05,173.810127,174.391528,170.064376,171.703735,83325600
2018-10-08,171.1033,172.170785,168.63472,170.655334,66864500
2018-10-09,170.779216,172.53296,170.369384,171.20813,49097900
2018-10-10,170.140587,170.24543,163.459254,163.678467,114471100
2018-10-11,163.001799,165.270203,159.942292,161.648376,143084500
2018-10-12,166.004119,166.661771,162.916019,166.147095,102078400
2018-10-15,165.56569,165.880205,163.516483,164.136017,64885300
2018-10-16,165.861136,169.320935,165.556132,168.911102,71979700
2018-10-17,169.730783,169.902337,167.243151,168.977814,66987600
2018-10-18,168.339236,168.39642,164.35522,165.060516,82486200
2018-10-19,166.394862,167.815009,164.307537,164.908005,82923700
2018-10-22,165.899233,167.033442,164.498152,165.756271,52909300
2018-10-23,162.639588,165.965966,160.904926,165.146286,77567000
2018-10-24,164.955665,165.232062,157.302136,157.588074,102997400
2018-10-25,160.037594,164.012083,159.322758,163.039902,83481100
2018-10-26,157.454712,161.991552,156.530189,158.846268,130970900
2018-10-29,161.276699,161.896218,152.584274,155.577057,111871900
2018-10-30,155.119511,158.255254,154.4142,158.140884,92584000
2018-10-31,160.714282,163.22098,160.638031,161.858032,73828600
2018-11-01,162.096382,164.164641,160.866854,163.993073,52706800
2018-11-02,163.487867,164.460049,160.333058,161.438675,75966800
2018-11-05,161.648415,161.7056,159.24656,161.038422,39573500
2018-11-06,161.047916,163.163834,160.809638,162.258377,34410400
2018-11-07,164.202738,167.348022,163.811958,167.348022,51169600
2018-11-08,166.566502,167.081192,165.489491,166.280579,40296500
2018-11-09,164.726927,165.127233,162.18211,163.478348,50602700
2018-11-12,162.334566,162.639555,158.388655,158.531631,62578400
2018-11-13,159.275109,161.533987,158.21715,158.665115,64128100
2018-11-14,160.237761,160.79057,156.549209,157.454666,75270700
2018-11-15,157.168712,160.638051,155.796238,160.209152,73254300
2018-11-16,158.646092,160.418887,158.007506,159.646866,65390700
2018-11-19,158.884276,159.074896,153.966199,154.461823,67280500
2018-11-20,150.944876,153.813763,149.763022,151.697845,102652800
2018-11-21,153.785153,154.37608,151.764539,152.851089,42965800
2018-11-23,151.631161,153.299113,151.631161,151.745544,23503700
2018-11-26,153.870931,155.329196,153.222805,155.252945,42012600
2018-11-27,154.404672,156.167941,153.623111,155.777161,36608100
2018-11-28,156.901875,160.790588,155.805798,160.790588,70141000
2018-11-29,160.11384,161.324285,158.998696,160.266327,44885700
2018-11-30,160.485594,161.524486,159.684966,161.429169,36722800
2018-12-03,164.993795,165.184415,161.562574,164.250366,50771700
2018-12-04,163.392599,163.850105,157.759697,157.950317,70594700
2018-12-06,154.766884,159.084496,154.185483,159.06543,71715500
2018-12-07,158.369688,159.284671,153.318173,153.813797,80432200
2018-12-10,153.52781,156.101218,151.936109,155.424515,73960800
2018-12-11,157.959809,157.997942,154.623905,155.939209,59058300
2018-12-12,158.217117,159.742107,157.225884,157.311661,53780000
2018-12-13,158.341067,158.998719,156.339519,157.35936,46378500
2018-12-14,155.557973,156.129833,153.165644,153.527832,56547400
2018-12-17,152.870178,154.090165,148.84803,150.04895,74834100
2018-12-18,151.21172,152.450773,149.677204,150.992508,63642100
2018-12-19,150.763793,153.184714,146.150718,147.284927,81856500
2018-12-20,146.922743,148.562103,143.339035,145.149948,99002100
2018-12-21,145.874313,146.865547,139.841091,140.651245,141129400
2018-12-24,139.629466,141.445561,137.125164,137.163391,56163300
2018-12-26,138.673572,145.804146,137.727283,145.727692,98982100
2018-12-27,143.730007,146.415921,140.585292,146.291672,85824300
2018-12-28,147.343097,148.719512,145.020407,146.21521,77856600
2018-12-31,147.648945,148.136419,145.966668,147.448212,53015300
2019-01-02,144.322652,148.872457,144.217509,148.040878,58576700
2019-01-03,145.861494,146.492338,142.888825,143.204254,74820200
2019-01-04,145.612997,150.067225,145.0395,149.331223,74709300
2019-01-07,149.704011,151.845103,149.216537,151.1091,52059300
2019-01-08,152.495043,153.03988,150.258376,152.475937,49388700
2019-01-09,153.068587,154.387654,152.428174,153.718567,46491700
2019-01-10,152.552441,154.244271,151.692174,154.158249,38943400
2019-01-11,153.25018,153.756775,152.734017,153.594284,30176600
2019-01-14,152.294378,152.896564,151.58705,152.23703,30710200
2019-01-15,152.934732,155.419927,152.848709,155.209641,40874200
2019-01-16,155.467725,156.547832,155.123622,155.180984,33812200
2019-01-17,154.683961,157.102241,154.435447,156.40448,39329000
2019-01-18,157.503725,158.688975,156.586125,157.952972,57183200
2019-01-22,156.815474,156.891943,153.661192,154.789093,56711700
2019-01-23,155.582439,156.289753,153.240629,154.989807,38106100
2019-01-24,155.496427,156.222877,154.90381,155.993469,32417800
2019-01-25,157.245638,158.335297,156.710368,157.857376,36515900
2019-01-28,155.821372,155.916948,154.607449,155.907394,33491200
2019-01-29,155.993438,156.031679,153.881035,154.435425,30784200
2019-01-30,156.184603,158.937433,155.697129,158.363922,41346500
2019-01-31,159.33896,161.527848,159.119121,160.734497,37258400
2019-02-01,159.94109,161.155014,159.616107,160.055786,32143700
2019-02-04,160.084481,162.043961,159.94111,162.043961,26718800
2019-02-05,162.263783,163.668872,162.196882,163.477707,28156400
2019-02-06,163.515966,163.802707,162.254247,162.99025,27970000
2019-02-07,161.566053,161.967505,159.577899,160.801376,42036200
2019-02-08,159.396241,161.145434,159.214644,161.11676,29020700
2019-02-11,161.699839,162.091738,160.562385,160.963837,21434100
2019-02-12,162.139531,163.582848,161.852776,163.343887,29722100
2019-02-13,164.070326,164.557815,163.27699,163.458588,26094100
2019-02-14,162.875504,164.242366,162.330682,163.659302,30326800
2019-02-15,164.901909,164.940136,163.582842,164.347519,32521700
2019-02-19,163.840953,165.169573,163.812279,164.672531,19487700
2019-02-20,164.78723,165.437211,163.754933,164.64386,32593000
2019-02-21,164.204133,164.65338,163.171836,164.041641,25207400
2019-02-22,164.395332,165.370281,164.309296,165.255585,27735400
2019-02-25,166.517291,166.947417,165.743047,165.857758,32608800
2019-02-26,165.456304,166.555517,165.179101,166.0298,21939700
2019-02-27,165.265103,166.12537,164.175444,165.924637,25162000
2019-02-28,165.408526,166.134961,165.073975,165.542343,25085500
2019-03-01,166.737111,166.93783,165.53274,166.689316,31431200
2019-03-04,167.788556,168.027517,164.854128,166.718018,38063500
2019-03-05,166.84227,167.358418,166.020245,166.84227,22319900
2019-03-06,167.004761,167.033435,165.628346,165.895981,27194600
2019-03-07,165.475391,165.53274,163.248277,163.860016,39407400
2019-03-08,162.02481,163.697534,161.862318,163.611511,39303200
2019-03-11,164.290186,167.129039,164.261512,167.014328,30518400
2019-03-12,167.453994,168.362041,167.052542,167.931915,33953500
2019-03-13,168.801735,170.072992,168.562774,169.193619,42426100
2019-03-14,169.308358,169.509077,168.859111,168.906906,23751500
2019-03-15,169.56641,170.981067,169.451714,170.474472,38192000
2019-03-18,170.401672,171.397565,170.056942,170.880463,32935100
2019-03-19,171.579508,172.364732,170.727261,171.455032,36893300
2019-03-20,171.464644,173.188295,170.679434,172.134949,50105000
2019-03-21,171.617854,175.074726,171.598698,174.82576,42428500
2019-03-22,174.06924,174.53846,170.803882,170.985825,70794500
2019-03-25,170.363385,171.253929,169.424944,170.660233,46336500
2019-03-26,171.981705,173.025466,170.583629,171.455032,33248100
2019-03-27,171.7136,172.096627,169.108976,170.353821,37096700
2019-03-28,170.794266,171.387962,169.721779,170.746384,30368200
2019-03-29,172.06788,172.201941,171.014534,172.039154,35205500
2019-04-01,173.810644,174.52883,173.102043,174.318161,30969500
2019-04-02,174.509768,175.151346,174.069273,174.978973,22645200
2019-04-03,175.96525,177.076048,175.438591,175.984406,31633500
2019-04-04,176.032325,176.673903,174.90237,175.917419,28530800
2019-04-05,176.424859,176.932376,176.21419,176.827042,25674700
2019-04-08,176.539803,177.420777,175.840773,177.277145,22697500
2019-04-09,176.673834,177.25796,176.281222,176.654678,25631900
2019-04-10,176.884536,177.660175,176.693022,177.602722,24563000
2019-04-11,177.899598,177.899598,176.855837,177.181412,20654100
2019-04-12,177.966589,178.062339,177.210091,177.947433,24989100
2019-04-15,177.95698,178.177234,176.788729,177.976135,21073000
2019-04-16,178.627286,178.981601,178.043161,178.588989,27195700
2019-04-17,179.785996,179.958354,178.684783,179.211441,29651600
2019-04-18,179.508307,179.824296,178.387923,179.441269,28580900
2019-04-22,178.656019,180.015783,178.521944,179.948746,17936000
2019-04-23,180.408396,182.457621,180.14986,182.237381,33665600
2019-04-24,182.390629,182.620454,181.605405,181.662872,24977100
2019-04-25,183.022629,183.108808,181.413884,182.400192,29517500
2019-04-26,182.112908,182.601284,180.590357,182.562973,26359500
2019-04-29,182.562967,183.20456,182.266119,182.917282,21716200
2019-04-30,181.442578,181.796893,180.22646,181.500031,31495300
2019-05-01,182.687502,183.204605,180.791494,180.91597,34797100
2019-05-02,180.858418,181.796858,178.943255,180.130661,44110100
2019-05-03,181.624528,183.137509,181.298954,183.003448,30386200
2019-05-06,179.115646,182.132023,178.837939,181.883057,38371800
2019-05-07,179.900875,180.666943,176.6834,178.340027,58818100
2019-05-08,177.755923,179.230593,177.114345,177.889984,37165300
2019-05-09,175.907754,177.545225,174.366047,176.932373,55351700
2019-05-10,176.300432,178.004927,173.351078,177.152679,58526400
2019-05-13,172.6424,173.571256,170.506997,171.004944,67185800
2019-05-14,171.905113,173.925611,171.273105,172.881836,43360600
2019-05-15,171.742307,175.764148,171.703996,175.323654,40944500
2019-05-16,175.400278,178.177274,175.189609,177.085617,39281200
2019-05-17,175.333239,177.708038,175.12257,175.275772,44702300
2019-05-20,172.833997,173.494716,171.732769,172.316895,38608300
2019-05-21,173.801077,174.595872,173.245678,174.117081,31613800
2019-05-22,173.149933,174.34691,173.082895,173.341446,24332600
2019-05-23,171.349668,171.426276,169.626018,170.688934,45351300
2019-05-24,171.608232,172.221083,170.392099,170.602768,25903300
2019-05-28,171.081566,172.039148,169.942041,169.961197,24763800
2019-05-29,168.907871,169.491996,167.663012,168.563141,42178800
2019-05-30,169.013177,169.750519,168.314147,169.271729,30354800
2019-05-31,167.279997,167.854537,166.494772,166.571381,45446200
2019-06-03,166.121284,166.571349,162.089873,162.903809,75842300
2019-06-04,164.732791,167.548084,164.100783,167.490631,47797800
2019-06-05,169.089805,169.118531,166.983128,168.735504,34412700
2019-06-06,169.022765,170.487864,168.275852,170.076111,29913200
2019-06-07,170.985797,174.059641,170.765557,173.360596,45888300
2019-06-10,174.519316,177.009035,174.481019,175.381134,41385300
2019-06-11,177.210088,177.535662,175.026803,175.620499,41260300
2019-06-12,175.141743,175.505629,174.279925,174.605499,27758100
2019-06-13,175.333245,176.070573,174.988515,175.639664,23715800
2019-06-14,174.739529,175.342811,174.222442,174.892746,22844100
2019-06-17,175.275772,176.434452,175.084258,175.946091,20379500
2019-06-18,178.024062,179.757283,177.564413,178.502853,48177300
2019-06-19,178.742248,179.575339,177.698487,179.173157,31672900
2019-06-20,181.672401,181.710698,179.220994,180.83931,40922000
2019-06-21,180.62865,181.720293,180.188156,180.571198,39980400
2019-06-24,180.932065,181.11441,180.481005,180.576981,19375200
2019-06-25,180.4522,180.557767,177.208413,177.477127,33921100
2019-06-26,178.657558,179.780404,178.014562,178.30246,22595700
2019-06-27,178.94549,179.406141,178.49443,178.983871,19709200
2019-06-28,179.415716,179.607653,178.571191,179.214188,21179200
2019-07-01,182.649923,182.889847,180.788104,181.632629,31025600
2019-07-02,181.575017,182.371569,181.056787,182.352371,18035800
2019-07-03,182.813081,183.724792,182.62113,183.724792,15792100
2019-07-05,182.467603,183.686411,181.757421,183.350525,21415600
2019-07-08,182.160491,182.21807,181.315951,182.064529,17598800
2019-07-09,181.200747,183.206515,181.047192,182.976196,19193500
2019-07-10,184.089454,185.308261,183.753553,184.799622,28374500
2019-07-11,185.077992,185.548235,184.079897,184.665314,23736100
2019-07-12,184.866791,185.740106,184.694038,185.730515,20211900
2019-07-15,186.162384,186.363927,185.644153,186.325531,15606100
2019-07-16,186.095241,186.267979,184.799641,185.36586,20190900
2019-07-17,185.365858,185.692167,184.434949,184.454147,16765100
2019-07-18,183.580849,185.020398,183.005038,184.665314,28877000
2019-07-19,185.932092,186.018462,183.120166,183.312103,29387900
2019-07-22,183.724821,185.164369,183.724821,184.770889,18954900
2019-07-23,185.778589,185.999316,184.540569,185.980118,23786700
2019-07-24,185.269874,187.294839,185.250676,187.285233,20422900
2019-07-25,186.651871,186.680661,185.154728,185.509827,23434700
2019-07-26,186.690251,187.669148,186.594275,187.419617,20431200
2019-07-29,187.246823,187.313995,185.59614,186.776566,20451700
2019-07-30,185.346691,186.699856,185.212334,185.97049,18705000
2019-07-31,186.469548,186.594299,181.69025,183.398514,41627500
2019-08-01,183.715169,187.122103,181.603834,182.486755,63251600
2019-08-02,181.114451,181.373574,178.705611,179.799667,55214000
2019-08-05,176.037549,176.114327,171.978027,173.446365,75040000
2019-08-06,175.049109,176.392696,173.772722,175.874451,41897200
2019-08-07,173.964655,177.074071,172.640266,176.824554,49990600
2019-08-08,177.621077,180.730507,177.131636,180.672913,38418100
2019-08-09,179.809207,180.423414,177.573107,178.974274,33608900
2019-08-12,177.870579,178.408008,176.104737,176.920486,24642900
2019-08-13,176.766936,182.035674,176.603789,180.797668,40241900
2019-08-14,177.8898,178.456019,175.068283,175.394577,51000500
2019-08-15,175.624901,176.191119,173.859058,175.193039,36685000
2019-08-16,176.786197,178.456065,176.68063,178.005005,32781400
2019-08-19,180.576921,181.219917,179.943516,180.836029,22494100
2019-08-20,180.384998,181.037586,179.386903,179.434891,19902900
2019-08-21,181.008848,181.603856,180.385049,181.028046,20418500
2019-08-22,181.36393,181.824596,179.022262,180.442627,24243700
2019-08-23,179.214199,180.855276,174.242951,174.732407,55372400
2019-08-26,176.718979,177.419555,175.7017,177.371582,27598900
2019-08-27,178.609617,178.907121,176.306345,176.997314,28012800
2019-08-28,176.421491,177.928211,175.53857,177.630707,21792400
2019-08-29,179.837964,180.864849,179.156572,180.346603,25358900
2019-08-30,181.315978,181.354374,178.897547,179.914825,26319800
2019-09-03,178.715142,179.636444,177.573097,178.168106,27964200
2019-09-04,179.885966,180.893652,179.36772,180.740097,21592100
2019-09-05,182.736303,184.578924,182.669117,184.051086,33932600
2019-09-06,184.358185,184.425356,183.465657,183.868729,19487800
2019-09-09,184.444562,184.52134,182.553954,183.484863,24407600
2019-09-10,182.496349,183.052976,181.296726,182.957001,23744700
2019-09-11,183.302473,184.770811,182.880203,184.674835,25063600
2019-09-12,185.807333,186.863007,185.193126,185.442642,28689900
2019-09-13,185.173967,185.605829,184.540562,184.780487,27669800
2019-09-16,183.590448,184.339012,183.408103,183.955124,20319000
2019-09-17,183.974245,184.837982,183.580765,184.837982,20953400
2019-09-18,184.45415,184.838039,182.448383,184.761261,29781300
2019-09-19,185.087527,186.219965,184.713245,185.068329,26039400
2019-09-20,185.327452,185.519389,182.496343,183.11055,29086100
2019-09-23,183.056717,183.739484,182.441272,183.191345,22485900
2019-09-24,184.027943,184.431828,179.969845,180.758392,40820700
2019-09-25,180.575729,183.268308,179.06597,182.787491,34704900
2019-09-26,182.547036,182.710512,180.768007,182.114304,26826000
2019-09-27,182.450902,182.547072,178.623601,179.854492,40773500
2019-09-30,180.585321,181.854686,180.210285,181.566193,26307700
2019-10-01,182.229737,183.277916,179.787192,180.085297,32367600
2019-10-02,178.863999,178.892847,175.998333,176.988815,48544300
2019-10-03,176.969578,179.065948,174.844374,178.93132,39392500
2019-10-04,179.902569,181.825838,179.710245,181.566193,31887600
2019-10-07,181.046945,182.460549,180.700756,181.018097,21216000
2019-10-08,179.883324,180.652634,178.162005,178.306244,32379300
2019-10-09,179.816016,180.864194,179.277488,180.046799,20147400
2019-10-10,180.09485,182.162357,179.940985,181.441132,25177700
2019-10-11,183.508682,185.239627,183.402902,183.777939,40976700
2019-10-14,183.518289,184.345295,183.335576,183.758698,14975000
2019-10-15,184.326071,186.528222,184.21068,186.09549,23234200
2019-10-16,185.460809,186.105102,185.047298,185.633896,20457100
2019-10-17,186.749416,187.037909,185.412744,186.124359,19045200
2019-10-18,185.787756,186.239725,183.393296,184.335693,27700800
2019-10-21,185.316585,186.095507,184.768446,185.97049,15801200
2019-10-22,186.70131,186.960956,184.431853,184.489563,22392300
2019-10-23,184.1145,184.883796,183.816381,184.845337,14828400
2019-10-24,186.162768,186.758991,185.345388,186.643585,18998500
2019-10-25,185.681954,188.230294,185.643496,188.134125,21507100
2019-10-28,189.009256,190.240147,189.009256,189.990128,18818700
2019-10-29,189.672756,189.961235,188.489936,188.518784,18569700
2019-10-30,188.884234,189.749714,187.797583,189.432373,21764300
2019-10-31,189.980486,190.06703,188.422643,189.518906,26801800
2019-11-01,190.336311,191.249875,190.047832,191.24025,22131900
2019-11-04,192.509594,192.836546,191.240229,192.42305,19015900
2019-11-05,192.663422,192.855745,191.894111,192.528793,15048900
2019-11-06,192.30763,192.326867,191.163283,192.096069,19725500
2019-11-07,193.057728,193.980904,192.182652,192.740387,17832400
2019-11-08,192.394189,193.528911,191.88451,193.509674,15258800
2019-11-11,192.52885,193.326994,192.269205,193.250076,10147600
2019-11-12,193.41348,194.452047,193.115376,193.807739,14778300
2019-11-13,193.134655,194.038594,193.009652,193.855881,15774600
2019-11-14,193.124978,193.826967,192.538381,193.70195,16945400
2019-11-15,194.87521,195.125244,194.250153,195.125244,18427900
2019-11-18,194.817503,195.586814,194.028971,195.279099,18365900
2019-11-19,196.01952,196.01952,194.817477,195.567551,16923300
2019-11-20,195.057955,195.644552,192.923125,194.394424,36629000
2019-11-21,194.182811,194.317454,193.35582,193.961639,17883600
2019-11-22,194.442424,194.55783,193.038446,194.086624,17189600
2019-11-25,194.923261,196.423408,194.894413,196.384949,17752800
2019-11-26,196.50999,197.010029,196.221497,196.76001,14780600
2019-11-27,197.269636,198.144727,197.029228,198.135101,16963100
2019-11-29,197.635132,197.933236,197.135078,197.231247,9854600
2019-12-02,197.240826,197.308133,194.038582,195.211777,28007000
2019-12-03,192.528842,193.759733,191.58643,193.6828,31104100
2019-12-04,194.673292,195.125261,194.384798,194.663666,15300100
2019-12-05,195.356009,195.356009,194.096271,195.048294,14962300
2019-12-06,196.471525,197.279295,196.31766,197.135056,16555300
2019-12-09,196.779266,197.702427,196.154195,196.240753,13984100
2019-12-10,196.336885,197.019652,195.634896,196.07724,21799800
2019-12-11,196.51959,197.317749,196.21186,197.115799,18780800
2019-12-12,196.913878,199.366049,196.644622,198.587112,32612000
2019-12-13,198.481313,199.93339,198.058206,199.241013,32519400
2019-12-16,200.548863,201.491261,200.481542,201.241241,21296600
2019-12-17,201.500807,201.664297,201.01999,201.356567,15996100
2019-12-18,201.529735,202.068248,201.298937,201.510498,15443300
2019-12-19,201.597053,202.837555,201.577816,202.770248,17865900
2019-12-20,203.731855,204.366537,203.164495,203.587616,27672600
2019-12-23,204.308475,204.453027,203.951904,204.125366,23774700
2019-12-24,204.308453,204.395184,203.768773,204.231354,7089000
2019-12-26,204.559004,206.052772,204.530094,206.033493,17067500
2019-12-27,206.756283,206.775561,205.310704,205.860031,18134100
2019-12-30,205.754071,205.879359,203.498971,204.51088,21815500
2019-12-31,203.855544,205.040914,203.537515,204.896362,18170900
2020-01-02,206.621395,208.317551,206.216635,208.317551,30969400
2020-01-03,205.561315,207.652584,205.542037,206.409378,27518900
2020-01-06,204.79031,207.768199,204.539749,207.739288,21655300
2020-01-07,207.816459,208.298319,207.055127,207.710449,22139300
2020-01-08,207.681506,210.225724,207.353845,209.271637,26397300
2020-01-09,210.996718,211.449667,209.811347,211.044907,23547000
2020-01-10,211.873652,211.892915,210.129308,210.505157,21898500
2020-01-13,211.372526,212.962657,211.035218,212.933746,22756900
2020-01-14,212.827758,213.184344,211.767676,212.095337,24418100
2020-01-15,212.210948,213.174667,211.488158,212.182037,25742100
2020-01-16,213.242179,214.254087,212.78923,214.21553,18805000
2020-01-17,215.179211,215.449051,214.061293,215.275589,24325200
2020-01-21,214.678107,215.718925,214.581744,215.179245,21146300
2020-01-22,216.268235,216.981377,215.477978,215.747818,20736400
2020-01-23,215.622574,216.538105,214.620298,216.441727,26496100
2020-01-24,217.453576,217.684874,213.62761,214.620239,37436500
2020-01-27,209.772773,211.324361,209.300545,210.18718,42264400
2020-01-28,211.671305,213.90714,211.112346,213.415634,26731900
2020-01-29,214.601035,214.841965,212.818163,213.762604,28924500
2020-01-30,212.384453,214.620274,211.719484,214.523911,39568100
2020-01-31,215.420158,215.449069,210.370264,211.121979,52015800
2020-02-03,212.153183,214.803412,212.008631,214.31192,25408600
2020-02-04,217.241566,219.593043,216.499499,219.217194,30691200
2020-02-05,221.857824,221.896367,218.619727,219.940018,38534800
2020-02-06,220.489316,221.896352,219.708706,221.838531,22467100
2020-02-07,220.845933,222.079493,220.248417,220.884476,25884900
2020-02-10,220.152012,223.563572,220.094191,223.55394,21478900
2020-02-11,224.787501,225.529568,223.004614,223.592484,30198000
2020-02-12,224.912798,225.876518,224.353839,225.770508,24471300
2020-02-13,224.199651,226.406562,223.929811,225.4814,22773200
2020-02-14,225.837956,226.339095,225.076625,226.127075,23438500
2020-02-18,225.028481,226.637891,224.787551,226.213852,24394500
2020-02-19,227.563019,228.854399,227.293179,228.382172,22230500
2020-02-20,227.881034,228.353247,223.467199,226.261978,42604000
2020-02-21,225.134437,225.519919,221.000089,221.915619,66017200
2020-02-24,213.637275,216.114041,212.268796,213.357803,84522600
2020-02-25,215.15031,215.863468,206.949065,207.556198,97743000
2020-02-26,208.847566,212.288036,207.103222,208.6259,79537700
2020-02-27,203.248356,208.56809,198.044279,198.179199,121822600
2020-02-28,191.433157,199.65368,190.980208,198.333389,148173700
2020-03-02,201.301634,208.712636,198.468298,208.568069,112933900
2020-03-03,209.233096,211.642394,200.087395,201.879913,131953500
2020-03-04,205.580563,210.40879,203.701299,210.30278,73086200
2020-03-05,204.973442,208.51029,202.477413,203.913345,78705500
2020-03-06,197.244405,201.561863,195.548264,200.47287,89828400
2020-03-09,186.460358,193.861728,185.140068,186.547104,116424000
2020-03-10,193.81357,196.887836,186.653128,196.704727,100599200
2020-03-11,192.117449,193.46665,185.737617,188.137283,89168800
2020-03-12,175.483649,183.858373,170.520501,170.886719,137820700
2020-03-13,180.28298,187.424129,171.667327,185.361771,134882000
2020-03-16,167.83173,177.979694,163.022779,163.1577,92054400
2020-03-17,169.103839,177.700214,163.620273,175.531845,121257100
2020-03-18,165.383861,172.717765,160.748374,170.192825,114156300
2020-03-19,169.315827,176.83284,165.40313,171.214355,120896500
2020-03-20,175.146351,176.235344,163.928659,164.506882,118983900
2020-03-23,165.069919,168.24732,159.284933,164.625671,124639800
2020-03-24,173.752192,177.53802,171.859271,177.37384,94881800
2020-03-25,178.107828,183.023608,173.819794,176.060394,88754900
2020-03-26,177.576677,186.123774,177.325581,185.331833,79887600
2020-03-27,180.531948,183.989418,178.339654,178.957748,58845000
2020-03-30,180.657496,185.901651,179.962138,185.467041,49356900
2020-03-31,185.158006,188.567184,182.724254,183.883179,62659300
2020-04-01,178.445907,181.236991,174.669731,176.070099,53715400
2020-04-02,175.036721,183.593471,174.775958,179.643448,56465300
2020-04-03,179.199189,180.667168,175.084986,177.093796,47487600
2020-04-06,183.960413,190.885003,182.714573,189.755051,64763500
2020-04-07,195.443477,195.723559,189.291507,189.677811,69904500
2020-04-08,191.36788,194.284518,189.455654,193.705063,45940400
2020-04-09,195.424129,196.264347,192.217757,193.985123,68252600
2020-04-13,193.154581,196.457522,191.947365,196.080872,42853900
2020-04-14,200.137124,205.226752,199.354851,204.608658,63959600
2020-04-15,201.344329,204.579674,200.030877,202.26181,47036000
2020-04-16,204.444477,207.032741,202.512931,205.95108,64657400
2020-04-17,208.771134,209.099494,204.821127,207.921249,62863200
2020-04-20,206.057332,208.491084,205.294377,205.458557,38249100
2020-04-21,203.391814,203.932644,196.660374,197.877243,72932800
2020-04-22,201.943139,205.081902,201.19949,203.74913,40089100
2020-04-23,204.541035,207.100342,202.908891,203.314514,43278500
2020-04-24,203.749095,206.965121,202.329408,206.520859,34231900
2020-04-27,208.790418,209.21536,207.15826,208.181976,36451700
2020-04-28,209.881761,209.881761,203.980888,204.260956,46862800
2020-04-29,208.790483,212.441104,207.776418,211.504303,48716400
2020-04-30,212.421771,212.508687,209.91077,211.417374,43359500
2020-05-01,207.158312,209.254038,204.434825,205.458557,48795000
2020-05-04,204.222337,208.075761,203.893963,207.853638,32841000
2020-05-05,209.997673,212.605257,209.42787,210.210144,37783100
2020-05-06,211.890606,213.474474,210.644766,211.504303,36455200
2020-05-07,214.227753,215.106595,212.875662,214.227753,38624800
2020-05-08,215.898566,217.298934,214.865182,217.163727,31852300
2020-05-11,215.840572,220.12859,215.608781,219.104874,35714100
2020-05-12,219.703729,220.292851,214.488545,214.517517,41054100
2020-05-13,215.038999,216.922254,209.292654,211.832626,65521200
2020-05-14,210.509527,214.276036,208.597301,214.237411,51549300
2020-05-15,211.291817,215.686087,210.857222,215.628143,55747200
2020-05-18,218.535149,220.852999,217.752875,219.645782,42398100
2020-05-19,219.906506,221.982927,218.950401,219.095261,36237300
2020-05-20,221.644889,223.827531,221.62557,223.4702,37417000
2020-05-21,223.518466,224.194504,220.524564,221.036423,43642900
2020-05-22,220.630847,222.002243,219.713365,221.799438,28762400
2020-05-26,225.3728,225.575619,220.95921,221.200653,33055300
2020-05-27,220.862639,222.52377,216.275217,222.407867,55665600
2020-05-28,221.268218,225.478988,221.210274,222.118103,42784300
2020-05-29,222.494803,225.604594,220.930241,225.372803,50691800
2020-06-01,224.503585,226.425464,224.059323,226.048813,25776000
2020-06-02,226.473735,227.623007,224.068956,227.565063,33383400
2020-06-03,228.173486,229.342077,227.294644,228.588776,37228700
2020-06-04,228.241103,229.651124,225.681796,226.985596,38716100
2020-06-05,228.134896,232.075252,227.565094,231.48613,47365600
2020-06-08,231.341242,233.407996,229.767043,233.282455,32937300
2020-06-09,232.42294,235.82245,232.239441,234.97258,35046300
2020-06-10,236.66268,239.337876,236.141155,237.792633,58084400
2020-06-11,233.871553,235.252601,225.952218,226.010162,72919400
2020-06-12,230.906641,232.171801,223.808219,227.806519,72034800
2020-06-15,224.484298,231.254362,223.547497,230.578323,45307400
2020-06-16,235.436126,236.025248,230.916315,234.537964,48890100
2020-06-17,236.034918,237.097274,234.422079,235.281616,34749300
2020-06-18,234.962886,236.16045,234.190279,235.919006,30578600
2020-06-19,238.285198,238.545961,234.15169,235.880432,49422100
2020-06-22,235.748781,238.834957,235.458558,238.709198,24068700
2020-06-23,240.305494,242.975657,239.754054,240.740845,32767400
2020-06-24,239.986241,241.21491,234.278278,235.777832,46032400
2020-06-25,235.864939,238.322262,233.291512,238.022354,36940800
2020-06-26,237.780461,237.954611,231.878996,232.401428,52824600
2020-06-29,232.159558,234.945826,229.624838,234.936142,34377800
2020-06-30,234.868432,240.083,234.684614,239.541229,38909200
2020-07-01,239.579913,243.333633,239.038142,242.337158,34689200
2020-07-02,244.784829,245.994145,243.517469,243.981842,31956500
2020-07-06,247.135744,250.502475,247.116391,249.980072,34589000
2020-07-07,249.728496,252.388991,247.958042,248.25795,36578200
2020-07-08,249.583364,251.556946,248.151524,251.527924,30426300
2020-07-09,253.443587,254.314289,249.244846,253.646744,40312900
2020-07-10,253.501603,255.630011,250.82177,255.378464,32885300
2020-07-13,258.222709,261.008976,249.302797,250.125137,64108100
2020-07-14,247.600048,252.301881,244.533226,251.895538,72230500
2020-07-15,253.308034,254.140058,249.109294,252.40831,54523900
2020-07-16,249.622106,251.324832,247.300226,250.68631,47594100
2020-07-17,251.141013,251.83758,248.799794,250.976562,35137900
2020-07-20,251.614982,258.725762,250.366989,258.096924,40610100
2020-07-21,259.664209,259.673893,254.565746,255.407425,43243800
2020-07-22,255.900785,257.235874,254.004557,256.307098,29865500
2020-07-23,255.900837,256.607058,248.199895,249.612396,51363500
2020-07-24,245.771595,248.567531,243.140138,247.242126,54054500
2020-07-27,248.886863,252.040738,248.103228,251.653763,36445700
2020-07-28,250.870108,251.392541,248.161253,248.451477,31302400
2020-07-29,249.989643,252.176095,249.515601,251.315048,27556900
2020-07-30,249.351151,253.191938,248.199881,252.630829,41774500
2020-07-31,257.25528,257.293987,252.359973,257.139191,53686300
2020-08-03,259.277246,261.357263,259.151473,260.612335,32081600
2020-08-04,260.109226,261.676524,259.364299,261.579773,24911300
2020-08-05,262.063516,262.68267,261.173447,262.227966,21612100
2020-08-06,262.034519,266.030102,261.395996,265.701172,28048200
2020-08-07,265.159406,265.933386,260.486623,262.634369,44969400
2020-08-10,262.924465,263.127652,257.990483,261.511993,35088400
2020-08-11,260.351082,261.63781,256.016914,256.558685,43104300
2020-08-12,258.716135,263.959711,258.667745,263.011597,38773400
2020-08-13,263.785554,265.884909,262.67299,263.61142,31895700
2020-08-14,264.230626,264.501512,261.908746,263.30188,30799500
2020-08-17,265.014236,266.862073,263.340562,266.359009,24803000
2020-08-18,267.423221,269.396802,265.962358,268.92276,23529500
2020-08-19,268.884011,269.938531,266.600838,267.113586,31999400
2020-08-20,266.320322,271.302696,265.913978,270.81897,27723400
2020-08-21,271.012443,273.150505,270.364237,272.695801,34748900
2020-08-24,275.965767,276.691356,272.115296,274.398499,36418500
2020-08-25,273.624559,276.749441,273.179539,276.555939,34866600
2020-08-26,277.803924,282.708914,276.52688,282.457367,42216700
2020-08-27,283.43461,284.285973,279.313252,281.577087,49482700
2020-08-28,282.815317,283.637658,281.46089,283.00882,28021000
2020-08-31,283.531293,287.09151,283.095927,285.282379,36321000
2020-09-01,287.933167,290.274415,286.162742,290.158325,36216200
2020-09-02,293.408979,293.62182,287.226973,292.905914,50836800
2020-09-03,288.397612,288.900677,275.153184,278.055542,110083300
2020-09-04,276.265756,279.526066,262.953599,274.350189,123959000
2020-09-08,263.359833,269.164546,260.883157,261.163727,99568600
2020-09-09,266.668549,270.934987,264.114461,268.835632,64837900
2020-09-10,271.796048,273.015047,261.753888,263.475952,69667500
2020-09-11,265.227078,266.262259,258.213048,261.647522,71809000
2020-09-14,265.430305,268.197235,264.075877,266.204285,38525200
2020-09-15,269.948303,271.322099,266.175244,269.977325,41849900
2020-09-16,270.770582,271.23494,265.32382,265.672089,42321000
2020-09-17,258.841867,265.468921,258.000188,261.521729,81570800
2020-09-18,262.9439,263.234124,254.082032,258.184021,86251100
2020-09-21,253.927224,258.93862,251.644021,258.803192,57168600
2020-09-22,261.202443,264.191867,257.864751,263.61142,41128900
2020-09-23,263.292176,263.475994,254.681855,255.562241,48837300
2020-09-24,252.882388,259.954462,252.717908,256.752197,70631700
2020-09-25,257.255244,263.534,255.697631,262.721344,55242400
2020-09-28,267.57795,268.177795,262.827785,268.177795,58438300
2020-09-29,267.616682,268.671202,266.407367,266.968506,27050000
2020-09-30,267.162,271.941218,266.891114,268.796997,49380800
2020-10-01,272.618396,273.672915,270.731852,273.063416,50020200
2020-10-02,267.036233,273.053788,264.540218,265.381897,75497400
2020-10-05,267.345798,271.36072,267.239392,271.041473,28184600
2020-10-06,270.354665,272.038023,265.323899,266.204285,49704200
2020-10-07,268.845308,271.602523,268.255147,270.809235,27539700
2020-10-08,273.208654,273.276383,271.186681,272.250885,25443300
2020-10-09,273.895445,276.48824,273.50847,276.410828,30201100
2020-10-12,281.093315,287.778415,280.048479,284.943787,79370700
2020-10-13,286.743212,287.381705,283.56994,284.934052,64240000
2020-10-14,285.737065,286.704517,280.812736,282.554138,36949100
2020-10-15,277.852353,281.248091,277.213831,280.657959,42514200
2020-10-16,282.302618,283.724774,278.771422,279.11972,40570700
2020-10-19,281.035154,281.992951,273.58579,274.562897,36756800
2020-10-20,275.29828,278.258682,273.740695,275.153168,32195400
2020-10-21,275.404665,277.968408,274.456551,274.940277,29306100
2020-10-22,275.772251,276.672004,271.679947,274.930573,32196200
2020-10-23,275.501373,275.636831,272.608701,275.472351,24658500
2020-10-26,273.189207,276.014152,267.75213,271.34137,38421100
2020-10-27,272.337896,274.282485,271.080219,273.460144,30559100
2020-10-28,268.961465,269.570965,262.547251,262.798798,53413500
2020-10-29,264.114487,270.393244,263.6501,267.394165,43246300
2020-10-30,265.410891,266.281592,258.377522,260.612335,65838300
2020-11-02,263.001972,264.617601,258.280799,261.192841,39987400
2020-11-03,263.108426,267.810262,262.024884,265.710876,43604100
2020-11-04,274.359798,279.371194,272.695779,277.571747,75728200
2020-11-05,283.976295,285.775771,282.496094,284.808319,52054200
2020-11-06,284.150447,285.746738,280.396727,285.021149,40959800
2020-11-09,287.962199,289.403723,278.742379,279.197083,86537100
2020-11-10,275.888446,277.329941,271.486519,274.195404,69024900
2020-11-11,276.720402,280.803052,274.156659,280.32901,36102900
2020-11-12,281.296447,282.563808,277.90068,279.013245,34414600
2020-11-13,280.725755,282.080182,278.500596,281.460999,24806900
2020-11-16,281.16103,283.956982,280.55153,283.657074,30168400
2020-11-17,283.850581,284.179511,282.118832,282.757355,21843500
2020-11-18,282.205878,283.821507,280.580535,280.667603,28069600
2020-11-19,280.116208,283.173361,279.448663,282.86377,22718400
2020-11-20,282.786356,283.531313,280.841796,280.928864,25907300
2020-11-23,281.925359,283.221742,278.694071,280.938568,26875600
2020-11-24,282.002632,285.379061,280.203186,284.885651,24516800
2020-11-25,285.949927,287.275332,285.001813,286.63681,23326800
2020-11-27,288.600665,290.400141,288.204006,289.277893,17163100
2020-11-30,289.597248,290.206748,285.185667,289.868134,27836200
2020-12-01,292.141635,295.208473,291.038725,293.58313,27521300
2020-12-02,292.412489,294.299033,290.574335,293.960419,23620000
2020-12-03,294.269998,295.924333,293.650815,294.376404,22828700
2020-12-04,294.424809,295.721222,293.74761,295.57608,19332100
2020-12-07,295.759841,297.617362,295.576022,297.249725,20851000
2020-12-08,296.77578,298.555889,295.024693,298.255981,18341500
2020-12-09,298.043101,298.323641,290.438909,291.503113,48839300
2020-12-10,289.471411,293.795924,288.387869,292.673676,27519500
2020-12-11,291.019384,292.151317,288.755549,292.025543,26760400
2020-12-14,293.215481,296.088816,293.147782,294.144257,28804800
2020-12-15,296.398383,297.288452,294.211931,297.288452,25709000
2020-12-16,297.685094,299.707065,296.640229,298.923431,25461900
2020-12-17,300.519672,301.109804,299.320041,300.877625,23730500
2020-12-18,301.516283,301.825875,297.598083,299.968353,41173400
2020-12-21,297.022867,299.940186,294.250952,299.407135,37095500
2020-12-22,300.308538,301.142042,297.40092,300.221313,26176300
2020-12-23,300.269636,300.628237,298.554152,298.709229,21201300
2020-12-24,298.970943,300.473201,298.89342,300.027374,16785000
2020-12-28,302.634579,303.526262,300.802766,303.051331,22497700
2020-12-29,304.379185,304.999491,302.421399,303.322754,25871900
2020-12-30,304.485786,304.805611,302.712122,303.332428,18138100
2020-12-31,303.235531,304.563338,302.159726,304.078735,21611400
2021-01-04,305.406416,305.580895,295.78221,299.785034,45305900
2021-01-05,298.796488,302.527937,298.796488,302.256531,29323400
2021-01-06,297.54614,302.275868,296.557561,298.069519,52809600
2021-01-07,300.725207,306.11399,300.696132,305.280487,30394800
2021-01-08,307.56788,309.554771,305.377465,309.205841,33955800
2021-01-11,306.249721,307.422452,304.088381,304.737762,32746400
2021-01-12,304.776493,305.861999,301.616902,304.253143,29266800
2021-01-13,304.514824,307.102588,303.913921,306.307861,22898400
2021-01-14,306.753647,307.751928,304.19493,304.669861,23500100
2021-01-15,304.456647,305.416151,301.015948,302.256531,35118700
2021-01-19,304.573015,307.17048,303.477808,306.666504,24537000
2021-01-20,310.281582,314.739905,306.76336,313.799774,30728100
2021-01-21,315.137297,317.056336,313.761041,316.310028,25130600
2021-01-22,315.272985,316.40694,314.710829,315.398987,21609400
2021-01-25,318.781517,320.1481,311.512472,318.006134,39080600
2021-01-26,318.723347,319.605328,317.143537,318.471344,25498100
2021-01-27,316.213169,316.222841,307.587212,309.593475,55264000
2021-01-28,310.795285,316.368219,310.174978,311.425262,42836300
2021-01-29,309.738816,310.843725,303.128854,304.873413,55259000
2021-02-01,308.314089,313.5769,306.288452,312.491394,35646000
2021-02-02,315.457242,318.742835,315.292464,317.589478,33930800
2021-02-03,319.66357,320.031873,316.271348,316.329498,24824500
2021-02-04,317.725065,320.157751,316.406929,320.070526,22350900
2021-02-05,321.020363,322.164019,319.382403,321.156036,22732000
2021-02-08,322.84257,323.462846,321.204609,323.30777,20462800
2021-02-09,322.377382,324.499947,322.367681,323.23999,17597500
2021-02-10,324.674369,325.129897,319.353437,322.503357,28068700
2021-02-11,324.034676,324.684057,321.892739,324.276978,22046100
2021-02-12,323.433802,326.254196,322.387072,326.089447,20346800
2021-02-16,326.884074,327.775757,324.044308,325.207367,27080800
2021-02-17,322.231879,325.323648,320.002718,323.646912,31360300
2021-02-18,320.060922,323.588816,318.248481,322.231934,32236200
2021-02-19,323.579203,323.705204,319.809005,320.82666,39157700
2021-02-22,316.445808,317.705765,312.307309,312.510834,47256900
2021-02-23,307.238359,313.24745,301.423122,311.580414,97241900
2021-02-24,308.924738,314.458926,306.230346,314.148773,58206300
2021-02-25,311.493116,314.051804,301.655652,303.196686,110182600
2021-02-26,306.123673,309.283264,301.306719,304.466339,104739800
2021-03-01,309.438389,313.964594,308.149358,313.625366,49164500
2021-03-02,314.265045,314.342569,308.343211,308.595184,48370000
2021-03-03,307.499987,308.440118,299.58159,299.63974,86301100
2021-03-04,299.271473,302.431095,290.868443,294.735596,139131600
2021-03-05,297.352418,300.075885,288.290365,299.17453,121523700
2021-03-08,298.631742,300.512004,290.286892,290.703644,88409800
2021-03-09,298.001768,304.069007,297.468717,302.169342,80391100
2021-03-10,306.424169,306.724621,300.618635,301.306763,76798100
2021-03-11,306.046221,310.010271,305.154568,308.246338,53484800
2021-03-12,304.194962,308.430416,301.801051,305.745697,69315600
2021-03-15,306.065598,309.176741,304.427637,309.011963,42955700
2021-03-16,311.202373,314.21662,309.273663,310.708069,54925900
2021-03-17,307.674447,313.87736,305.958934,311.987396,78258700
2021-03-18,307.112313,308.091221,301.975533,302.431061,82718100
2021-03-19,302.266221,305.038165,300.124284,303.497131,78446200
2021-03-22,305.889355,311.255834,305.889355,309.188812,56194800
2021-03-23,310.275602,311.595373,307.024656,307.839813,53455400
2021-03-24,309.208158,309.246983,302.502482,302.648041,64803700
2021-03-25,300.804222,303.637891,298.300526,302.123993,78729000
2021-03-26,301.910437,306.976082,300.513045,306.655853,63519600
2021-03-29,306.122214,307.616655,303.230321,306.568604,54608000
2021-03-30,304.608296,305.598124,302.327779,305.025574,44635700
2021-03-31,306.811211,311.255768,306.471555,309.69339,55032500
2021-04-01,313.516859,315.108348,313.264537,314.972504,55685600
2021-04-05,317.456735,322.027451,317.214127,321.260803,42172500
2021-04-06,320.950354,322.988234,320.261327,321.037689,33537200
2021-04-07,320.562132,322.648581,319.630528,321.813995,32046400
2021-04-08,324.66717,325.356168,323.87141,325.171783,29940800
2021-04-09,323.813125,327.345505,323.075618,327.141693,36664900
2021-04-12,326.103437,327.132091,324.832176,326.714813,25833000
2021-04-13,328.238212,330.99423,328.024717,330.528442,30374000
2021-04-14,330.771173,330.897334,325.744351,326.559509,42564300
2021-04-15,329.431901,331.896802,326.278003,331.508606,36342800
2021-04-16,332.032634,332.110285,330.023837,331.89679,40860100
2021-04-19,330.324673,331.479457,326.937852,328.859314,34533100
2021-04-20,328.199389,329.480333,324.492339,326.462311,38081800
2021-04-21,325.181414,329.441617,324.094537,329.257233,36598100
2021-04-22,328.869098,329.849212,324.133394,325.288208,45936100
2021-04-23,325.91892,330.693419,325.91892,329.383362,36381900
2021-04-26,329.62595,331.809418,328.8787,331.527985,30812000
2021-04-27,331.819161,332.032657,329.140794,330.091797,33187200
2021-04-28,329.761876,330.771132,328.325629,328.97583,33615700
2021-04-29,332.246209,332.663487,326.937954,330.15979,37708900
2021-04-30,327.714233,330.198531,327.083429,327.995636,38263400
2021-05-03,329.198956,329.946176,325.802451,326.24884,29729700
2021-05-04,323.696662,324.01692,316.563995,320.377808,65147000
2021-05-05,322.425446,323.289143,318.524327,319.300659,46219300
2021-05-06,319.038623,321.862578,316.796932,321.707306,46814300
2021-05-07,324.482644,326.695224,321.881899,324.317688,53324500
2021-05-10,322.939728,323.114398,315.923508,316.127319,60700500
2021-05-11,310.246514,316.486373,309.586599,315.690613,71963600
2021-05-12,310.760887,313.0802,306.655956,307.519653,91164900
2021-05-13,310.460022,312.86667,307.529304,309.897156,69877800
2021-05-14,313.06077,317.650886,312.556127,316.738708,44370000
2021-05-17,315.030726,316.719265,311.944765,314.81723,39395000
2021-05-18,315.768324,316.991046,312.420328,312.692047,36528500
2021-05-19,307.296442,313.351917,306.947072,313.051086,66319100
2021-05-20,314.535819,319.96052,314.312639,319.106537,46466100
2021-05-21,320.659248,321.076526,316.981339,317.340393,50330400
2021-05-24,319.630539,323.803406,317.233576,322.677704,32475800
2021-05-25,324.191655,324.909764,321.949964,323.124176,31280300
2021-05-26,323.793683,324.715574,323.104686,324.249786,25444900
2021-05-27,323.803452,324.647722,322.833022,323.036804,27931700
2021-05-28,324.240018,325.647153,323.735405,324.055634,29927400
2021-06-01,325.385163,325.860694,321.629604,322.978516,31145400
2021-06-02,323.395788,324.453553,321.891633,323.609283,22047900
2021-06-03,320.775668,322.046929,318.572802,320.241943,37057800
2021-06-04,322.037188,326.12269,321.96925,325.6763,38736500
2021-06-07,325.142575,326.704982,324.453578,326.646759,32611900
2021-06-08,328.393522,329.257219,325.123178,326.802032,27282800
2021-06-09,328.170388,328.946721,326.695316,326.8797,21485300
2021-06-10,327.219356,330.392652,326.772967,330.285919,33702100
2021-06-11,330.295523,331.159219,329.645351,331.149506,21222800
2021-06-14,331.576542,334.33256,330.392616,334.322876,27827700
2021-06-15,333.973594,334.284139,331.421357,332.139496,35963800
2021-06-16,332.605155,333.672634,327.471602,330.926331,55399500
2021-06-17,329.917152,336.137613,329.868642,335.128357,59722700
2021-06-18,333.468935,334.614035,331.751254,332.498505,55414900
2021-06-21,332.689876,334.885602,330.47473,334.564972,32992600
2021-06-22,334.360921,338.130562,334.059741,337.683655,28941600
2021-06-23,337.625316,338.995213,337.013231,337.848755,27188500
2021-06-24,339.7822,341.462973,339.238131,339.937653,32581600
2021-06-25,340.501209,340.744098,338.917568,339.519928,28682800
2021-06-28,340.802396,343.78508,340.744105,343.649048,39130300
2021-06-29,343.474145,344.921754,342.638622,344.892609,29426000
2021-06-30,344.737127,345.125773,343.765571,344.348511,32724000
2021-07-01,343.998811,344.989787,342.648334,344.484589,29290000
2021-07-02,346.379059,348.759382,346.145895,348.438782,32727200
2021-07-06,349.041193,350.226492,346.349964,349.944733,38842400
2021-07-07,352.140409,352.441589,348.730238,350.683075,35265200
2021-07-08,345.621281,349.420068,344.33885,348.565094,50890000
2021-07-09,347.982149,351.217416,347.399209,350.741364,35184500
2021-07-12,352.140382,352.567869,350.566437,352.111237,25717700
2021-07-13,351.732316,355.07447,351.256263,352.111237,39723000
2021-07-14,354.452777,355.094008,351.91703,352.742859,35336400
2021-07-15,352.655338,352.859356,348.263887,350.265289,53391600
2021-07-16,351.120276,352.101556,347.0786,347.428375,47262000
2021-07-19,343.979337,345.077199,342.026529,344.581726,64404600
2021-07-20,345.514414,350.032142,343.73645,348.584534,42183700
2021-07-21,348.15701,351.275696,347.933542,351.275696,30259900
2021-07-22,351.479794,353.607504,351.479794,353.597809,30252200
2021-07-23,354.919118,358.008659,353.56867,357.726929,31960800
2021-07-26,357.03702,358.397221,356.17235,358.008575,28438100
2021-07-27,357.746261,357.746261,349.915524,354.064056,57933100
2021-07-28,355.200786,356.99817,352.907899,355.424225,42066200
2021-07-29,354.860731,357.221605,354.860731,356.055756,25672500
2021-07-30,352.130685,354.783043,352.10154,354.200104,36484600
2021-08-02,355.861455,356.444394,353.520002,354.229248,27334100
2021-08-03,354.889925,356.492986,351.703222,356.376404,35558500
2021-08-04,356.337533,357.843462,355.229975,356.891327,29602200
2021-08-05,357.707452,359.388254,356.998235,359.15509,21443900
2021-08-06,357.89196,358.863515,356.473497,357.581055,33332100
2021-08-09,358.037773,358.76644,356.93994,358.241821,25960200
2021-08-10,358.756696,359.04815,355.220218,356.405518,35130800
2021-08-11,357.668582,358.164056,354.46243,355.793457,34249800
2021-08-12,355.288238,357.435368,353.937761,357.075897,25969200
2021-08-13,357.425653,358.659519,356.93015,358.329193,19336200
2021-08-16,357.212036,358.523613,353.354957,358.484772,34856900
2021-08-17,355.735216,356.706772,352.898289,355.327179,44793900
2021-08-18,354.792749,356.191791,351.576901,351.907227,38541900
2021-08-19,349.973843,355.27853,349.721229,353.607452,48499400
2021-08-20,354.676196,357.668605,354.365291,357.270264,39486000
2021-08-23,358.309785,363.303596,358.30009,362.6138,34034700
2021-08-24,363.206451,364.323734,362.740094,363.721375,21732900
2021-08-25,363.973951,364.712343,363.225834,364.139099,20441900
2021-08-26,363.284208,363.964279,361.389662,361.826874,29133300
2021-08-27,362.458411,365.849132,361.972633,365.343933,27104700
2021-08-30,366.130778,369.929564,366.111328,369.443787,27295700
2021-08-31,369.686647,369.754633,367.597779,369.142578,29628200
2021-09-01,370.201637,371.824118,369.550681,369.7547,28138300
2021-09-02,371.105184,371.435509,368.365389,369.579834,25453400
2021-09-03,368.433421,371.114925,368.414001,370.716583,24605400
2021-09-07,370.823388,371.892105,369.667234,371.24115,23970200
2021-09-08,371.066319,371.066319,367.685324,369.949036,32949200
2021-09-09,370.172504,371.280063,368.433411,368.6763,29399000
2021-09-10,370.386207,371.105148,365.547848,365.878174,40249400
2021-09-13,368.210014,368.637501,363.575702,365.625671,48741800
2021-09-14,367.112143,367.84081,363.633985,364.586121,41826600
2021-09-15,365.042765,367.646529,362.749878,367.296753,34097900
2021-09-16,365.965676,368.122531,364.042014,367.549316,35193100
2021-09-17,367.073214,367.121779,362.157144,363.196686,60912300
2021-09-20,357.403739,359.144761,351.052446,355.691925,76203200
2021-09-21,357.520405,358.716754,355.001289,356.129547,41927500
2021-09-22,357.043853,360.914943,355.944773,359.455994,46972900
2021-09-23,360.613489,363.803724,359.971547,362.772736,44652000
2021-09-24,360.506479,363.531383,360.136874,363.113129,36056800
2021-09-27,360.06865,361.089902,357.666246,360.214539,43338100
2021-09-28,355.66265,360.165915,349.515604,350.021362,97701600
2021-09-29,351.285861,353.425636,348.825101,349.447571,58076600
2021-09-30,351.091331,352.754525,347.327246,348.163696,61384600
2021-10-01,348.78619,351.363661,344.681678,350.322937,56375500
2021-10-04,348.708346,349.039038,340.732774,342.969818,76766000
2021-10-05,344.029942,349.846297,343.806256,347.599518,47232900
2021-10-06,344.38986,350.09924,343.485319,349.826904,56806500
2021-10-07,352.87126,355.682184,352.336324,353.036621,39411200
2021-10-08,354.116195,354.349647,350.741157,351.276123,41822300
2021-10-11,349.739284,353.26024,348.494316,348.581879,34847200
2021-10-12,350.031155,350.468822,346.724209,347.36615,43905100
2021-10-13,349.671247,350.818946,347.648154,350.147827,40120800
2021-10-14,353.736922,356.810447,353.075539,356.596466,43433900
2021-10-15,357.812212,358.959912,356.781224,358.843201,40419900
2021-10-18,357.549612,362.665671,356.946584,362.451691,34513500
2021-10-19,363.521559,365.243108,362.500306,365.194489,29091000
2021-10-20,365.651645,366.264409,363.239505,364.717926,31390300
2021-10-21,363.920316,367.139729,363.618803,366.94519,25469300
2021-10-22,365.690616,366.653513,362.198866,363.862061,36275800
2021-10-25,365.282023,368.501436,363.336757,367.587158,32597800
2021-10-26,369.824298,372.236409,367.567782,368.744659,47191300
2021-10-27,369.192006,372.664313,368.929406,369.600525,45760500
2021-10-28,371.497151,373.957911,370.728763,373.705017,38007000
2021-10-29,370.63152,375.708665,370.281386,375.543304,37310100
2021-11-01,375.981023,376.953657,373.899604,376.827209,30765300
2021-11-02,376.214378,378.879412,376.165758,378.402802,25135300
2021-11-03,378.889138,382.838025,377.848443,382.4198,33748900
2021-11-04,383.684262,388.27509,383.13959,387.321899,40265300
2021-11-05,389.092061,390.016044,386.290874,387.691467,43383800
2021-11-08,387.662343,388.683595,386.524349,387.16629,29256300
2021-11-09,388.236158,388.634941,383.139571,384.501251,50490700
2021-11-10,381.729235,384.540129,376.924426,378.85025,54937400
2021-11-11,381.826581,382.001648,379.560329,379.900757,32243000
2021-11-12,381.048387,384.43316,379.453284,383.898224,34730600
2021-11-15,385.075079,385.396035,381.36935,383.810638,33716900
2021-11-16,383.081192,387.039815,382.886683,386.543793,27872900
2021-11-17,386.864758,388.780846,385.78515,386.748047,28703300
2021-11-18,388.790602,391.261069,386.573,390.75531,45721500
2021-11-19,392.389349,394.208168,391.562605,392.934021,45191700
2021-11-22,394.470804,397.524856,388.2654,388.372375,61715400
2021-11-23,387.214846,389.276852,382.166908,386.602112,70098700
2021-11-24,384.121937,388.12918,381.797359,387.847137,46954400
2021-11-26,385.26962,386.660508,379.103131,380.494019,51533300
2021-11-29,385.055685,389.763225,384.32621,388.751678,54447100
2021-11-30,387.866548,390.210597,381.02894,383.042297,81332700
2021-12-01,387.380284,389.520089,376.058851,376.525696,77766500
2021-12-02,375.241782,381.019224,373.821746,379.239319,84416600
2021-12-03,380.600966,381.602777,368.530589,372.644836,105349100
2021-12-06,373.131186,376.99254,368.919668,375.630859,67588800
2021-12-07,382.273939,387.555329,382.235026,386.942566,56005300
2021-12-08,387.273264,388.878102,385.376618,388.673828,39204000
2021-12-09,387.448394,389.247771,382.760295,382.954834,49973700
2021-12-10,385.765702,387.380276,382.594909,387.117676,52545800
2021-12-13,387.107959,387.428915,381.15545,381.525055,50166400
2021-12-14,376.700717,379.414372,373.131171,377.576111,75199200
2021-12-15,377.323257,386.543829,373.374369,386.183929,73858000
2021-12-16,387.146827,387.574788,374.66793,376.253326,82591400
2021-12-17,372.839383,378.539028,371.322078,374.37616,80492500
2021-12-20,369.653863,371.533435,367.608719,370.744598,65336800
2021-12-21,374.016732,379.353578,370.267336,379.041931,48899500
2021-12-22,378.749863,383.862709,378.087635,383.658203,37042200
2021-12-23,384.008768,388.02113,383.843226,386.550598,29595500
2021-12-27,387.845831,392.939209,387.816615,392.939209,32820700
2021-12-28,393.835193,394.010484,390.241591,391.118073,33113700
2021-12-29,391.254357,392.520383,388.683312,391.05957,32248500
2021-12-30,390.84537,393.026871,389.30666,389.890991,23850100
2021-12-31,389.21898,390.582399,386.959582,387.456268,34752900
2022-01-03,388.624922,391.439435,386.511629,391.186218,40575900
2022-01-04,391.731523,391.770486,383.015358,386.112274,58027200
2022-01-05,384.427497,385.547477,373.997302,374.250519,75739800
2022-01-06,372.429372,377.23057,370.19919,373.987549,70814300
2022-01-07,373.997322,375.682137,368.163818,369.936249,72652300
2022-01-10,365.027909,370.69587,359.661847,370.179688,91770500
2022-01-11,369.449314,375.906112,367.365237,375.74057,68295700
2022-01-12,378.311578,380.006141,374.951726,377.230591,54576400
2022-01-13,378.613503,379.295228,366.85885,367.793762,77994000
2022-01-14,365.271451,370.413512,365.066915,370.082397,80121200
2022-01-18,364.268321,366.391362,360.109855,360.869476,75450900
2022-01-19,362.427617,364.901268,356.642796,356.905762,81791500
2022-01-20,360.129353,364.102751,351.734553,352.270172,88610700
2022-01-21,350.078946,352.718139,342.219765,342.502197,143388900
2022-01-24,336.873206,344.732387,325.420423,344.070129,198685800
2022-01-25,337.613328,341.859409,332.75367,336.094055,124398400
2022-01-26,343.690354,347.556641,331.877241,335.568237,146559500
2022-01-27,340.272026,342.093169,331.166286,332.188873,95255700
2022-01-28,334.068409,342.823537,329.121136,342.609283,108167900
2022-01-31,343.972781,354.149761,342.336648,353.56543,94326400
2022-02-01,354.909335,356.623365,349.757557,355.970856,74433000
2022-02-02,360.100091,360.431205,354.772993,358.863251,78777100
2022-02-03,349.163508,352.474678,343.252078,344.313599,95384800
2022-02-04,344.829722,351.958495,342.774859,348.657074,86318300
2022-02-07,349.251141,351.61765,344.596018,345.852325,58198100
2022-02-08,344.712958,350.828895,343.583259,349.738159,64720900
2022-02-09,354.256881,357.227189,352.659711,357.149292,55766400
2022-02-10,350.127622,356.915533,347.225492,349.066101,112468500
2022-02-11,349.066153,350.663323,336.766102,337.993195,101569100
2022-02-14,337.438021,341.810741,334.905969,338.411896,80254400
2022-02-15,343.690323,347.059923,342.628802,346.826202,55128800
2022-02-16,344.576552,347.761113,341.547784,346.738556,58947100
2022-02-17,343.524761,344.225953,336.006443,336.425232,61801400
2022-02-18,337.360086,337.749631,330.280025,332.588104,80001500
2022-02-22,329.647065,335.052091,325.615236,329.247772,85967100
2022-02-23,332.403042,333.24056,320.502287,320.813934,86215400
2022-02-24,310.510394,332.130437,309.945559,331.594788,130614100
2022-02-25,332.393311,336.941321,328.575737,336.736786,78842100
2022-02-28,333.561996,339.434462,332.403082,337.739899,77515500
2022-03-01,336.717383,338.986499,330.046331,332.568665,67407000
2022-03-02,334.117129,339.483191,331.351326,338.148987,70609000
2022-03-03,340.788149,340.895291,331.458437,333.318542,71089400
2022-03-04,330.96178,332.393378,326.17033,328.488129,76936300
2022-03-07,328.4784,329.637314,316.168602,316.373108,89933800
2022-03-08,315.584191,324.50489,311.581579,314.902496,116153900
2022-03-09,323.083148,327.592196,320.492636,326.238495,64723400
2022-03-10,322.177436,323.823287,318.174793,322.615662,69362700
2022-03-11,325.585996,325.897644,315.438203,315.92514,66228400
2022-03-14,314.68823,318.057829,309.156627,309.857819,79802600
2022-03-15,312.497146,320.356328,310.890257,319.577209,76471000
2022-03-16,323.492182,331.546121,319.820653,331.42926,105243000
2022-03-17,329.53013,335.499989,328.234889,335.441559,67810000
2022-03-18,333.786025,342.599615,332.627111,342.307434,85446300
2022-03-21,341.472778,343.695958,336.967887,341.355743,73799100
2022-03-22,341.85302,348.932105,341.472755,348.06427,63345900
2022-03-23,345.187799,348.746832,343.003601,343.062103,70615500
2022-03-24,344.982976,350.735967,342.82806,350.687195,53555300
2022-03-25,350.628693,351.681795,346.094581,350.394684,57584200
2022-03-28,350.385024,355.913737,349.146684,355.816223,56833900
2022-03-29,359.706697,362.563671,356.937475,361.939636,68073000
2022-03-30,360.077259,361.734906,356.459724,357.941833,68757700
2022-03-31,358.088104,358.439148,352.666665,353.505249,67011400
2022-04-01,353.768465,354.548517,349.65363,352.832397,54527800
2022-04-04,353.671002,360.106532,353.407742,360.096771,45950200
2022-04-05,358.643909,359.355728,350.960279,352.101135,62738700
2022-04-06,346.786875,347.888719,341.823726,344.456451,90077100
2022-04-07,343.461911,347.469502,340.000391,345.275574,63777400
2022-04-08,343.539959,344.290759,339.815148,340.448944,61956100
2022-04-11,336.2171,337.133677,332.053522,332.394806,66107400
2022-04-12,337.143409,339.025305,329.615796,330.990662,72790200
2022-04-13,331.331932,338.771792,330.610383,337.718719,61367800
2022-04-14,337.806489,338.32328,329.781575,329.996094,73519400
2022-04-18,328.94297,332.541015,327.421849,330.249573,58560600
2022-04-19,329.606038,338.206244,328.582217,337.630951,56515700
2022-04-20,338.440165,338.898453,331.487847,332.706696,65500000
2022-04-21,336.587638,339.200844,324.896446,325.822754,75801000
2022-04-22,325.978762,327.197611,316.861765,317.290802,82562100
2022-04-25,315.662388,321.67861,314.394767,321.366577,101755900
2022-04-26,319.309157,319.494424,308.963552,309.236603,105819600
2022-04-27,309.334138,314.8336,307.14997,308.866119,111204200
2022-04-28,313.829263,321.668908,309.607153,319.835754,99450000
2022-04-29,315.6331,319.075128,304.809717,305.443512,91977900
2022-05-02,305.034082,310.777314,301.933336,310.543304,115511800
2022-05-03,310.562723,313.166198,308.105535,310.874756,78185500
2022-05-04,311.352565,322.058946,306.067652,321.386139,116083400
2022-05-05,317.066494,317.144487,301.903996,305.199768,154607400
2022-05-06,303.20089,307.237702,297.506401,301.543243,139572800
2022-05-09,295.917081,301.640792,288.350456,289.744812,113387300
2022-05-10,296.921409,298.140259,289.179277,293.264862,124124600
2022-05-11,291.002637,296.511828,283.699303,284.567108,140326100
2022-05-12,280.286512,288.379657,277.839054,283.894287,120910900
2022-05-13,288.350442,295.449017,286.751297,294.415436,83684900
2022-05-16,292.670094,294.727527,289.725364,291.002716,59190400
2022-05-17,296.862901,298.920305,293.060068,298.540039,62715300
2022-05-18,294.025369,294.717667,282.626692,283.884552,79477100
2022-05-19,282.080682,287.053592,280.413275,282.363434,79920700
2022-05-20,285.824923,286.478209,273.226889,281.485809,91764200
2022-05-23,282.529204,286.546525,280.130517,286.16626,63648400
2022-05-24,280.949622,281.661411,275.216151,280.081787,73491100
2022-05-25,278.589879,286.07851,278.385121,284.001587,67144500
2022-05-26,283.202073,293.420916,282.919292,291.870514,59462200
2022-05-27,295.000486,301.543259,294.883481,301.397003,66985600
2022-05-31,301.367733,303.571392,296.745837,300.597412,60968300
2022-06-01,302.732873,304.858539,296.160848,298.374268,65341700
2022-06-02,297.252906,306.720917,295.83903,306.54541,59291300
2022-06-03,301.328859,302.732976,297.321296,298.569397,60914700
2022-06-06,303.00581,304.565942,298.003649,299.563782,51785000
2022-06-07,296.238789,302.927847,295.146705,302.147766,44900300
2022-06-08,301.348255,303.95173,299.125075,299.973419,38342100
2022-06-09,298.286465,301.348198,291.772943,291.93869,55900500
2022-06-10,286.332036,287.521634,281.193379,281.641907,85963500
2022-06-13,272.778379,275.30383,267.688465,268.546539,94442000
2022-06-14,270.740477,271.715556,266.528128,269.034088,64697500
2022-06-15,272.456547,279.681855,269.716548,275.752289,86051400
2022-06-16,268.722116,269.180404,262.569368,264.626801,81910300
2022-06-17,265.397085,270.282242,263.768719,267.844543,82703400
2022-06-21,272.325793,276.917486,272.218342,274.602081,51633700
2022-06-22,272.101185,278.607702,271.505258,274.20166,67472900
2022-06-23,276.682999,279.135162,273.84984,278.285217,57457800
2022-06-24,281.108586,288.240364,280.874127,287.820251,58422300
2022-06-27,289.178194,289.744814,284.576752,285.710022,54151500
2022-06-28,286.247405,288.836326,276.819809,277.005432,61609800
2022-06-29,276.868654,278.763947,274.367656,277.25943,57302700
2022-06-30,274.279695,277.39618,269.424235,273.820526,79313600
2022-07-01,272.521255,276.018736,270.64549,275.62796,56675100
2022-07-05,271.896005,280.463879,270.371959,280.346649,61829300
2022-07-06,280.7276,284.244639,279.008153,282.144165,63194700
2022-07-07,282.955055,288.88517,282.955055,288.181763,56620100
2022-07-08,285.348586,289.910972,284.410719,288.543243,59895500
2022-07-11,286.130253,286.354933,281.499501,282.378754,55273900
2022-07-12,283.629145,285.543965,278.050719,279.643158,55797100
2022-07-13,274.133169,281.411455,273.566519,279.066772,73939400
2022-07-14,276.468052,280.932736,273.351568,280.063263,63741800
2022-07-15,283.052767,285.250913,281.44077,285.143433,63818100
2022-07-18,287.927778,289.334593,281.558051,282.730377,59519600
2022-07-19,286.354841,291.718336,284.752652,291.425232,55172600
2022-07-20,291.845316,297.228309,291.063735,296.046204,67769400
2022-07-21,296.505496,300.354696,293.84818,300.296082,55049400
2022-07-22,299.367889,301.439026,293.203314,295.030212,57127700
2022-07-25,295.059522,295.528471,291.347111,293.349854,40582400
2022-07-26,291.649884,291.903901,286.774896,287.585754,50074100
2022-07-27,292.148187,301.429246,291.581537,299.739105,69304400
2022-07-28,299.524161,303.246351,295.772663,302.669952,55139900
2022-07-29,304.21364,309.098409,302.787266,308.189819,57501000
2022-08-01,306.421521,311.462605,305.327337,308.004181,46358800
2022-08-02,305.708337,311.208561,304.65321,307.085815,48676500
2022-08-03,308.766189,316.269215,308.707574,315.448578,53735700
2022-08-04,315.52667,317.236338,313.37736,316.923706,38973700
2022-08-05,311.83381,316.366859,311.052259,314.334808,53894000
2022-08-08,315.253166,318.946049,311.853356,313.318787,43878500
2022-08-09,311.423484,311.677502,308.150714,309.77243,39764200
2022-08-10,317.109343,318.711561,314.637652,318.418457,51459600
2022-08-11,320.743577,322.74632,315.907646,316.611053,45897700
2022-08-12,318.6627,322.971069,317.607603,322.775696,40928400
2022-08-15,321.82806,325.882411,321.808502,325.384155,38266600
2022-08-16,324.407231,326.712857,321.574071,324.622162,41186900
2022-08-17,321.486144,323.791741,318.838579,320.919495,47842200
2022-08-18,320.870647,322.87339,319.258679,321.691284,41937200
2022-08-19,318.652933,319.307475,314.657167,315.419189,51770600
2022-08-22,311.159745,311.394205,306.304284,307.115143,51098900
2022-08-23,306.880612,309.694243,306.108811,306.861084,39497100
2022-08-24,306.382394,309.567272,305.776687,307.750153,38057100
2022-08-25,309.528257,313.211392,308.482939,313.191833,38098300
2022-08-26,312.898727,314.10039,300.266723,300.354645,69047700
2022-08-29,297.599592,300.139677,296.290477,297.39444,48321900
2022-08-30,299.045522,299.661007,291.562053,294.082581,51184500
2022-08-31,296.984054,297.882865,292.265383,292.372833,50044000
2022-09-01,289.88165,292.871125,286.198546,292.499878,57990700
2022-09-02,295.37211,296.749618,286.755374,288.367371,64666800
2022-09-06,288.846098,289.764437,284.166482,286.296234,57005400
2022-09-07,286.775043,293.076377,286.511246,292.079895,49260400
2022-09-08,290.008653,294.912948,288.640924,293.594055,55649800
2022-09-09,295.850863,300.510951,293.594103,300.012695,56125200
2022-09-12,301.390125,303.910652,301.077493,303.578491,45905700
2022-09-13,294.844606,296.03649,286.042274,286.931305,79562200
2022-09-14,288.074341,290.086863,286.306057,289.207611,54907200
2022-09-15,287.292727,289.696025,282.788956,284.391174,65299400
2022-09-16,281.089029,283.042936,279.037421,282.652161,79920400
2022-09-19,280.008679,285.009869,279.949959,284.853271,52613800
2022-09-20,282.347762,284.872848,280.2827,282.582672,51271100
2022-09-21,283.424412,287.6916,277.385793,277.522797,82931000
2022-09-22,275.995988,277.004057,272.8837,274.107086,62757100
2022-09-23,271.640649,271.934279,266.22839,269.644104,74815200
2022-09-26,269.174394,273.539429,267.73569,268.528442,71176700
2022-09-27,271.895259,274.244155,266.316603,268.636169,69780100
2022-09-28,268.616491,275.261934,267.138661,273.979828,79652100
2022-09-29,269.986736,270.368447,263.116208,266.081696,81216000
2022-09-30,265.259609,269.331044,261.413288,261.569885,78482400
2022-10-03,263.341295,269.30163,261.834074,267.706329,61267400
2022-10-04,273.050099,276.827932,273.050099,276.12326,66696900
2022-10-05,272.355204,277.767465,269.55611,275.97644,55766300
2022-10-06,274.978144,278.129589,273.48072,273.803711,53489400
2022-10-07,269.164671,269.291908,262.039667,263.370728,71354700
2022-10-10,263.566307,263.957815,258.026841,260.737854,60393000
2022-10-11,259.064348,261.931959,255.472472,257.155853,66522500
2022-10-12,257.792045,259.710307,256.372935,257.06781,50580200
2022-10-13,249.727418,264.417851,248.846571,263.096588,112894100
2022-10-14,265.425965,266.022963,254.601443,255.188644,77244300
2022-10-17,261.158787,264.486392,261.06091,263.615356,64576500
2022-10-18,270.642482,271.307997,263.018328,265.700012,69781000
2022-10-19,264.183035,267.853195,262.362649,264.73111,53115400
2022-10-20,263.840427,268.988447,262.215796,263.380432,60605500
2022-10-21,262.274552,270.094431,261.139246,269.556152,77897700
2022-10-24,269.82042,273.451424,266.179619,272.521667,63963600
2022-10-25,273.461143,278.540646,271.983283,278.158936,59014500
2022-10-26,272.531349,277.933843,271.52328,272.012634,63492400
2022-10-27,270.896948,272.355215,266.54168,267.060394,57760300
2022-10-28,266.434078,275.702457,266.267684,275.232666,62651300
2022-10-31,272.981668,273.80378,270.114026,272.032318,47742000
2022-11-01,275.506714,276.064586,268.890629,269.252747,45895900
2022-11-02,269.223329,272.286694,259.954951,260.023468,79803100
2022-11-03,257.410336,258.868603,254.562289,254.94397,70038900
2022-11-04,259.876648,260.93364,253.563961,259.044739,78313200
2022-11-07,260.09197,262.4311,257.958392,261.892792,47333800
2022-11-08,263.409853,267.040856,259.8669,263.801331,63213800
2022-11-09,262.059217,262.842172,257.429911,257.713745,64862100
2022-11-10,270.133551,277.023642,268.019535,276.730042,99256700
2022-11-11,276.544078,282.494647,275.203251,281.829102,66961800
2022-11-14,279.773773,283.052455,278.384023,279.362732,55290700
2022-11-15,285.988605,287.016268,279.88147,283.228668,73985400
2022-11-16,281.271227,283.316725,278.54062,279.362732,48859800
2022-11-17,274.899865,280.224046,274.743268,278.746185,55462100
2022-11-18,281.760626,281.858473,276.309208,278.755981,53588600
2022-11-21,277.366197,278.521067,275.056458,275.888367,40083500
2022-11-22,276.622443,280.018536,274.488834,279.861969,41873400
2022-11-23,279.88148,283.297165,279.705319,282.670807,46390000
2022-11-25,281.07552,281.780192,280.321925,280.811279,15498800
2022-11-28,278.834232,280.850371,275.761101,276.690857,38714200
2022-11-29,276.915971,277.317246,273.226249,274.596436,35618900
2022-11-30,274.860736,287.22184,274.009263,287.114166,74718100
2022-12-01,287.437132,289.45327,284.686961,287.466492,51547300
2022-12-02,282.396717,287.202182,282.220526,286.32132,53583200
2022-12-05,284.197615,285.469925,280.057664,281.515961,41482100
2022-12-06,281.359363,281.496366,274.29308,275.682831,53937600
2022-12-07,274.498561,276.553857,272.84454,274.557281,45614300
2022-12-08,275.907912,278.775523,273.833053,277.80661,42594900
2022-12-09,276.788813,279.558577,275.594786,276.035217,47860500
2022-12-12,276.211307,279.558506,275.173878,279.499756,35732500
2022-12-13,290.334131,290.559244,279.822801,282.504456,80667700
2022-12-14,281.917164,285.205642,277.160652,280.409973,64984400
2022-12-15,276.318963,276.984508,269.800786,270.994812,60554100
2022-12-16,270.319506,271.856057,266.805913,268.411011,68300400
2022-12-19,268.680786,268.769077,263.40272,264.638855,44167900
2022-12-20,263.471419,266.179133,261.891939,264.432861,51064200
2022-12-21,265.472793,269.573585,264.629073,268.268799,46394700
2022-12-22,265.257002,265.384544,257.487053,261.705597,60278400
2022-12-23,260.439925,262.961236,258.536681,262.294098,39373600
2022-12-27,261.685883,261.793815,258.046188,258.585754,38009000
2022-12-28,258.183638,260.440047,254.808814,255.171799,47139000
2022-12-29,257.977498,262.333373,257.28096,261.391571,45893600
2022-12-30,258.625077,261.362222,257.32029,261.23468,37858300
2023-01-03,263.559722,265.0313,257.163271,259.46875,42335300
2023-01-04,261.587774,262.382424,257.555634,260.704803,47754900
2023-01-05,259.037037,259.203799,256.309713,256.623627,45396700
2023-01-06,258.360191,264.825323,255.407213,263.706909,54659700
2023-01-09,265.698455,270.073971,264.805723,265.413971,45568700
2023-01-10,264.383751,267.768393,263.873614,267.660461,35247800
2023-01-11,268.729882,272.399008,267.945022,272.291077,44077000
2023-01-12,272.850293,274.792788,268.553279,273.762665,60600000
2023-01-13,271.260996,275.891564,270.927441,275.646301,44802900
2023-01-17,275.450076,277.490682,274.282621,276.205505,36269700
2023-01-18,277.745722,279.295802,272.408825,272.614838,47754500
2023-01-19,270.986257,272.124281,268.700418,269.936523,44150400
2023-01-20,271.5455,277.657437,270.485947,277.323883,60613600
2023-01-23,278.167607,284.711209,277.372956,283.484894,52799900
2023-01-24,281.866154,284.063702,281.346197,282.906067,44875100
2023-01-25,278.393209,282.896236,275.852288,282.278198,50872000
2023-01-26,285.702125,287.958534,283.053271,287.781952,51596300
2023-01-27,286.467313,292.608711,286.349592,290.646606,56441900
2023-01-30,287.379622,288.80216,284.397245,284.77002,49405800
2023-01-31,284.809295,289.135739,284.701394,289.037628,46705100
2023-02-01,288.831662,297.680744,286.761625,295.218323,67562200
2023-02-02,301.742268,307.736483,300.918188,305.813629,83070600
2023-02-03,299.162075,306.470927,298.76966,300.378571,76170800
2023-02-06,297.759206,300.113726,296.49364,297.837677,40802300
2023-02-07,297.710115,305.136688,296.591731,304.008484,67584000
2023-02-08,302.693876,303.635678,297.916156,298.602875,56720900
2023-02-09,302.988206,303.135358,294.511929,295.963867,49137800
2023-02-10,293.805621,295.856017,291.617863,294.021454,50050100
2023-02-13,295.424327,299.319106,294.247052,298.730469,39636700
2023-02-14,297.150867,301.889335,295.208373,300.937714,64079100
2023-02-15,299.122824,303.410018,298.436106,303.243256,43100600
2023-02-16,298.612684,302.585934,297.405979,297.553131,59498600
2023-02-17,295.365444,296.209135,292.451717,295.453735,58230700
2023-02-21,291.62758,293.069728,288.321439,288.458771,46526700
2023-02-22,289.037637,290.744658,287.016671,288.674652,51389200
2023-02-23,292.324188,292.48116,287.006871,291.195984,69294400
2023-02-24,286.231777,287.418842,284.554157,286.320068,74332000
2023-02-27,289.479138,290.872216,287.781907,288.370544,48995000
2023-02-28,287.742598,290.509172,287.409043,287.997681,48243100
2023-03-01,287.70343,288.360718,284.701412,285.682465,58287000
2023-03-02,283.190592,288.851254,282.906078,288.046783,53565900
2023-03-03,289.793047,294.237212,289.28288,294.00174,60511500
2023-03-06,295.237847,298.239865,294.139074,294.335266,56736300
2023-03-07,294.384434,295.306626,290.11685,290.725098,65955800
2023-03-08,291.14694,292.775491,289.292766,292.177063,50876300
2023-03-09,292.677295,295.277108,286.300456,287.114746,71456700
2023-03-10,287.281606,288.772825,281.934888,283.082703,98593600
2023-03-13,281.2972,288.890537,279.786371,285.182159,97123600
2023-03-14,288.733517,292.284922,287.889826,291.735535,73602500
2023-03-15,289.125919,293.599515,287.683771,293.265961,83631500
2023-03-16,292.353605,301.359658,291.558955,300.996674,98198100
2023-03-17,300.908435,303.292386,297.621903,299.574188,89923700
2023-03-20,298.957141,300.961564,296.746355,300.637329,56359500
2023-03-21,302.572957,305.383096,301.059789,304.931122,49757000
2023-03-22,304.862332,309.755547,300.617648,300.784668,75791900
2023-03-23,304.51846,308.674717,301.659175,304.35141,74576000
2023-03-24,303.928883,305.56976,301.600195,305.471527,57195200
2023-03-27,306.16916,307.249995,302.52383,303.378662,50287400
2023-03-28,302.798929,302.828405,299.458164,301.767212,48585900
2023-03-29,305.461726,307.888678,304.646175,307.269653,53274300
2023-03-30,309.745675,310.806869,307.358035,310.178009,58354800
2023-03-31,310.404052,315.572385,310.099457,315.336548,62138100
2023-04-03,313.214207,314.835473,311.88776,314.57016,47126800
2023-04-04,315.012305,316.024352,312.290564,313.508972,45875400
2023-04-05,312.555846,313.499106,308.596086,310.413849,62795700
2023-04-06,308.763181,312.998061,307.367946,312.506775,46916500
2023-04-10,309.578677,312.379011,307.790391,312.329865,45134700
2023-04-11,312.290582,312.349564,309.814513,310.325439,40113600
2023-04-12,312.280765,312.870313,307.122266,307.584076,62813300
2023-04-13,309.342793,314.078793,308.163726,313.607178,54613800
2023-04-14,312.05477,314.776481,310.109268,313.0177,56278300
2023-04-17,312.604983,313.6367,310.531772,313.282959,43007000
2023-04-18,315.395524,315.818053,312.103935,313.302643,46746900
2023-04-19,310.895341,314.216437,310.767602,313.155243,38960100
2023-04-20,310.187895,313.705487,309.480443,310.767609,62462100
2023-04-21,310.404076,311.868098,308.625625,311.091858,59002300
2023-04-24,310.865888,312.202171,308.271886,310.44339,44043100
2023-04-25,308.812262,309.480403,304.488956,304.587189,57121600
2023-04-26,307.977092,309.450949,305.913687,306.434448,55400500
2023-04-27,310.197713,315.267753,309.559018,314.766663,65430400
2023-04-28,314.53086,317.026599,313.400909,316.938171,59712600
2023-05-01,316.476413,317.989582,315.493842,316.574677,41013400
2023-05-02,316.505803,316.830069,312.074398,313.813568,56519400
2023-05-03,314.177126,316.849721,311.651911,311.76001,59882100
2023-05-04,311.534019,312.68364,309.627828,310.659546,50224500
2023-05-05,312.919473,318.117283,310.698852,317.262451,51806100
2023-05-08,316.800577,318.392337,315.719743,318.048431,36465800
2023-05-09,316.387921,317.252589,315.71978,316.03421,31768800
2023-05-10,318.470933,320.328007,315.994865,319.473175,60446600
2023-05-11,320.023363,321.05505,318.470884,320.514648,44278500
2023-05-12,321.045301,321.467829,317.311542,319.365112,48432800
2023-05-15,319.836701,321.330198,318.313698,321.094391,33375600
2023-05-16,320.377113,323.167611,320.337801,321.457947,40019200
2023-05-17,322.519098,325.928621,321.340031,325.348907,47486100
2023-05-18,325.74197,331.607921,325.72233,331.391754,64213500
2023-05-19,331.607859,332.315311,329.583765,330.644958,61554900
2023-05-22,330.389552,332.767388,330.379717,331.755341,43015900
2023-05-23,330.035799,331.185391,327.196155,327.549866,48216700
2023-05-24,325.594571,327.107739,323.81612,325.86969,62891200
2023-05-25,333.229194,335.066597,330.802242,333.799072,66862800
2023-05-26,334.820931,343.16295,334.722668,342.327759,63007000
2023-05-30,346.562649,347.761387,342.455509,343.880249,72652200
2023-05-31,342.298309,344.489453,340.470741,341.924927,65105400
2023-06-01,341.669505,347.201356,340.618146,345.874908,50488600
2023-06-02,347.63362,349.628238,345.874839,348.468811,53372100
2023-06-05,348.252637,351.269138,347.682759,348.714447,47266200
2023-06-06,348.105311,349.618479,346.778834,348.655548,41390400
2023-06-07,348.940469,350.895776,342.111588,342.740448,69225900
2023-06-08,343.035235,347.456805,342.809262,346.994995,47153900
2023-06-09,348.449242,351.426431,346.877122,348.321503,53196900
2023-06-12,349.981988,354.305294,349.009252,354.207031,44606500
2023-06-13,356.958278,357.763964,353.755087,356.928802,57097800
2023-06-14,356.938599,359.80772,354.138296,359.522766,69525600
2023-06-15,358.255242,365.290455,357.636248,363.806793,71138800
2023-06-16,366.223888,366.351627,361.075226,361.517365,80932000
2023-06-20,360.065082,362.396964,358.038211,360.999786,49204700
2023-06-21,359.858476,360.291402,355.155345,356.080231,53378300
2023-06-22,354.830697,360.439017,354.427286,360.281616,47603000
2023-06-23,356.385251,359.012328,355.017619,356.709961,48922900
2023-06-26,356.178637,358.972963,351.839551,351.928101,52685500
2023-06-27,353.472852,358.707307,352.744761,357.979187,49428100
2023-06-28,356.158996,360.625966,356.080265,358.677826,46498000
2023-06-29,358.382551,359.022122,356.316345,357.959473,46151000
2023-06-30,361.639416,364.532141,361.324585,363.47937,58712500
2023-07-03,364.118894,364.96505,363.036577,364.335358,19432900
2023-07-05,362.770983,366.027752,362.731617,364.325562,34460900
2023-07-06,360.616076,361.993557,358.658058,361.550781,49374700
2023-07-07,361.324564,364.522301,360.124182,360.350464,47133700
2023-07-10,360.075005,361.147473,357.566024,360.468567,48498800
2023-07-11,360.891638,362.702045,358.75652,362.249451,38214100
2023-07-12,366.352354,368.17261,364.345151,366.824646,61975400
2023-07-13,370.002702,373.879345,369.422193,373.052856,46960000
2023-07-14,373.485779,376.703183,372.098449,372.974152,55148500
2023-07-17,373.692405,377.332917,373.210294,376.457214,40868900
2023-07-18,375.817653,380.904527,373.88918,379.536865,55262000
2023-07-19,380.599563,381.740912,378.120068,379.448364,54093000
2023-07-20,376.457164,377.923224,369.677979,370.701263,71941700
2023-07-21,373.082316,373.810436,369.15649,369.589417,60499600
2023-07-24,370.563553,371.508107,368.320219,370.17984,40380100
2023-07-25,370.888254,374.351638,370.868556,372.688812,38894400
2023-07-26,371.645862,373.141408,369.146699,371.449066,47075700
2023-07-27,376.909858,378.523469,369.274637,370.563568,63940200
2023-07-28,374.617274,378.336486,374.105647,377.313232,56902900
2023-07-31,377.618287,378.690755,376.191592,377.51004,44019900
2023-08-01,376.162046,377.391945,374.568103,376.634338,41060600
2023-08-02,373.161126,373.161126,367.129698,368.369446,72687100
2023-08-03,365.958827,369.904352,365.791548,367.779083,47666400
2023-08-04,369.70749,372.019705,365.555351,366.057159,61702800
2023-08-07,367.867593,369.254923,365.53571,369.156525,37230400
2023-08-08,366.647514,366.667182,362.888937,366.017792,44726500
2023-08-09,366.303161,366.460591,361.235985,361.993591,51150900
2023-08-10,365.00439,368.33986,361.137596,362.662659,72035300
2023-08-11,360.104484,362.082171,358.825402,360.350464,48707200
2023-08-14,359.553484,364.512444,358.835243,364.394379,42130800
2023-08-15,363.420282,364.217284,359.8585,360.527588,45539900
2023-08-16,359.986398,361.521309,356.611563,356.709961,53190500
2023-08-17,358.107118,358.451495,352.4004,352.813629,62604300
2023-08-18,349.547038,353.630295,349.005864,352.37088,61191400
2023-08-21,353.836924,358.727002,353.374481,358.048096,50696500
2023-08-22,360.655475,360.665324,356.847713,357.536469,44530200
2023-08-23,358.717225,364.266543,358.500762,363.174377,51770600
2023-08-24,366.647561,366.745929,355.204579,355.411194,66842500
2023-08-25,356.247544,359.85851,352.813647,358.166168,69960500
2023-08-28,361.088404,361.796827,358.392475,360.862122,40910000
2023-08-29,360.66529,369.097482,360.34061,368.743256,58492400
2023-08-30,368.851573,371.380252,367.847956,370.799713,41731500
2023-08-31,370.878366,373.613659,370.809484,371.911469,35730700
2023-09-01,374.282754,374.705832,370.032217,371.517944,39801200
2023-09-05,370.711183,373.210345,369.786296,371.990295,32344200
2023-09-06,371.212938,371.557316,366.706603,368.713776,42998700
2023-09-07,364.256587,366.854148,363.213636,366.076843,52060700
2023-09-08,366.02769,368.822016,365.62428,366.588501,35800100
2023-09-11,369.618967,371.419525,367.651129,370.907898,39936600
2023-09-12,369.235266,370.888273,366.509821,366.795166,41391000
2023-09-13,367.031274,369.796084,365.899773,368.192291,46300700
2023-09-14,369.943679,372.187013,367.877474,371.203094,48039400
2023-09-15,369.864885,370.268295,363.912159,364.846893,69811200
2023-09-18,363.907,366.340799,363.621242,365.227356,36903500
2023-09-19,363.907017,365.24707,361.423933,364.448944,37621700
2023-09-20,365.513075,365.867784,359.118177,359.197021,45514200
2023-09-21,355.511902,356.300195,352.447499,352.61499,69734800
2023-09-22,354.359037,356.497216,352.348929,352.664246,51589700
2023-09-25,351.698551,354.427971,350.713208,354.339264,39168000
2023-09-26,351.757655,352.299612,348.033059,349.018402,53657700
2023-09-27,350.171317,351.747872,346.210217,349.836304,56066000
2023-09-28,348.919863,354.891071,348.06262,352.762726,56453300
2023-09-29,356.240982,357.630319,351.787211,353.01889,64829600
2023-10-02,353.284923,357.364228,352.674015,355.965057,51625100
2023-10-03,353.521459,355.718785,348.102071,349.718048,60478500
2023-10-04,350.555497,355.324553,350.092384,354.477173,54786700
2023-10-05,354.467399,354.871393,349.934844,353.4328,45897400
2023-10-06,350.437301,360.546932,349.649039,359.354675,75049100
2023-10-09,356.989807,361.729305,355.492096,361.187378,45304800
2023-10-10,361.52239,365.838198,361.019885,363.187622,46968800
2023-10-11,364.517845,365.966301,362.793495,365.779083,38215100
2023-10-12,366.281631,368.262151,362.113619,364.507996,49587900
2023-10-13,365.138652,365.720001,358.526977,359.926178,52469900
2023-10-16,361.24649,365.04993,361.098694,363.995605,44201100
2023-10-17,360.448421,364.498197,358.329939,362.803406,50999100
2023-10-18,360.310528,362.517687,356.714,358.04422,54280500
2023-10-19,359.463058,360.655315,353.895875,354.694,72274200
2023-10-20,354.191402,354.762917,349.176009,349.402649,72559700
2023-10-23,348.08232,353.994379,345.973671,350.457001,60665200
2023-10-24,352.270082,354.6349,350.57529,353.866333,47082100
2023-10-25,351.472,351.649354,344.623851,345.2052,71190500
2023-10-26,344.003043,344.939131,337.33228,338.623077,78621400
2023-10-27,341.35245,343.727131,339.036888,340.248871,63476700
2023-10-30,342.731933,345.402235,341.372185,344.081879,55298500
2023-10-31,344.111409,346.101791,341.539647,345.727356,47671900
2023-11-01,346.56493,352.289772,346.46639,351.728119,58992700
2023-11-02,356.241013,358.349632,355.019167,358.113159,58162400
2023-11-03,359.403919,363.611323,359.177279,362.320526,53280500
2023-11-06,363.089136,364.360237,361.532306,363.798584,38848700
2023-11-07,364.84305,368.104534,363.64093,367.237457,50777400
2023-11-08,367.61184,368.311455,365.187904,367.473907,35663400
2023-11-09,368.163648,369.30662,364.153294,364.645966,53859400
2023-11-10,366.370283,372.99179,365.838189,372.843994,58309800
2023-11-13,371.267508,372.73566,369.740208,371.681335,40733500
2023-11-14,378.086061,380.598704,377.56383,379.682312,67792600
2023-11-15,381.574132,382.066803,378.608239,379.968018,54141400
2023-11-16,379.199497,380.529716,377.938259,380.293243,45343500
2023-11-17,379.564076,381.39683,378.657577,380.381927,46571900
2023-11-20,380.391769,385.673224,380.391769,385.013031,44429600
2023-11-21,383.308339,383.525116,381.032199,382.776245,43337000
2023-11-22,384.845491,387.308849,383.337917,384.342957,44121000
2023-11-24,383.939019,384.530231,382.80588,383.801086,15718800
2023-11-27,383.308406,385.417025,382.589094,383.466064,34139700
2023-11-28,382.71716,385.052418,382.36242,384.471069,35491100
2023-11-29,386.934443,388.363202,383.751773,384.096649,38811700
2023-11-30,384.36266,384.825773,380.165119,383.130981,52834400
2023-12-01,382.066797,384.815913,380.411428,384.224701,40490100
2023-12-04,380.431228,380.933762,377.051507,380.657867,51186900
2023-12-05,378.756097,382.805843,378.578712,381.613586,42933000
2023-12-06,384.549926,384.648467,379.061587,379.406433,41994100
2023-12-07,382.382215,385.535296,381.288468,384.707611,49593500
2023-12-08,382.973357,386.865445,382.786139,386.422058,46687500
2023-12-11,385.998335,389.988993,385.791421,389.722931,41198000
2023-12-12,389.76241,392.94508,388.629271,392.826843,39221200
2023-12-13,393.762809,398.433326,392.994243,397.822418,55408100
2023-12-14,399.044323,400.344953,394.472316,397.477631,55447800
2023-12-15,398.256016,400.581441,397.654971,399.399017,62896600
2023-12-18,399.79199,402.81316,399.46619,401.914703,46610000
2023-12-19,402.368853,404.086765,402.181261,403.968292,35711900
2023-12-20,403.168604,405.2617,397.787745,397.965454,54042400
2023-12-21,401.894965,402.961278,399.337832,402.595947,45568900
2023-12-22,403.81034,404.768033,401.322326,403.198212,34314000
2023-12-26,404.057151,406.337838,403.958414,405.666473,22722500
2023-12-27,405.949015,406.778789,405.089577,406.49231,31980500
2023-12-28,407.648092,407.89505,405.939134,406.294739,27029200
2023-12-29,406.27503,406.630665,402.620044,404.536438,42662100
2024-01-02,400.901184,401.148142,395.369327,397.690735,58026900
2024-01-03,395.06311,396.120096,393.047957,393.482574,47002800
2024-01-04,391.615576,394.727236,391.240196,391.45752,39432800
2024-01-05,391.625416,394.697554,390.528908,391.921753,44922800
2024-01-08,393.146711,400.308483,392.998542,400.022034,42473800
2024-01-09,397.01899,401.740819,396.821412,400.812256,39132900
2024-01-10,401.128357,404.536354,400.239316,403.528778,33962800
2024-01-11,404.803117,406.195962,399.320639,404.368469,54536200
2024-01-12,405.405732,406.245395,403.183113,404.575958,39595000
2024-01-16,403.341171,406.116973,401.879171,404.536438,43903000
2024-01-17,401.227194,402.629897,398.016745,402.254517,54386000
2024-01-18,405.52426,408.547019,404.180824,407.964203,59562500
2024-01-19,410.167042,416.212561,409.584226,416.054504,70325100
2024-01-22,418.257388,419.561331,415.995247,416.597839,44880600
2024-01-23,417.289298,418.543862,415.451947,418.326538,33003800
2024-01-24,422.238311,424.618986,420.153973,420.647888,46948000
2024-01-25,423.14714,423.818888,418.820467,421.161621,44367200
2024-01-26,419.274865,421.023315,418.000555,418.652527,37137000
2024-01-29,419.106909,423.137275,418.454938,422.939697,38694700
2024-01-30,421.902503,422.475432,419.215602,420.12439,36739000
2024-01-31,415.728571,417.723978,411.71798,411.895782,64010600
2024-02-01,413.693609,417.239918,412.725524,416.746002,51008600
2024-02-02,418.642566,425.004197,417.644877,423.789185,59602400
2024-02-05,423.848504,424.38191,419.828026,423.236053,39889200
2024-02-06,424.381943,424.984535,420.045382,422.386536,35846100
2024-02-07,425.172212,427.562745,423.868268,426.732971,37712700
2024-02-08,426.851537,428.283904,426.169962,427.523285,29889900
2024-02-09,428.659276,432.521697,427.869023,431.731415,36943900
2024-02-12,431.62271,433.79595,429.36057,430.042175,33203300
2024-02-13,422.080274,426.021709,420.153992,423.334808,64491700
2024-02-14,426.011858,428.372758,423.660817,427.947998,45092700
2024-02-15,428.639474,429.686572,426.080966,429.22229,38796100
2024-02-16,429.597666,429.696425,424.618991,425.330231,53716500
2024-02-20,423.334824,424.846204,418.346292,422.119812,53999500
2024-02-21,419.383505,420.519534,416.499056,420.430603,49779000
2024-02-22,429.202533,433.776193,428.432026,432.738983,53887800
2024-02-23,434.299791,435.228354,430.486779,431.464722,39853900
2024-02-26,432.274698,433.262528,431.049767,431.237457,33043200
2024-02-27,432.343844,432.659927,429.735957,432.274689,33713200
2024-02-28,430.13114,431.356071,429.014886,429.973083,32938800
2024-02-29,432.897066,434.734416,429.726107,433.657684,42495200
2024-03-01,434.54672,441.145422,434.487453,440.187225,43853000
2024-03-04,440.187194,440.611984,438.369589,438.616547,34325700
2024-03-05,435.574067,435.583955,428.372773,430.743561,57917100
2024-03-06,434.961606,436.611266,431.573354,433.450226,46234500
2024-03-07,437.036019,441.283678,435.494975,440.029144,44526700
2024-03-08,440.384777,443.180355,433.005681,433.677399,72096000
2024-03-11,432.185826,433.321825,430.141009,432.067291,45860000
2024-03-12,434.378819,438.616591,431.148593,438.260986,55300900
2024-03-13,437.263213,437.282989,433.776172,434.892426,37928700
2024-03-14,436.127225,436.650774,431.079425,433.795959,52195200
2024-03-15,430.763295,433.529209,427.473802,428.639465,73069800
2024-03-18,433.964021,436.248925,432.490187,432.7276,47323800
2024-03-19,430.719684,434.211336,428.622688,433.805786,43004100
2024-03-20,435.002573,439.285522,433.301256,438.949219,43653500
2024-03-21,444.00377,444.458765,440.828649,441.026459,39345700
2024-03-22,440.512135,442.628872,439.661462,441.530945,28253900
2024-03-25,438.73165,441.412233,437.732643,439.928528,27789200
2024-03-26,441.45179,442.37171,438.276669,438.504181,34142000
2024-03-27,441.590237,441.689157,437.12922,439.997711,41359200
2024-03-28,439.948301,440.798974,438.830571,439.186676,36839600
2024-04-01,440.136257,442.668446,438.207428,440.116486,38729000
2024-04-02,435.299336,436.634677,433.271618,436.318146,44259700
2024-04-03,434.19152,439.176778,434.181649,437.297424,39949800
2024-04-04,441.481382,442.094672,430.383266,430.610779,57267700
2024-04-05,432.035202,438.355801,431.224103,435.68512,54744600
2024-04-08,436.614919,437.693075,434.428935,435.813721,28144900
2024-04-09,438.148045,438.425003,432.688021,437.425995,39443600
2024-04-10,432.252828,434.468485,431.540648,433.607941,61502200
2024-04-11,435.477446,441.481484,433.202413,440.531921,45474600
2024-04-12,436.308277,437.435877,432.134118,433.509003,53665000
2024-04-15,437.257824,437.346843,425.536547,426.377319,63453600
2024-04-16,426.219061,429.048008,425.032115,426.416901,47619000
2024-04-17,428.395194,428.414966,420.284259,421.21405,56880500
2024-04-18,421.856953,423.587942,418.236709,418.810425,46549400
2024-04-19,417.633342,418.157583,408.582746,410.145569,75231000
2024-04-22,412.776688,416.604643,409.443302,414.270294,47807700
2024-04-23,416.199086,421.64924,414.319732,420.452393,44384700
2024-04-24,423.548414,425.061792,419.591866,421.87677,48440300
2024-04-25,414.685747,420.699717,413.597721,419.839172,57392200
2024-04-26,422.974645,427.851082,422.282268,426.317932,41874900
2024-04-29,428.424827,429.047988,425.309052,428.04895,30022200
2024-04-30,426.466335,427.861022,419.898482,419.9776,43665900
2024-05-01,418.553277,425.467365,416.090336,416.940979,52251700
2024-05-02,420.679887,423.16263,416.060635,422.262512,36559000
2024-05-03,429.720648,431.738496,427.920412,430.749359,48515300
2024-05-06,432.549503,435.556487,431.777977,435.467468,30227200
2024-05-07,435.912651,437.168844,434.804792,435.536774,30996100
2024-05-08,432.91552,436.684129,432.796798,435.279541,24896700
2024-05-09,435.546619,436.802842,433.696938,436.229126,24580100
2024-05-10,437.73267,439.483432,435.714822,437.257874,27116600
2024-05-13,439.166872,439.265792,436.852296,438.266754,22994200
2024-05-14,437.841417,441.619927,437.653479,441.085785,34478300
2024-05-15,443.558659,448.227387,442.045281,447.980103,41464700
2024-05-16,447.792149,449.750651,446.901932,447.070099,34780400
2024-05-17,447.198652,447.802041,444.656593,446.852478,35803700
2024-05-20,447.070128,450.630997,446.88219,449.968292,24474200
2024-05-21,448.118575,451.03651,447.920735,450.848572,23167700
2024-05-22,451.105786,451.85754,448.158148,450.759583,25120000
2024-05-23,455.546979,455.576652,446.941507,448.731842,40899200
2024-05-24,450.344142,454.241344,448.642826,452.97525,29669500
2024-05-28,454.191863,454.745778,451.728922,454.686432,26216800
2024-05-29,450.532096,453.262093,450.393602,451.481659,29739200
2024-05-30,450.551848,450.690341,445.319305,446.644745,30536800
2024-05-31,446.872288,447.564696,438.247012,445.813904,55941300
2024-06-03,449.63194,450.630948,443.034384,448.207581,32997500
2024-06-04,447.950438,450.63099,446.229349,449.434143,23767400
2024-06-05,453.004931,458.573747,449.473705,458.494629,33817400
2024-06-06,459.177107,459.493638,457.16916,458.336334,21966800
2024-06-07,457.970391,460.680616,456.822988,457.930817,25829700
2024-06-10,456.803236,460.136623,456.516378,459.780518,20660800
2024-06-11,458.504508,463.054543,457.010901,462.935822,22053300
2024-06-12,466.862728,471.323745,466.17035,468.999268,34532600
2024-06-13,472.530427,473.193162,469.266288,471.54129,25859000
2024-06-14,471.343488,474.053744,470.878593,473.984497,23372600
2024-06-17,474.251538,481.571145,472.9459,479.79071,37054500
2024-06-18,479.741278,480.621594,478.178425,479.939087,24438600
2024-06-20,481.135986,481.551406,474.409837,476.239746,33918700
2024-06-21,475.962752,477.298093,473.470139,474.963715,37456800
2024-06-24,473.737189,475.47093,469.417713,469.556396,37751000
2024-06-25,471.646903,475.223348,470.705717,474.926147,29014700
2024-06-26,474.103793,476.451799,473.687712,475.906891,22737100
2024-06-27,475.659229,478.611553,474.84684,477.135376,26222100
2024-06-28,477.927989,482.673494,474.014675,474.65863,34881600
2024-07-01,475.579997,478.007217,471.835118,477.442535,24898300
2024-07-02,475.94657,482.514976,475.817773,482.455536,26723600
2024-07-03,481.702558,486.60658,481.702558,486.477783,18064900
2024-07-05,487.319915,491.986146,487.022684,491.550232,28495900
2024-07-08,491.916705,493.273972,490.896276,492.719177,22109400
2024-07-09,494.235019,495.354525,491.62945,493.145233,25614500
2024-07-10,495.067183,498.841782,493.75947,498.286987,28046900
2024-07-11,498.395979,498.60402,486.170634,487.359467,49966600
2024-07-12,487.934121,494.978048,487.468486,490.222656,37109400
2024-07-15,491.996001,496.355145,489.499425,491.540283,31151400
2024-07-16,492.996622,493.809011,488.568151,491.728516,25950600
2024-07-17,483.74341,484.258568,477.224558,477.293884,56268800
2024-07-18,481.018987,481.197307,471.845011,475.035095,49347400
2024-07-19,474.698292,477.214702,469.536706,470.824615,42042900
2024-07-22,476.689519,478.859174,473.271561,477.838745,40300000
2024-07-23,476.93724,479.929171,475.679051,476.154572,23282500
2024-07-24,469.417742,469.784299,458.212826,459.074738,58818600
2024-07-25,459.411583,463.592376,451.396751,454.012207,59256800
2024-07-26,458.351514,461.601039,455.498268,458.668549,39992100
2024-07-29,461.383086,463.562658,457.331089,459.589905,28218500
2024-07-30,461.52182,462.225215,449.930512,453.279114,41317200
2024-07-31,463.523017,468.397319,462.076591,466.693298,44552100
2024-08-01,467.376929,471.131695,451.743541,455.389343,56653900
2024-08-02,446.70082,449.355913,440.340455,444.580688,66323200
2024-08-05,420.76402,438.180701,419.515747,431.324982,87483500
2024-08-06,433.167762,442.916336,430.522555,435.446381,63164400
2024-08-07,442.34164,444.828329,430.334252,430.73053,54929200
2024-08-08,436.962103,444.818418,433.088427,443.906982,47890100
2024-08-09,442.589365,447.859945,441.469859,446.225281,33574000
2024-08-12,447.196196,450.14849,444.382556,447.186279,27795000
2024-08-13,451.584993,458.549676,451.446279,458.282166,40084500
2024-08-14,459.203569,460.788679,454.141029,458.430817,34733700
2024-08-15,464.40479,470.408485,464.028316,470.012207,38280600
2024-08-16,468.228904,471.983699,467.267915,470.616516,38383600
2024-08-19,470.755192,476.838129,468.971898,476.798492,23737700
2024-08-20,475.887073,478.453005,474.103778,475.797913,29209300
2024-08-21,476.58055,479.869711,474.866642,478.01709,25658800
2024-08-22,480.335407,481.028915,469.407886,470.438232,37739600
2024-08-23,474.787365,478.254847,470.864166,475.540314,36061500
2024-08-26,474.995475,475.916827,468.84315,470.923645,27452600
2024-08-27,469.288991,473.400427,467.327376,472.330475,27510000
2024-08-28,471.864839,472.588037,463.542889,466.970734,37372400
2024-08-29,468.882762,473.489553,465.009086,466.287109,41081500
2024-08-30,470.626418,472.469122,466.138507,471.844971,33466500
2024-09-03,468.803539,468.932306,455.141652,457.519348,44985200
2024-09-04,454.408497,460.134793,453.477228,456.330444,32505100
2024-09-05,454.705725,461.03634,453.685296,456.7565,34452400
2024-09-06,456.053078,456.934823,444.025886,444.52124,50624400
2024-09-09,448.850623,451.228319,445.640736,450.23761,32981200
2024-09-10,452.001091,454.903892,448.028369,454.398621,29680300
2024-09-11,455.636985,465.009084,447.087162,464.266052,57843000
2024-09-12,464.295786,469.635722,462.512522,468.823334,40067800
2024-09-13,468.090232,472.102591,467.862358,470.923645,29111800
2024-09-16,468.793586,469.457344,465.524258,468.843109,22585600
2024-09-17,471.864855,473.162681,466.594275,469.090851,30084400
2024-09-18,470.289627,474.381231,466.455558,467.059906,39909200
2024-09-19,478.126078,481.71247,476.02578,478.86911,52782500
2024-09-20,478.007195,479.196058,473.856122,477.957672,34577700
2024-09-23,479.135293,480.315896,477.795951,479.224579,24843000
2024-09-24,480.633348,482.488572,476.377255,481.536163,25952600
2024-09-25,480.91118,483.937107,480.732609,481.982666,26549900
2024-09-26,489.47301,489.80042,481.962796,485.603821,32020200
2024-09-27,486.625715,486.764623,481.724731,482.905334,22851100
2024-09-30,481.942954,484.552185,479.105559,484.214874,30281100
2024-10-01,483.84777,484.145388,473.62911,477.468536,42735400
2024-10-02,476.56569,480.057906,473.946559,478.143158,23744000
2024-10-03,475.950648,480.722653,475.206572,477.786041,25337200
2024-10-04,483.599773,484.026369,478.579743,483.470795,30686600
2024-10-07,481.556075,482.726747,477.071758,478.292053,24975100
2024-10-08,480.831816,486.119702,480.028216,485.43515,28272000
2024-10-09,485.137486,489.830135,484.095792,489.2547,24995000
2024-10-10,486.972881,490.564282,485.6633,488.699127,25750400
2024-10-11,486.863743,490.484937,486.298268,489.463043,20644500
2024-10-14,491.853997,494.889824,491.348046,493.570343,26060100
2024-10-15,493.897748,494.562469,484.820027,486.9729,34784500
2024-10-16,487.300297,487.806278,483.718826,487.03244,22996800
2024-10-17,492.518759,492.568352,487.310227,487.369751,27210700
2024-10-18,490.157505,491.655587,489.403498,490.56427,25335000
2024-10-21,489.353932,492.310405,487.429254,491.506805,30336500
2024-10-22,488.838074,493.520793,488.084067,492.042542,26685800
2024-10-23,489.691202,490.345993,481.21865,484.502502,39346600
2024-10-24,488.222942,489.105927,485.574048,488.431305,22024900
2024-10-25,491.229022,496.328406,490.524608,491.407593,38762100
2024-10-28,494.522766,494.582289,491.18932,491.486938,20477800
2024-10-29,491.804449,497.389984,489.949224,496.209381,28014100
2024-10-30,495.445463,496.397872,491.973109,492.459229,29756000
2024-10-31,488.490821,488.540414,479.928982,480.028198,41245200
2024-11-01,481.665177,486.873709,481.367559,483.579926,33655800
2024-11-04,482.974773,485.51455,480.425065,482.171173,23291600
2024-11-05,483.758502,488.986895,483.669217,488.322174,24353600
2024-11-06,496.60618,502.409978,495.653771,501.586517,43082200
2024-11-07,504.384228,510.267411,504.324704,509.483612,32853100
2024-11-08,508.987601,510.852756,508.362573,510.078949,22924500
2024-11-11,511.299194,511.507557,506.884362,509.781311,24167500
2024-11-12,509.711835,510.594759,505.802923,508.858582,25835300
2024-11-13,508.352697,510.912274,505.922037,508.203857,24567400
2024-11-14,507.866564,508.739588,503.759251,504.671997,28679500
2024-11-15,498.967416,499.35432,490.584148,492.647736,51461100
2024-11-18,494.195409,498.173745,492.806474,496.070465,27080800
2024-11-19,493.491037,499.969457,493.153696,499.483307,24523000
2024-11-20,499.185687,499.503167,492.637812,499.195618,29565500
2024-11-21,502.241329,502.955644,493.629898,500.991302,34526700
2024-11-22,500.435718,502.529037,498.808657,501.794891,23826600
2024-11-25,505.872415,507.41019,500.276979,502.588562,26375200
2024-11-26,504.066753,506.110509,503.223491,505.287048,26557100
2024-11-27,504.156072,504.225496,497.96534,501.308716,24957400
2024-11-29,501.933781,506.308951,501.318683,505.713684,15334000
2024-12-02,506.973687,512.182218,506.586753,511.219849,25147200
2024-12-03,509.890435,513.065171,509.314999,512.787354,18597900
2024-12-04,516.210112,519.384848,515.495768,519.126892,26086200
2024-12-05,519.176506,519.900721,517.30142,517.688354,18169600
2024-12-06,518.353067,522.559567,518.224089,522.321472,23762600
2024-12-09,521.398728,522.192397,517.102913,518.253784,20674400
2024-12-10,519.48408,521.230188,515.059287,516.487915,24350000
2024-12-11,520.853071,526.418744,520.446337,525.734192,32168600
2024-12-12,523.511981,524.781899,521.865119,522.341309,23577500
2024-12-13,526.270023,528.958579,523.134949,526.339478,28780400
2024-12-16,528.869367,534.891429,528.789982,533.919128,31979900
2024-12-17,532.123384,533.234533,529.911018,531.56781,28579100
2024-12-18,530.922944,532.63926,510.942013,512.390442,54703200
2024-12-19,517.073243,517.638748,509.771393,510.108673,46441800
2024-12-20,506.408189,520.67461,505.267278,514.563232,60530000
2024-12-23,516.277322,519.954027,512.878881,519.576416,29672800
2024-12-24,521.524135,526.711225,520.888152,526.621826,17558200
2024-12-26,524.992193,527.893784,522.994844,526.264099,19090500
2024-12-27,522.696713,523.133944,514.598025,519.268433,33839600
2024-12-30,512.262837,516.088562,508.605994,512.362183,34584000
2024-12-31,513.644094,514.399256,507.045905,508.009796,29117000
2025-01-02,511.060423,513.38571,502.524535,507.016083,36389800
2025-01-03,510.116379,516.376744,509.301598,515.313477,29059500
2025-01-06,520.719218,524.594615,518.741762,521.235901,36109700
2025-01-07,522.279306,522.67675,510.04685,511.934845,36690300
2025-01-08,511.835547,513.663923,507.353946,512.024353,30777800
2025-01-10,508.258194,508.35754,500.745817,503.995209,40532500
2025-01-13,498.042966,502.832582,496.552415,502.375488,31694200
2025-01-14,505.535448,506.946517,498.430492,501.898499,33737200
2025-01-15,509.798447,514.588032,508.238299,513.445312,34957600
2025-01-16,515.710944,515.790457,509.718959,509.848145,28229000
2025-01-17,519.556546,520.768893,509.877908,518.453552,51837900
2025-01-21,521.176332,522.656937,516.78419,521.494324,23628000
2025-01-22,526.234266,530.457495,525.926221,528.162048,33593000
2025-01-23,525.707552,529.404151,525.121303,529.284912,23096600
2025-01-24,529.662484,530.427592,524.823165,526.293823,19878300
2025-01-27,507.781237,514.727197,506.936585,510.971039,60771700
2025-01-28,511.974616,519.705639,508.556312,518.523132,33194200
2025-01-29,519.169115,519.298301,513.644139,517.549377,26649000
2025-01-30,520.411187,522.786086,514.945831,519.75531,27431300
2025-01-31,523.600901,528.171962,517.907014,519.000061,38755200
2025-02-03,510.235588,517.569105,507.830848,514.846375,40580800
2025-02-04,515.363201,521.802365,514.965697,521.166382,26046800
2025-02-05,518.533148,523.690459,517.340694,523.531433,21134100
2025-02-06,524.038218,526.472798,522.428427,526.264099,19434500
2025-02-07,526.800651,528.748266,518.900716,519.626099,29605500
2025-02-10,523.898957,527.019192,523.431946,525.916199,20852800
2025-02-11,522.647003,526.58202,522.517817,524.664185,19325500
2025-02-12,519.010023,525.856637,518.662252,524.972229,25009400
2025-02-13,526.6416,532.842284,525.856598,532.524353,28714800
2025-02-14,532.633719,535.44591,532.295834,534.760254,17862600
2025-02-18,536.330191,536.59851,532.663432,535.972473,20565000
2025-02-19,535.177615,537.403496,533.08092,536.121643,19666900
2025-02-20,535.336499,535.704163,529.106035,533.845947,26550800
2025-02-21,534.988683,535.008576,522.39851,522.766174,47093800
2025-02-24,524.554892,525.737398,516.257513,516.595337,39268400
2025-02-25,515.969302,516.048815,506.231044,510.086609,48940000
2025-02-26,512.282678,516.386607,508.148848,511.318756,34457600
2025-02-27,514.86629,515.800371,496.900159,497.118774,52448000
2025-02-28,496.979691,505.575198,493.799835,504.969055,47654000
2025-03-03,508.297922,509.808337,490.470924,493.919067,44587200
2025-03-04,491.067162,500.566942,484.667725,492.428528,67875400
2025-03-05,493.074409,500.457599,488.165524,498.847809,46323700
2025-03-06,490.580256,495.439438,483.137445,485.124847,57574300
2025-03-07,484.09139,490.172835,477.503147,488.69223,54714700
2025-03-10,480.404796,480.92151,465.707949,469.752319,76668000
2025-03-11,469.37467,475.79397,464.068311,468.629395,68760800
2025-03-12,476.141805,478.029831,468.818233,473.915924,46971100
2025-03-13,473.250071,473.27988,463.49192,465.389893,46563300
2025-03-14,470.745971,477.532936,470.139798,476.638611,43563000
2025-03-17,476.588905,482.779673,474.790309,479.729004,41744400
2025-03-18,476.390223,476.588945,469.434315,471.550903,39072300
2025-03-19,473.806553,482.272875,471.878771,477.86087,40430300
2025-03-20,473.876106,481.497775,473.180504,476.241119,36780500
2025-03-21,471.093759,478.576327,469.931146,477.811188,42234900
2025-03-24,485.3905,489.142359,482.066593,488.296448,34567200
2025-03-25,489.022911,491.242149,488.057582,491.082916,26035200
2025-03-26,489.928523,490.784396,480.494209,482.046692,34627100
2025-03-27,480.086191,484.236087,477.936592,479.299988,33469800
2025-03-28,477.498694,478.205265,465.795333,466.681061,46363800
2025-03-31,459.694913,467.596638,455.126997,466.661194,53000300
2025-04-01,465.048962,471.348486,462.18286,470.422974,41156200
2025-04-02,463.87464,477.249901,463.615883,473.856323,49894500
2025-04-03,454.241292,457.853811,447.971652,448.489136,70456300
2025-04-04,436.029453,438.248691,420.633972,420.633972,117088400
2025-04-07,406.69145,441.005368,400.451664,421.649048,161557000
2025-04-08,436.049302,441.005323,407.81597,414.055756,101248100
2025-04-09,413.568154,465.57639,413.428813,463.755219,142876900
2025-04-10,451.375155,453.395375,430.545984,444.030701,108384100
2025-04-11,442.508087,453.594439,439.204072,452.211121,52483800
2025-04-14,462.222664,462.809818,450.449663,455.276306,43941200
2025-04-15,456.331182,460.152681,453.952681,455.783813,35404200
2025-04-16,446.866957,450.439659,435.651257,442.040314,48980600
2025-04-17,445.015943,445.593135,439.233902,441.960724,44837000
2025-04-21,436.118982,436.964863,425.868581,431.023621,44149300
2025-04-22,436.706159,445.42394,435.511927,442.338898,52304400
2025-04-23,455.962957,461.147851,450.698431,452.370331,55801100
2025-04-24,454.281062,465.407198,453.634168,465.098694,45956100
2025-04-25,464.720531,470.811046,463.148156,470.2836,38697100
2025-04-28,470.751347,472.522771,463.785067,470.134338,33550800
2025-04-29,467.905183,474.125077,467.32796,473.239349,30613100
2025-04-30,464.879775,474.901273,460.202403,473.179596,46810600
2025-05-01,481.081327,484.833155,478.424175,479.35965,43316500
2025-05-02,484.196303,488.545248,482.494519,486.47525,39218100
2025-05-05,482.265623,486.674276,481.768032,483.589203,28309500
2025-05-06,477.249939,482.713484,475.886544,479.091034,32786300
2025-05-07,479.757769,483.459851,474.483312,480.971893,38006300
2025-05-08,486.17667,490.326596,481.837687,485.937836,39577600
2025-05-09,487.848585,489.172195,483.857922,485.619385,27767400
2025-05-12,504.547752,505.443441,499.064315,505.403625,45090600
2025-05-13,506.707275,514.89764,505.970849,513.106323,53269600
2025-05-14,514.280746,516.728857,513.26564,516.181519,47014500
2025-05-15,514.031888,519.415801,512.688355,516.748718,50153300
2025-05-16,518.151861,519.18689,514.609012,518.997803,48394600
2025-05-19,511.762892,520.012998,511.762892,519.495483,52536200
2025-05-20,516.96766,518.420649,514.171198,517.763855,42517600
2025-05-21,513.783116,520.480678,508.777317,510.568634,71292800
2025-05-22,511.185659,515.216199,509.832225,511.524048,55607200
2025-05-23,503.741669,509.374408,503.144553,506.786926,58368100
2025-05-27,513.663644,519.196858,512.111161,518.709167,47226300
2025-05-28,519.664607,521.157381,515.892886,516.410339,46637200
2025-05-29,523.794671,523.943912,514.828063,517.425476,58513300
2025-05-30,516.937863,518.171881,509.464029,516.609436,67662800
2025-06-02,514.748423,520.928531,513.484522,520.689697,44762800
2025-06-03,521.037974,526.193015,520.17217,524.759949,44070300
2025-06-04,525.466552,527.287753,523.43634,526.2229,41359300
2025-06-05,527.626074,530.482245,520.142279,522.262024,61031200
2025-06-06,527.446941,529.238258,525.665586,527.36731,42467000
2025-06-09,527.586255,529.78557,526.461693,528.143555,33688700
2025-06-10,528.611324,532.323397,526.342338,531.636719,40664800
2025-06-11,533.039835,534.194281,527.556367,529.845276,53701000
2025-06-12,528.531728,532.064615,528.282932,531.089294,34104900
2025-06-13,525.138133,529.307952,523.197515,524.421631,55814400
2025-06-16,527.944526,532.791062,527.894779,531.716248,37622100
2025-06-17,529.148647,530.760838,525.366903,526.531311,42180900
2025-06-18,527.54635,529.98456,524.859405,526.441711,43983500
2025-06-20,529.696072,530.989798,522.351617,524.292236,61643500
2025-06-23,524.861106,530.201262,521.712823,529.683228,50666100
2025-06-24,534.903819,538.699722,534.286117,537.783142,45442000
2025-06-25,540.054654,541.300029,537.384576,539.157959,44804200
2025-06-26,541.339841,544.647566,539.516655,544.199219,43811400
2025-06-27,545.235431,547.955312,542.525462,546.062378,57577100
2025-06-30,549.220583,550.754864,546.978907,549.599182,45548700
2025-07-01,547.696284,548.6727,542.645033,544.966431,56166700
2025-07-02,544.13948,548.961601,544.09965,548.762329,36538300
2025-07-03,551.133561,555.138708,551.133561,554.162292,26443500
2025-07-07,551.472271,552.289245,547.546845,549.987793,45349300
2025-07-08,551.332823,551.960497,549.061228,550.296692,36153300
2025-07-09,552.428667,555.567038,551.053768,554.192139,43045500
2025-07-10,554.829817,555.238273,550.705118,553.395142,34710900
2025-07-11,551.253146,553.733925,550.007771,552.149841,39618600
2025-07-14,551.940525,554.889596,549.58927,554.152344,36453300
2025-07-15,558.177432,558.725385,554.600686,554.660461,43277700
2025-07-16,555.218421,558.137574,549.51955,555.228333,52314700
2025-07-17,555.955695,560.229803,555.148694,559.72168,40423800
2025-07-18,561.036759,562.640788,557.908361,559.183655,50484700
2025-07-21,560.010624,563.965908,559.980706,562.082886,39595200
2025-07-22,562.212349,562.262152,556.543397,559.173645,43270600
2025-07-23,560.25965,561.764012,557.50985,561.724182,40215300
2025-07-24,563.039351,564.14523,561.206131,562.9198,42275500
2025-07-25,562.840105,565.599877,562.182573,564.27478,30630800
2025-07-28,565.639602,566.934781,564.772826,566.038147,31498700
2025-07-29,568.64849,569.993471,564.434158,565.161438,45463300
2025-07-30,566.078083,568.509058,562.959657,565.918701,43433800
2025-07-31,572.414513,572.504207,561.784003,562.9198,64613600
2025-08-01,556.762632,556.951932,549.639059,551.830933,69400800
2025-08-04,556.981817,562.23234,556.882211,562.013123,47669800
2025-08-05,563.298381,564.464035,557.659285,558.197327,48666600
2025-08-06,559.034204,565.659627,558.555999,565.221252,41823700
2025-08-07,569.555158,571.199079,563.019429,567.134155,44463000
2025-08-08,568.339691,572.643717,568.040813,572.4245,35255500
2025-08-11,572.563933,574.666112,569.45548,570.730713,33112900
2025-08-12,573.03219,578.202992,570.372084,577.904114,42143300
2025-08-13,580.604146,581.162072,576.79827,578.193115,41209300
2025-08-14,576.140722,579.727379,575.772035,577.744751,45425000
2025-08-15,577.655084,577.694975,573.440752,575.204224,49480200
2025-08-18,574.307471,575.632568,573.111898,574.974976,29831000
2025-08-19,574.257694,574.427048,566.147792,567.174011,53752600
2025-08-20,566.22746,566.347012,556.772579,563.806458,76781100
2025-08-21,562.262216,564.394314,558.904688,561.196228,46436900
2025-08-22,562.581022,571.866551,561.186238,569.854004,51502100
2025-08-25,568.289865,571.169128,567.054401,568.210144,34044700
2025-08-26,567.721954,570.800489,566.695736,570.491638,34103000
2025-08-27,569.475474,572.284988,568.259955,571.368408,36927100
2025-08-28,571.986085,575.861709,570.342226,574.945129,46787900
2025-08-29,572.534107,572.902794,566.436752,568.289917,56030400
2025-09-02,559.233413,563.876147,557.469942,563.527466,65876800
2025-09-03,567.12414,569.585034,564.633389,567.96106,54230200
2025-09-04,568.628549,573.470555,566.924914,573.101929,47526300
2025-09-05,578.342498,578.970172,569.415684,573.928894,68342500
2025-09-08,576.230365,578.691259,575.632609,576.728516,46371400
2025-09-09,577.525508,578.790829,574.905232,578.362427,44007600
2025-09-10,581.580428,581.610347,576.409626,578.551697,49308000
2025-09-11,581.082331,582.716279,579.468329,581.91925,44745800
2025-09-12,582.875683,585.685258,581.939158,584.489685,50745900
2025-09-15,586.263085,589.600667,586.113615,589.491089,44360300
2025-09-16,590.417622,590.666697,588.30547,588.99292,36942100
2025-09-17,588.913289,589.560909,582.208205,587.817383,69384800
2025-09-18,592.709158,595.927251,590.766421,593.117676,61069300
2025-09-19,595.120205,597.830113,593.645639,597.13269,58196100
2025-09-22,596.219051,601.336003,596.199082,600.667725,57154800
2025-09-23,600.83729,601.036793,595.46099,596.677917,64635500
2025-09-24,598.054439,598.373632,591.850233,594.583252,49850300
2025-09-25,590.693203,593.605757,587.002606,592.019836,70920200
2025-09-26,592.837679,594.78273,589.556072,594.453552,54337400
2025-09-29,597.585581,600.518103,595.889894,597.206543,48332900
2025-09-30,596.907341,599.181569,594.583252,598.842407,46533800
2025-10-01,595.65048,602.253631,594.822636,601.715027,46899600
2025-10-02,605.515354,605.615075,601.395857,604.188721,43765400
2025-10-03,604.966808,605.784729,599.85984,601.645264,46482100
2025-10-06,606.901804,607.809461,604.428073,606.163696,41962100
2025-10-07,607.470397,608.158644,601.495648,602.971863,58209500
2025-10-08,603.86953,610.193425,603.719948,609.884216,50629800
2025-10-09,609.924102,610.053776,605.93428,609.146118,45551000
2025-10-10,609.844362,611.619802,587.551194,588.000061,97614800
2025-10-13,598.154122,601.415821,595.710344,600.47821,65872600
2025-10-14,593.795297,601.156524,588.628484,596.478455,69203200
2025-10-15,602.473168,605.156326,594.413709,600.687683,62805500
2025-10-16,603.570347,606.762217,593.984813,598.463379,70982000
2025-10-17,596.428546,603.969307,594.852549,602.393311,72024900
2025-10-20,605.59518,611.240751,605.525351,609.983948,45761700
2025-10-21,610.08375,611.160958,607.769646,609.824402,44538200
2025-10-22,609.265796,609.854261,598.213972,603.949341,61478800
2025-10-23,603.370811,609.814396,602.98185,609.026428,42844300
2025-10-24,614.422624,616.846434,613.564827,615.529785,47632500
2025-10-27,622.930959,626.950673,622.442215,626.491882,54098600
2025-10-28,628.756086,633.065102,627.648925,631.30957,61195700
2025-10-29,633.972809,635.389179,628.64637,634.152344,67422800
2025-10-30,630.561454,631.888087,624.347326,624.457031,61628600
2025-10-31,632.556421,632.586374,625.095472,627.469421,66305100
2025-11-03,633.493938,634.202153,628.247313,630.47168,37154300
2025-11-04,621.694091,625.354736,616.886348,617.674316,63830800
2025-11-05,616.916302,625.005652,615.63959,621.694153,48688500
2025-11-06,620.207893,620.457257,608.747138,610.113647,72115100
2025-11-07,606.762183,608.398025,597.146697,608.188538,81835400
2025-11-10,617.345195,622.721495,615.320392,621.644226,55919900
2025-11-11,618.991009,621.135502,615.948781,619.988464,44868800
2025-11-12,623.250137,623.270045,616.237996,619.499695,47444400
2025-11-13,615.968687,616.547229,604.537886,606.85199,71333600
2025-11-14,598.024482,611.789357,595.650533,607.310791,80087300
2025-11-17,604.757321,610.921589,598.343689,602.124023,63850400
2025-11-18,598.094239,600.777396,589.835339,594.792664,83327300
2025-11-19,595.550765,604.617601,593.077095,598.343628,73111500
2025-11-20,610.063731,612.467633,583.262107,584.179749,117743200
2025-11-21,585.975183,595.460995,579.262326,588.568604,103344200
2025-11-24,593.765373,605.13633,593.645623,603.620178,60168100
2025-11-25,601.974443,608.707269,595.800191,607.340759,57560900
2025-11-26,610.9515,614.622129,608.836899,612.707031,42393600
2025-11-28,614.542292,617.744146,613.854045,617.674316,23034400
2025-12-01,612.068639,617.863853,610.961478,615.599609,40957600
2025-12-02,617.883782,622.162844,616.018546,620.417297,54541800
2025-12-03,618.043371,622.631642,616.457451,621.933472,47841600
2025-12-04,623.339907,623.349892,617.963607,621.35498,47067800
2025-12-05,622.791312,627.319738,622.123034,623.888489,53614200
2025-12-08,625.614066,627.239923,620.108092,622.691528,43462400
2025-12-09,621.424746,624.277454,619.419851,623.459534,37156000
2025-12-10,622.262619,627.609027,619.409911,626.013062,55031400
2025-12-11,622.23275,624.187785,616.148234,623.988281,58272800
2025-12-12,620.49715,621.953397,609.804396,612.058655,75158700
2025-12-15,616.796606,616.846466,607.769645,608.986511,49538200
2025-12-16,606.71231,611.948952,605.365709,610.19342,55152800
2025-12-17,611.5001,612.088626,598.75265,598.882263,70654300
2025-12-18,608.248366,611.370407,605.37569,607.56012,78875800
2025-12-19,610.392981,616.048537,610.313168,615.47998,60369800
2025-12-22,620.567496,620.867167,616.992048,618.430237,43703100
2025-12-23,617.421489,621.626148,617.002035,621.326538,41120400
2025-12-24,621.206728,623.493883,620.937048,623.144287,18468700
2025-12-26,623.873298,624.732261,622.355254,623.104309,28959800
2025-12-29,619.319085,621.995764,617.950815,620.088135,32458300
2025-12-30,619.05942,621.396439,618.440145,618.649902,31226800
2025-12-31,618.869679,619.179286,613.276695,613.536377,40746500
2026-01-02,619.279163,622.065628,609.38167,612.3479,61859200
2026-01-05,618.540073,620.028187,615.943311,617.211731,46828400
2026-01-06,618.450162,623.234169,617.761028,622.634888,43137500
2026-01-07,622.255385,627.149238,621.776009,623.234192,44880300
2026-01-08,622.245433,622.634896,617.021978,619.688599,50435900
2026-01-09,620.627388,627.099268,618.280372,625.86084,49688700
2026-01-12,621.526323,628.058065,621.476398,626.380188,37388700
2026-01-13,626.480087,628.677268,622.914576,625.451355,44481400
2026-01-14,621.45639,622.664888,613.786069,618.769775,72598700
2026-01-15,625.810886,629.206628,619.968277,620.997009,53934900
2026-01-16,624.712312,625.291599,618.100653,620.477661,61058100
2026-01-20,609.761172,614.285435,606.285513,607.29425,81988900
2026-01-21,608.702424,619.638646,607.094466,615.503906,79837900
2026-01-22,621.566235,621.676143,617.002044,619.978271,42254800
2026-01-23,618.949566,624.61247,617.87097,621.935791,43645800
2026-01-26,622.425197,626.819619,621.336543,624.672363,35983000
2026-01-27,628.117969,631.244032,626.55,630.335205,38997200
2026-01-28,634.659777,635.798295,631.014349,632.422546,50691700
2026-01-29,631.853306,632.87198,617.49141,628.637329,79944000
2026-01-30,624.922044,627.468821,618.520082,621.086853,65650700
2026-02-02,617.920868,627.698518,617.88088,625.351501,49020300
2026-02-03,627.508724,629.186601,610.190596,615.743591,81234000
2026-02-04,614.245528,614.325384,599.713802,604.987183,81850700
2026-02-05,599.454186,604.048369,594.011037,596.278198,89354500
2026-02-06,599.434155,610.639996,598.01596,608.882263,78019300
2026-02-09,606.774896,615.683706,604.308035,613.546387,56797600
2026-02-10,614.535142,616.243011,610.240569,610.699951,53938900
2026-02-11,615.603792,616.742371,606.924733,612.337891,58575100
2026-02-12,613.935894,615.034485,598.814946,599.883606,81378900
2026-02-13,599.673873,605.716242,595.668913,601.161987,69237500
2026-02-17,597.626419,603.189412,592.592788,600.542725,69013800
2026-02-18,601.351741,609.002129,599.963477,605.0271,64250700
2026-02-19,602.05088,605.057099,599.993477,602.710022,60960800
2026-02-20,599.364276,609.581374,598.475382,608.043335,74127300
2026-02-23,605.846051,607.244313,598.295575,600.652588,63859100
2026-02-24,601.64141,608.223077,598.974728,607.104492,55023700
2026-02-25,610.300461,616.053217,610.230542,615.903381,55710700
2026-02-26,614.814818,614.814818,603.219392,608.472778,96178900
2026-02-27,602.220638,607.55394,601.431654,606.525208,68125200
2026-03-02,598.105801,609.15187,597.236902,607.324219,75264600
2026-03-03,595.57906,603.199456,591.124655,600.822449,97015500
2026-03-04,603.399168,612.108219,602.670107,609.980896,70943900
2026-03-05,606.63508,611.988315,601.501539,608.143127,89602400
2026-03-06,599.553982,605.236819,597.576495,598.99469,86302300
2026-03-09,593.481639,608.502737,590.585327,606.994629,93068200
2026-03-10,607.014636,612.517646,604.657562,607.004639,64078900
2026-03-11,608.183167,611.658765,604.26812,606.924744,60114800
2026-03-12,602.000947,603.379214,596.298116,596.507874,71836600
2026-03-13,598.974731,602.839853,591.823775,592.97229,63145500
2026-03-16,599.284303,603.099499,598.355481,599.623901,49077200
2026-03-17,602.380463,605.136997,601.112043,602.550232,47106600
2026-03-18,600.732546,602.400426,593.81128,594.150879,56128000
2026-03-19,588.767604,595.049661,586.340672,592.273193,75597600
2026-03-20,590.315631,590.425478,577.811379,581.326965,91964700
2026-03-23,590.52002,595.080017,585.960022,588.0,89936100
2026-03-24,584.809998,587.929993,581.929993,583.97998,57750900
2026-03-25,589.140015,591.369995,585.690002,587.820007,60475500
2026-03-26,582.599976,584.630005,573.429993,573.789978,81492100
2026-03-27,570.809998,571.02002,561.570007,562.580017,82702200
2026-03-30,567.380005,568.049988,555.599976,558.280029,70602600
2026-03-31,564.289978,578.640015,564.210022,577.179993,95878000
2026-04-01,581.47998,587.73999,580.419983,584.309998,79435100
2026-04-02,573.969971,586.049988,571.919983,584.97998,50941700
2026-04-06,586.22998,590.609985,584.690002,588.5,35108500
2026-04-07,585.640015,588.97998,578.400024,588.590027,49948200
2026-04-08,608.710022,609.900024,602.119995,606.090027,63086000
2026-04-09,605.929993,610.5,603.030029,610.190002,37837500
2026-04-10,611.840027,613.669983,609.580017,611.070007,34038500
2026-04-13,609.47998,626.73999,608.109985,617.390015,32972100
2026-04-14,620.219971,628.599976,620.099976,628.599976,49921100
2026-04-15,629.080017,637.830017,628.200012,637.400024,50102400
2026-04-16,639.210022,642.179993,635.26001,640.469971,42320600
2026-04-17,645.590027,650.0,644.070007,648.849976,53488900
2026-04-20,648.039978,648.76001,642.52002,646.789978,37138500
2026-04-21,648.409973,650.200012,642.210022,644.330017,39580500
2026-04-22,650.150024,655.330017,648.52002,655.109985,37368400
2026-04-23,653.549988,656.919983,645.52002,651.419983,40099800
2026-04-24,658.51001,664.51001,656.530029,663.880005,45563100
2026-04-27,663.400024,664.429993,660.690002,664.22998,32717000
2026-04-28,657.409973,659.640015,653.809998,657.549988,34147900
2026-04-29,658.630005,661.719971,656.590027,661.570007,31724900
2026-04-30,665.349976,668.900024,657.559998,667.73999,40622200
2026-05-01,669.159973,675.969971,668.799988,674.150024,39172600
2026-05-04,674.659973,676.72998,668.900024,672.880005,34542000
2026-05-05,677.960022,682.77002,677.51001,681.609985,37101100
2026-05-06,687.780029,695.929993,686.47998,695.77002,38778500
2026-05-07,696.580017,701.23999,691.77002,694.940002,43779100
2026-05-08,699.919983,711.22998,699.5,711.22998,44320400
2026-05-11,710.359985,714.590027,708.909973,713.289978,36019100
2026-05-12,708.219971,710.179993,696.640015,707.23999,45873000
2026-05-13,709.960022,716.650024,704.830017,714.710022,40012500
2026-05-14,714.619995,722.030029,714.219971,719.789978,33327500
2026-05-15,710.140015,715.130005,705.549988,708.929993,51792700
2026-05-18,711.539978,712.070007,698.849976,705.880005,49834500
2026-05-19,699.809998,706.48999,695.25,701.530029,46827500
2026-05-20,705.289978,713.150024,703.789978,713.150024,36779200
2026-05-21,708.98999,717.119995,706.77002,714.51001,36415400
2026-05-22,718.070007,722.119995,715.950012,717.539978,33118600
2026-05-26,725.960022,731.169983,724.159973,730.280029,34254700
2026-05-27,732.960022,733.320007,725.440002,729.450012,35148700
2026-05-28,729.72998,736.599976,726.409973,735.599976,32840000
2026-05-29,737.840027,741.630005,735.25,738.309998,37541700
2026-06-01,737.039978,745.650024,735.98999,742.73999,33890600
2026-06-02,742.400024,746.440002,739.22998,746.159973,30085200
2026-06-03,747.309998,748.650024,741.01001,744.210022,40270200
2026-06-04,735.47998,743.5,732.619995,740.609985,40782600
2026-06-05,730.059998,731.690002,704.320007,705.059998,99178800
